-- Generated by Craft v2.6.2994 on Nov 7, 2017, 10:59:35 PM.

--
-- Disable foreign key checks and autocommit.
--

SET FOREIGN_KEY_CHECKS = 0;
SET SQL_MODE = "NO_AUTO_VALUE_ON_ZERO";
SET AUTOCOMMIT = 0;
SET NAMES utf8;


DROP TABLE IF EXISTS `craft_assetfiles`;


--
-- Schema for table `craft_assetfiles`
--
CREATE TABLE `craft_assetfiles` (
  `id` int(11) NOT NULL,
  `sourceId` int(11) DEFAULT NULL,
  `folderId` int(11) NOT NULL,
  `filename` varchar(255) COLLATE utf8_unicode_ci NOT NULL,
  `kind` varchar(50) COLLATE utf8_unicode_ci NOT NULL DEFAULT 'unknown',
  `width` int(11) unsigned DEFAULT NULL,
  `height` int(11) unsigned DEFAULT NULL,
  `size` bigint(20) unsigned DEFAULT NULL,
  `dateModified` datetime DEFAULT NULL,
  `dateCreated` datetime NOT NULL,
  `dateUpdated` datetime NOT NULL,
  `uid` char(36) COLLATE utf8_unicode_ci NOT NULL DEFAULT '0',
  PRIMARY KEY (`id`),
  UNIQUE KEY `craft_assetfiles_filename_folderId_unq_idx` (`filename`,`folderId`),
  KEY `craft_assetfiles_sourceId_fk` (`sourceId`),
  KEY `craft_assetfiles_folderId_fk` (`folderId`)
) ENGINE=InnoDB DEFAULT CHARSET=utf8 COLLATE=utf8_unicode_ci;

--
-- Data for table `craft_assetfiles`
--

INSERT INTO `craft_assetfiles` (`id`, `sourceId`, `folderId`, `filename`, `kind`, `width`, `height`, `size`, `dateModified`, `dateCreated`, `dateUpdated`, `uid`) VALUES
 ('37', '2', '4', '5627084.png', 'image', '1000', '235', '107187', '2017-09-20 17:11:18', '2017-09-20 19:23:40', '2017-09-20 19:23:40', '68872fcd-1252-486e-8602-6ecc10d05349'),
 ('38', '2', '4', 'mamnoonstfbicon.svg', 'image', '33', '33', '562', '2017-08-21 19:43:04', '2017-09-20 19:23:40', '2017-09-20 19:23:40', 'ede10c6a-7ad4-430c-b20e-700419d30a80'),
 ('39', '2', '4', 'logo.png', 'image', '1000', '235', '107187', '2017-08-21 20:17:12', '2017-09-20 19:23:41', '2017-09-20 19:23:41', '669baa74-b660-4cf4-8341-c94e4eb26e10'),
 ('40', '2', '4', 'mamnoonstinstaicon.svg', 'image', '33', '33', '1147', '2017-08-21 19:42:32', '2017-09-20 19:23:41', '2017-09-20 19:23:41', '4baa6200-b116-4b65-89e5-0f8d3fa778a0'),
 ('41', '2', '4', 'mamnoonsttwitter.svg', 'image', '33', '33', '826', '2017-08-21 19:42:49', '2017-09-20 19:23:41', '2017-09-20 19:23:41', '8cc83306-ef9b-4b96-9ec5-85cba89f4eac'),
 ('42', '2', '2', 'zaatar.jpg', 'image', '598', '399', '229277', '2017-09-20 17:58:45', '2017-09-20 19:23:41', '2017-09-20 19:23:41', '4224c8b6-c5dc-43f4-8c4d-50aa58a9fe56'),
 ('43', '2', '2', 'zaatar1.jpg', 'image', '598', '399', '229287', '2017-09-20 17:59:21', '2017-09-20 19:23:41', '2017-09-20 19:23:41', 'd7162db1-9855-4367-bce4-2ce523e44759'),
 ('44', '2', '2', 'zaatar3.jpg', 'image', '598', '399', '140459', '2017-09-20 17:59:06', '2017-09-20 19:23:41', '2017-09-20 19:23:42', 'f7f8206b-c777-43e7-bcdd-49533ec2fcc6'),
 ('45', '2', '2', 'zaatar4.jpg', 'image', '598', '399', '151327', '2017-09-20 17:59:29', '2017-09-20 19:23:42', '2017-09-20 19:23:42', '41edaabc-9375-4baa-835e-b8d4628dd765'),
 ('46', '2', '2', 'mamnoonstfbicon.svg', 'image', '33', '33', '562', '2017-09-20 19:24:57', '2017-09-20 19:24:57', '2017-09-20 19:24:57', 'bac9879c-b41a-41d1-8d93-29261ede3098'),
 ('47', '2', '2', 'mamnoonsttwitter.svg', 'image', '33', '33', '826', '2017-09-20 19:25:01', '2017-09-20 19:25:02', '2017-09-20 19:25:02', '03bbb695-c486-49fb-bbb3-8d970fee0ecd'),
 ('48', '2', '2', 'mamnoonstinstaicon.svg', 'image', '33', '33', '1147', '2017-09-20 19:25:02', '2017-09-20 19:25:02', '2017-09-20 19:25:02', 'd59b69b8-a3eb-458c-8e41-6107d60736d7');



DROP TABLE IF EXISTS `craft_assetfolders`;


--
-- Schema for table `craft_assetfolders`
--
CREATE TABLE `craft_assetfolders` (
  `id` int(11) NOT NULL AUTO_INCREMENT,
  `parentId` int(11) DEFAULT NULL,
  `sourceId` int(11) DEFAULT NULL,
  `name` varchar(255) COLLATE utf8_unicode_ci NOT NULL,
  `path` varchar(255) COLLATE utf8_unicode_ci DEFAULT NULL,
  `dateCreated` datetime NOT NULL,
  `dateUpdated` datetime NOT NULL,
  `uid` char(36) COLLATE utf8_unicode_ci NOT NULL DEFAULT '0',
  PRIMARY KEY (`id`),
  UNIQUE KEY `craft_assetfolders_name_parentId_sourceId_unq_idx` (`name`,`parentId`,`sourceId`),
  KEY `craft_assetfolders_parentId_fk` (`parentId`),
  KEY `craft_assetfolders_sourceId_fk` (`sourceId`)
) ENGINE=InnoDB AUTO_INCREMENT=5 DEFAULT CHARSET=utf8 COLLATE=utf8_unicode_ci;

--
-- Data for table `craft_assetfolders`
--

INSERT INTO `craft_assetfolders` (`id`, `parentId`, `sourceId`, `name`, `path`, `dateCreated`, `dateUpdated`, `uid`) VALUES
 ('2', NULL, '2', 'images', '', '2017-08-21 20:01:06', '2017-08-21 20:01:06', '5c84fe7e-1dc0-4e87-80e8-e894b3a18ac1'),
 ('4', '2', '2', 'social', 'social/', '2017-09-20 19:23:40', '2017-09-20 19:23:40', '96de2ccf-6850-45aa-b139-59d319a60572');



DROP TABLE IF EXISTS `craft_assetindexdata`;


--
-- Schema for table `craft_assetindexdata`
--
CREATE TABLE `craft_assetindexdata` (
  `id` int(11) NOT NULL AUTO_INCREMENT,
  `sessionId` varchar(36) COLLATE utf8_unicode_ci NOT NULL DEFAULT '',
  `sourceId` int(10) NOT NULL,
  `offset` int(10) NOT NULL,
  `uri` varchar(255) COLLATE utf8_unicode_ci DEFAULT NULL,
  `size` varchar(255) COLLATE utf8_unicode_ci DEFAULT NULL,
  `recordId` int(10) DEFAULT NULL,
  `dateCreated` datetime NOT NULL,
  `dateUpdated` datetime NOT NULL,
  `uid` char(36) COLLATE utf8_unicode_ci NOT NULL DEFAULT '0',
  PRIMARY KEY (`id`),
  UNIQUE KEY `craft_assetindexdata_sessionId_sourceId_offset_unq_idx` (`sessionId`,`sourceId`,`offset`),
  KEY `craft_assetindexdata_sourceId_fk` (`sourceId`)
) ENGINE=InnoDB DEFAULT CHARSET=utf8 COLLATE=utf8_unicode_ci;

DROP TABLE IF EXISTS `craft_assetsources`;


--
-- Schema for table `craft_assetsources`
--
CREATE TABLE `craft_assetsources` (
  `id` int(11) NOT NULL AUTO_INCREMENT,
  `name` varchar(255) COLLATE utf8_unicode_ci NOT NULL,
  `handle` varchar(255) COLLATE utf8_unicode_ci NOT NULL,
  `type` varchar(150) COLLATE utf8_unicode_ci NOT NULL,
  `settings` text COLLATE utf8_unicode_ci,
  `sortOrder` smallint(6) unsigned DEFAULT NULL,
  `fieldLayoutId` int(10) DEFAULT NULL,
  `dateCreated` datetime NOT NULL,
  `dateUpdated` datetime NOT NULL,
  `uid` char(36) COLLATE utf8_unicode_ci NOT NULL DEFAULT '0',
  PRIMARY KEY (`id`),
  UNIQUE KEY `craft_assetsources_name_unq_idx` (`name`),
  UNIQUE KEY `craft_assetsources_handle_unq_idx` (`handle`),
  KEY `craft_assetsources_fieldLayoutId_fk` (`fieldLayoutId`)
) ENGINE=InnoDB AUTO_INCREMENT=3 DEFAULT CHARSET=utf8 COLLATE=utf8_unicode_ci;

--
-- Data for table `craft_assetsources`
--

INSERT INTO `craft_assetsources` (`id`, `name`, `handle`, `type`, `settings`, `sortOrder`, `fieldLayoutId`, `dateCreated`, `dateUpdated`, `uid`) VALUES
 ('2', 'images', 'images', 'Local', '{\"path\":\"assets\\/img\\/\",\"publicURLs\":\"1\",\"url\":\"\\/assets\\/img\\/\"}', '2', '48', '2017-08-21 20:01:06', '2017-09-20 19:21:33', '30f51871-75da-436e-a3a8-201c541b416e');



DROP TABLE IF EXISTS `craft_assettransformindex`;


--
-- Schema for table `craft_assettransformindex`
--
CREATE TABLE `craft_assettransformindex` (
  `id` int(11) NOT NULL AUTO_INCREMENT,
  `fileId` int(11) NOT NULL,
  `filename` varchar(255) COLLATE utf8_unicode_ci DEFAULT NULL,
  `format` varchar(255) COLLATE utf8_unicode_ci DEFAULT NULL,
  `location` varchar(255) COLLATE utf8_unicode_ci NOT NULL,
  `sourceId` int(11) DEFAULT NULL,
  `fileExists` tinyint(1) DEFAULT NULL,
  `inProgress` tinyint(1) DEFAULT NULL,
  `dateIndexed` datetime DEFAULT NULL,
  `dateCreated` datetime NOT NULL,
  `dateUpdated` datetime NOT NULL,
  `uid` char(36) COLLATE utf8_unicode_ci NOT NULL DEFAULT '0',
  PRIMARY KEY (`id`),
  KEY `craft_assettransformindex_sourceId_fileId_location_idx` (`sourceId`,`fileId`,`location`)
) ENGINE=InnoDB DEFAULT CHARSET=utf8 COLLATE=utf8_unicode_ci;

DROP TABLE IF EXISTS `craft_assettransforms`;


--
-- Schema for table `craft_assettransforms`
--
CREATE TABLE `craft_assettransforms` (
  `id` int(11) NOT NULL AUTO_INCREMENT,
  `name` varchar(255) COLLATE utf8_unicode_ci NOT NULL,
  `handle` varchar(255) COLLATE utf8_unicode_ci NOT NULL,
  `mode` enum('stretch','fit','crop') COLLATE utf8_unicode_ci NOT NULL DEFAULT 'crop',
  `position` enum('top-left','top-center','top-right','center-left','center-center','center-right','bottom-left','bottom-center','bottom-right') COLLATE utf8_unicode_ci NOT NULL DEFAULT 'center-center',
  `height` int(10) DEFAULT NULL,
  `width` int(10) DEFAULT NULL,
  `format` varchar(255) COLLATE utf8_unicode_ci DEFAULT NULL,
  `quality` int(10) DEFAULT NULL,
  `dimensionChangeTime` datetime DEFAULT NULL,
  `dateCreated` datetime NOT NULL,
  `dateUpdated` datetime NOT NULL,
  `uid` char(36) COLLATE utf8_unicode_ci NOT NULL DEFAULT '0',
  PRIMARY KEY (`id`),
  UNIQUE KEY `craft_assettransforms_name_unq_idx` (`name`),
  UNIQUE KEY `craft_assettransforms_handle_unq_idx` (`handle`)
) ENGINE=InnoDB DEFAULT CHARSET=utf8 COLLATE=utf8_unicode_ci;

DROP TABLE IF EXISTS `craft_categories`;


--
-- Schema for table `craft_categories`
--
CREATE TABLE `craft_categories` (
  `id` int(11) NOT NULL,
  `groupId` int(11) NOT NULL,
  `dateCreated` datetime NOT NULL,
  `dateUpdated` datetime NOT NULL,
  `uid` char(36) COLLATE utf8_unicode_ci NOT NULL DEFAULT '0',
  PRIMARY KEY (`id`),
  KEY `craft_categories_groupId_fk` (`groupId`)
) ENGINE=InnoDB DEFAULT CHARSET=utf8 COLLATE=utf8_unicode_ci;

DROP TABLE IF EXISTS `craft_categorygroups`;


--
-- Schema for table `craft_categorygroups`
--
CREATE TABLE `craft_categorygroups` (
  `id` int(11) NOT NULL AUTO_INCREMENT,
  `structureId` int(11) NOT NULL,
  `fieldLayoutId` int(11) DEFAULT NULL,
  `name` varchar(255) COLLATE utf8_unicode_ci NOT NULL,
  `handle` varchar(255) COLLATE utf8_unicode_ci NOT NULL,
  `hasUrls` tinyint(1) unsigned NOT NULL DEFAULT '1',
  `template` varchar(500) COLLATE utf8_unicode_ci DEFAULT NULL,
  `dateCreated` datetime NOT NULL,
  `dateUpdated` datetime NOT NULL,
  `uid` char(36) COLLATE utf8_unicode_ci NOT NULL DEFAULT '0',
  PRIMARY KEY (`id`),
  UNIQUE KEY `craft_categorygroups_name_unq_idx` (`name`),
  UNIQUE KEY `craft_categorygroups_handle_unq_idx` (`handle`),
  KEY `craft_categorygroups_structureId_fk` (`structureId`),
  KEY `craft_categorygroups_fieldLayoutId_fk` (`fieldLayoutId`)
) ENGINE=InnoDB DEFAULT CHARSET=utf8 COLLATE=utf8_unicode_ci;

DROP TABLE IF EXISTS `craft_categorygroups_i18n`;


--
-- Schema for table `craft_categorygroups_i18n`
--
CREATE TABLE `craft_categorygroups_i18n` (
  `id` int(11) NOT NULL AUTO_INCREMENT,
  `groupId` int(11) NOT NULL,
  `locale` char(12) COLLATE utf8_unicode_ci NOT NULL,
  `urlFormat` text COLLATE utf8_unicode_ci,
  `nestedUrlFormat` text COLLATE utf8_unicode_ci,
  `dateCreated` datetime NOT NULL,
  `dateUpdated` datetime NOT NULL,
  `uid` char(36) COLLATE utf8_unicode_ci NOT NULL DEFAULT '0',
  PRIMARY KEY (`id`),
  UNIQUE KEY `craft_categorygroups_i18n_groupId_locale_unq_idx` (`groupId`,`locale`),
  KEY `craft_categorygroups_i18n_locale_fk` (`locale`)
) ENGINE=InnoDB DEFAULT CHARSET=utf8 COLLATE=utf8_unicode_ci;

DROP TABLE IF EXISTS `craft_commerce_addresses`;


--
-- Schema for table `craft_commerce_addresses`
--
CREATE TABLE `craft_commerce_addresses` (
  `id` int(11) NOT NULL AUTO_INCREMENT,
  `attention` varchar(255) COLLATE utf8_unicode_ci DEFAULT NULL,
  `title` varchar(255) COLLATE utf8_unicode_ci DEFAULT NULL,
  `firstName` varchar(255) COLLATE utf8_unicode_ci NOT NULL,
  `lastName` varchar(255) COLLATE utf8_unicode_ci NOT NULL,
  `countryId` int(10) DEFAULT NULL,
  `stateId` int(10) DEFAULT NULL,
  `address1` varchar(255) COLLATE utf8_unicode_ci DEFAULT NULL,
  `address2` varchar(255) COLLATE utf8_unicode_ci DEFAULT NULL,
  `city` varchar(255) COLLATE utf8_unicode_ci DEFAULT NULL,
  `zipCode` varchar(255) COLLATE utf8_unicode_ci DEFAULT NULL,
  `phone` varchar(255) COLLATE utf8_unicode_ci DEFAULT NULL,
  `alternativePhone` varchar(255) COLLATE utf8_unicode_ci DEFAULT NULL,
  `businessName` varchar(255) COLLATE utf8_unicode_ci DEFAULT NULL,
  `businessTaxId` varchar(255) COLLATE utf8_unicode_ci DEFAULT NULL,
  `businessId` varchar(255) COLLATE utf8_unicode_ci DEFAULT NULL,
  `stateName` varchar(255) COLLATE utf8_unicode_ci DEFAULT NULL,
  `dateCreated` datetime NOT NULL,
  `dateUpdated` datetime NOT NULL,
  `uid` char(36) COLLATE utf8_unicode_ci NOT NULL DEFAULT '0',
  PRIMARY KEY (`id`),
  KEY `craft_commerce_addresses_countryId_fk` (`countryId`),
  KEY `craft_commerce_addresses_stateId_fk` (`stateId`)
) ENGINE=InnoDB AUTO_INCREMENT=7 DEFAULT CHARSET=utf8 COLLATE=utf8_unicode_ci;

--
-- Data for table `craft_commerce_addresses`
--

INSERT INTO `craft_commerce_addresses` (`id`, `attention`, `title`, `firstName`, `lastName`, `countryId`, `stateId`, `address1`, `address2`, `city`, `zipCode`, `phone`, `alternativePhone`, `businessName`, `businessTaxId`, `businessId`, `stateName`, `dateCreated`, `dateUpdated`, `uid`) VALUES
 ('1', 'jo', 'joe', 'jor', 'waine', '233', '22', '2412 w lk samm pky ne', 'redmond', 'redmond', '98052', '4254429308', '4254429308', '2', '', '', NULL, '2017-08-29 19:55:39', '2017-09-26 19:04:01', 'c59f22c3-b64a-4109-b14e-61e5b13f2d01'),
 ('2', 'joe', 'joseph', 'joseph', 'waine', '3', NULL, '', '', '', '', '', '', '2412', '', '', NULL, '2017-08-31 16:25:44', '2017-08-31 16:25:44', '09e8bcd8-bf7e-4369-9b3c-3b0263c80437'),
 ('3', 'jo', 'joe', 'jor', 'waine', '233', '22', '2412 w lk samm pky ne', 'redmond', 'redmond', '98052', '4254429308', '4254429308', '2', '', '', NULL, '2017-09-26 17:18:52', '2017-09-26 17:18:52', 'e4737fdd-26a9-472d-95bc-a413f72f0b0e'),
 ('4', 'jo', 'joe', 'jor', 'waine', '233', '22', '2412 w lk samm pky ne', 'redmond', 'redmond', '98052', '4254429308', '4254429308', '2', '', '', NULL, '2017-09-26 17:18:52', '2017-09-26 17:18:52', '9db3f8ca-eb3d-4895-aa86-938b348b1d50'),
 ('5', 'jo', 'joe', 'jor', 'waine', '233', '22', '2412 w lk samm pky ne', 'redmond', 'redmond', '98052', '4254429308', '4254429308', '2', '', '', NULL, '2017-09-26 18:42:48', '2017-09-26 18:42:48', '25750885-8293-4fe6-92d1-1c8ad11bb139'),
 ('6', 'jo', 'joe', 'jor', 'waine', '233', '22', '2412 w lk samm pky ne', 'redmond', 'redmond', '98052', '4254429308', '4254429308', '2', '', '', NULL, '2017-09-26 18:42:48', '2017-09-26 18:42:48', '689ec926-150a-4a65-b9fc-39010e5802c0');



DROP TABLE IF EXISTS `craft_commerce_countries`;


--
-- Schema for table `craft_commerce_countries`
--
CREATE TABLE `craft_commerce_countries` (
  `id` int(11) NOT NULL AUTO_INCREMENT,
  `name` varchar(255) COLLATE utf8_unicode_ci NOT NULL,
  `iso` varchar(2) COLLATE utf8_unicode_ci NOT NULL,
  `stateRequired` tinyint(1) unsigned NOT NULL DEFAULT '0',
  `dateCreated` datetime NOT NULL,
  `dateUpdated` datetime NOT NULL,
  `uid` char(36) COLLATE utf8_unicode_ci NOT NULL DEFAULT '0',
  PRIMARY KEY (`id`),
  UNIQUE KEY `craft_commerce_countries_name_unq_idx` (`name`),
  UNIQUE KEY `craft_commerce_countries_iso_unq_idx` (`iso`)
) ENGINE=InnoDB AUTO_INCREMENT=250 DEFAULT CHARSET=utf8 COLLATE=utf8_unicode_ci;

--
-- Data for table `craft_commerce_countries`
--

INSERT INTO `craft_commerce_countries` (`id`, `name`, `iso`, `stateRequired`, `dateCreated`, `dateUpdated`, `uid`) VALUES
 ('1', 'Andorra', 'AD', '0', '2017-08-29 16:10:42', '2017-08-29 16:10:42', '0898302a-3199-40e3-a24e-f10f6729a12a'),
 ('2', 'United Arab Emirates', 'AE', '0', '2017-08-29 16:10:42', '2017-08-29 16:10:42', '9cae921b-d333-425c-8702-b410d1b30bbe'),
 ('3', 'Afghanistan', 'AF', '0', '2017-08-29 16:10:42', '2017-08-29 16:10:42', 'd5de6519-619d-44a9-869a-6ce77a41757c'),
 ('4', 'Antigua and Barbuda', 'AG', '0', '2017-08-29 16:10:42', '2017-08-29 16:10:42', '6b7d5644-6edf-40d4-b456-88ebd111caa6'),
 ('5', 'Anguilla', 'AI', '0', '2017-08-29 16:10:42', '2017-08-29 16:10:42', '36dbbd61-395e-41ea-8e78-566db7f95531'),
 ('6', 'Albania', 'AL', '0', '2017-08-29 16:10:42', '2017-08-29 16:10:42', '4f426301-c997-41de-82dc-0685d081772e'),
 ('7', 'Armenia', 'AM', '0', '2017-08-29 16:10:42', '2017-08-29 16:10:42', 'e758cea4-e46f-44bb-bcf1-6462b96467e7'),
 ('8', 'Angola', 'AO', '0', '2017-08-29 16:10:42', '2017-08-29 16:10:42', 'cb6b5679-8071-4195-8e00-a52665d3dd62'),
 ('9', 'Antarctica', 'AQ', '0', '2017-08-29 16:10:42', '2017-08-29 16:10:42', '0e5bf572-a438-40b0-9e73-67ba93ca9778'),
 ('10', 'Argentina', 'AR', '0', '2017-08-29 16:10:42', '2017-08-29 16:10:42', '12cfbc7b-261a-4c4f-8559-e28ce7aaf774'),
 ('11', 'American Samoa', 'AS', '0', '2017-08-29 16:10:42', '2017-08-29 16:10:42', 'fae3ddff-4025-4c89-a56c-808905250696'),
 ('12', 'Austria', 'AT', '0', '2017-08-29 16:10:42', '2017-08-29 16:10:42', 'db12df36-3686-4ffe-b2c0-3dabf3cc7660'),
 ('13', 'Australia', 'AU', '0', '2017-08-29 16:10:42', '2017-08-29 16:10:42', '37fb4848-f580-4b5b-9900-7f2559a37785'),
 ('14', 'Aruba', 'AW', '0', '2017-08-29 16:10:42', '2017-08-29 16:10:42', '8f8877a8-e9dc-4865-9198-8b984db95cc9'),
 ('15', 'Aland Islands', 'AX', '0', '2017-08-29 16:10:42', '2017-08-29 16:10:42', '47da20bf-ceae-41de-8158-f6d2fb26cb91'),
 ('16', 'Azerbaijan', 'AZ', '0', '2017-08-29 16:10:42', '2017-08-29 16:10:42', 'ba293d9a-f017-4ef1-9f44-cc45ed8fe902'),
 ('17', 'Bosnia and Herzegovina', 'BA', '0', '2017-08-29 16:10:42', '2017-08-29 16:10:42', '4b81ae85-ee59-44a2-b39d-5ee9e2e7f5bc'),
 ('18', 'Barbados', 'BB', '0', '2017-08-29 16:10:42', '2017-08-29 16:10:42', '25081fa2-3c6b-4c96-b5f3-189deb70f4ba'),
 ('19', 'Bangladesh', 'BD', '0', '2017-08-29 16:10:42', '2017-08-29 16:10:42', 'bee3e8b6-8661-4290-a796-57ce1f958fff'),
 ('20', 'Belgium', 'BE', '0', '2017-08-29 16:10:42', '2017-08-29 16:10:42', '7aac9111-b026-482c-bce5-228a17a82bd0'),
 ('21', 'Burkina Faso', 'BF', '0', '2017-08-29 16:10:42', '2017-08-29 16:10:42', 'bf842fb6-2935-4396-89e1-f601e15ae3a9'),
 ('22', 'Bulgaria', 'BG', '0', '2017-08-29 16:10:42', '2017-08-29 16:10:42', '334fe5d7-a49c-43cc-ac85-38f3c9165c5d'),
 ('23', 'Bahrain', 'BH', '0', '2017-08-29 16:10:42', '2017-08-29 16:10:42', '87e4dbac-28c3-4dea-9c57-4a00b6fc997e'),
 ('24', 'Burundi', 'BI', '0', '2017-08-29 16:10:42', '2017-08-29 16:10:42', 'b83c870e-511b-44ea-b2b8-eccd3989a0a9'),
 ('25', 'Benin', 'BJ', '0', '2017-08-29 16:10:42', '2017-08-29 16:10:42', '888014b7-77d9-4659-922d-cf422cc80c27'),
 ('26', 'Saint Barthelemy', 'BL', '0', '2017-08-29 16:10:42', '2017-08-29 16:10:42', '07789591-d6eb-4fa2-bdda-4f9938bb4764'),
 ('27', 'Bermuda', 'BM', '0', '2017-08-29 16:10:42', '2017-08-29 16:10:42', '0c82ffb4-9c7f-4b7d-b1b3-c0313d648c76'),
 ('28', 'Brunei Darussalam', 'BN', '0', '2017-08-29 16:10:42', '2017-08-29 16:10:42', 'c9fd0b64-8093-43b3-8980-17a3d8b3c738'),
 ('29', 'Bolivia', 'BO', '0', '2017-08-29 16:10:42', '2017-08-29 16:10:42', '2c9fd78f-f004-42af-9abe-4a7d67f2d7ed'),
 ('30', 'Bonaire, Sint Eustatius and Saba', 'BQ', '0', '2017-08-29 16:10:42', '2017-08-29 16:10:42', '25bd2a34-cd9b-44ac-993e-9f0647ec330a'),
 ('31', 'Brazil', 'BR', '0', '2017-08-29 16:10:42', '2017-08-29 16:10:42', 'f04820aa-482e-47b6-b307-cfd8252bf858'),
 ('32', 'Bahamas', 'BS', '0', '2017-08-29 16:10:42', '2017-08-29 16:10:42', '44f33b2d-c15d-4d1e-9e15-c839d26cba7e'),
 ('33', 'Bhutan', 'BT', '0', '2017-08-29 16:10:42', '2017-08-29 16:10:42', '980dda15-4bde-456a-b835-2cdc3e9838c1'),
 ('34', 'Bouvet Island', 'BV', '0', '2017-08-29 16:10:42', '2017-08-29 16:10:42', 'e88d1273-be39-4f02-9512-c340186337c9'),
 ('35', 'Botswana', 'BW', '0', '2017-08-29 16:10:42', '2017-08-29 16:10:42', 'd7f70ea7-5220-464f-83c9-c10b6ea89827'),
 ('36', 'Belarus', 'BY', '0', '2017-08-29 16:10:42', '2017-08-29 16:10:42', 'c393aadc-b423-481b-9b76-a0d306f79575'),
 ('37', 'Belize', 'BZ', '0', '2017-08-29 16:10:42', '2017-08-29 16:10:42', '207404c6-f5b9-4148-ab99-875d96a61c28'),
 ('38', 'Canada', 'CA', '0', '2017-08-29 16:10:42', '2017-08-29 16:10:42', 'd54f9b95-d349-4596-b2b9-df28a681de50'),
 ('39', 'Cocos (Keeling) Islands', 'CC', '0', '2017-08-29 16:10:42', '2017-08-29 16:10:42', '13896c7b-2a8b-43a6-9ee4-2cf17c5a380d'),
 ('40', 'Democratic Republic of Congo', 'CD', '0', '2017-08-29 16:10:42', '2017-08-29 16:10:42', '71a76b7b-aaff-4f76-bac2-14fd725ec1a0'),
 ('41', 'Central African Republic', 'CF', '0', '2017-08-29 16:10:42', '2017-08-29 16:10:42', '132d7f3a-14f9-45b9-b55e-5d1c8091626d'),
 ('42', 'Congo', 'CG', '0', '2017-08-29 16:10:42', '2017-08-29 16:10:42', '2def7700-d173-4d68-bc0a-4721677dd2e4'),
 ('43', 'Switzerland', 'CH', '0', '2017-08-29 16:10:42', '2017-08-29 16:10:42', 'a01d3cc9-0c43-4bde-99ae-85ef93fd7510'),
 ('44', 'Ivory Coast', 'CI', '0', '2017-08-29 16:10:42', '2017-08-29 16:10:42', '1fb4932f-e359-4b50-b688-f42a84823ced'),
 ('45', 'Cook Islands', 'CK', '0', '2017-08-29 16:10:42', '2017-08-29 16:10:42', 'c52a2b00-3eef-4a48-9651-d35409fbeed1'),
 ('46', 'Chile', 'CL', '0', '2017-08-29 16:10:42', '2017-08-29 16:10:42', '94598334-e2bc-45a4-9cb1-a650d1204f85'),
 ('47', 'Cameroon', 'CM', '0', '2017-08-29 16:10:42', '2017-08-29 16:10:42', '5e9d64de-c3ae-4873-9480-d8bbb7286d56'),
 ('48', 'China', 'CN', '0', '2017-08-29 16:10:42', '2017-08-29 16:10:42', '9bb99ca0-8c74-45c7-9d74-ddd513c052ab'),
 ('49', 'Colombia', 'CO', '0', '2017-08-29 16:10:42', '2017-08-29 16:10:42', 'aa974ad5-91db-4f32-90b1-ba2b105d1975'),
 ('50', 'Costa Rica', 'CR', '0', '2017-08-29 16:10:42', '2017-08-29 16:10:42', 'ee51feaa-9d4e-47ce-9b45-9ebebaec61e1'),
 ('51', 'Cuba', 'CU', '0', '2017-08-29 16:10:42', '2017-08-29 16:10:42', 'a36caf03-074b-422b-ab57-2c14934a65e2'),
 ('52', 'Cape Verde', 'CV', '0', '2017-08-29 16:10:42', '2017-08-29 16:10:42', '41dbba61-716b-4755-9963-0a20f1c9c591'),
 ('53', 'Curacao', 'CW', '0', '2017-08-29 16:10:42', '2017-08-29 16:10:42', 'b8288663-bfbc-42ae-86d9-9b150f17501e'),
 ('54', 'Christmas Island', 'CX', '0', '2017-08-29 16:10:42', '2017-08-29 16:10:42', 'da99fdc6-24a0-484c-b887-f56a34e60b00'),
 ('55', 'Cyprus', 'CY', '0', '2017-08-29 16:10:42', '2017-08-29 16:10:42', '21dc4d6d-6b0c-43ed-9066-280e750313af'),
 ('56', 'Czech Republic', 'CZ', '0', '2017-08-29 16:10:42', '2017-08-29 16:10:42', '1eb492ec-0ffa-4889-9ac9-46cc402f3dd0'),
 ('57', 'Germany', 'DE', '0', '2017-08-29 16:10:42', '2017-08-29 16:10:42', 'dc604597-6371-41d4-a317-09c24c6a8995'),
 ('58', 'Djibouti', 'DJ', '0', '2017-08-29 16:10:42', '2017-08-29 16:10:42', 'bf230725-ec0a-4366-85db-a87f1b612c1f'),
 ('59', 'Denmark', 'DK', '0', '2017-08-29 16:10:42', '2017-08-29 16:10:42', '01228cda-b1b6-48c0-b8b3-f4c60592b4e8'),
 ('60', 'Dominica', 'DM', '0', '2017-08-29 16:10:42', '2017-08-29 16:10:42', 'b5bdcf3a-6861-4f1e-ae47-32bb802be606'),
 ('61', 'Dominican Republic', 'DO', '0', '2017-08-29 16:10:42', '2017-08-29 16:10:42', '56201f8e-144a-4895-a44f-12a638ab72d5'),
 ('62', 'Algeria', 'DZ', '0', '2017-08-29 16:10:42', '2017-08-29 16:10:42', '983a9d05-2fe8-43f8-acb9-bba9917b7bcf'),
 ('63', 'Ecuador', 'EC', '0', '2017-08-29 16:10:42', '2017-08-29 16:10:42', 'e4c4a5ee-f176-46bc-9648-dd0e7d0c0544'),
 ('64', 'Estonia', 'EE', '0', '2017-08-29 16:10:42', '2017-08-29 16:10:42', '6426675b-84f7-4998-a601-5067dd8b7934'),
 ('65', 'Egypt', 'EG', '0', '2017-08-29 16:10:42', '2017-08-29 16:10:42', 'b036bfef-03b4-4ab6-ad56-c45f4e5ab586'),
 ('66', 'Western Sahara', 'EH', '0', '2017-08-29 16:10:42', '2017-08-29 16:10:42', '2eec3907-0d34-404c-9e3a-a6b06e2bfd5e'),
 ('67', 'Eritrea', 'ER', '0', '2017-08-29 16:10:42', '2017-08-29 16:10:42', '8b5bd85c-768b-41a9-95db-f2c088f5f452'),
 ('68', 'Spain', 'ES', '0', '2017-08-29 16:10:42', '2017-08-29 16:10:42', '489fd8a4-5627-4beb-ae33-4425c1455ba9'),
 ('69', 'Ethiopia', 'ET', '0', '2017-08-29 16:10:42', '2017-08-29 16:10:42', '0a217246-d0b2-4382-9fcc-c25e5ea4bdee'),
 ('70', 'Finland', 'FI', '0', '2017-08-29 16:10:42', '2017-08-29 16:10:42', '061eaa70-98b7-4aa0-b726-35c6db2a2b0a'),
 ('71', 'Fiji', 'FJ', '0', '2017-08-29 16:10:42', '2017-08-29 16:10:42', '105a8455-b84a-49ab-9a5b-87c85ee8d2e3'),
 ('72', 'Falkland Islands (Malvinas)', 'FK', '0', '2017-08-29 16:10:42', '2017-08-29 16:10:42', 'cf987c4a-1722-4e22-a14d-d62918401c27'),
 ('73', 'Micronesia', 'FM', '0', '2017-08-29 16:10:42', '2017-08-29 16:10:42', '827873dc-1f76-4400-a0ef-b385ff372c59'),
 ('74', 'Faroe Islands', 'FO', '0', '2017-08-29 16:10:42', '2017-08-29 16:10:42', '9ac8cc08-e4d2-4cf7-b03c-9ba0bab6af79'),
 ('75', 'France', 'FR', '0', '2017-08-29 16:10:42', '2017-08-29 16:10:42', '42f07249-2732-40d9-9e9b-ea62514c7d85'),
 ('76', 'Gabon', 'GA', '0', '2017-08-29 16:10:42', '2017-08-29 16:10:42', 'fcb0b0b4-e5c6-4499-a1b6-1376b93f380c'),
 ('77', 'United Kingdom', 'GB', '0', '2017-08-29 16:10:42', '2017-08-29 16:10:42', '8f51444a-43d3-4f5a-8e17-28854cfbd07d'),
 ('78', 'Grenada', 'GD', '0', '2017-08-29 16:10:42', '2017-08-29 16:10:42', 'a9d371e5-e137-4c24-a0d3-5284a762e453'),
 ('79', 'Georgia', 'GE', '0', '2017-08-29 16:10:42', '2017-08-29 16:10:42', '3ff28ee4-55bf-4aa9-a96d-9bbe11bd2cc2'),
 ('80', 'French Guiana', 'GF', '0', '2017-08-29 16:10:42', '2017-08-29 16:10:42', '0116a43b-4649-45e4-8cbe-5bd787d50c16'),
 ('81', 'Guernsey', 'GG', '0', '2017-08-29 16:10:42', '2017-08-29 16:10:42', 'c4b25f01-c8ce-4ee5-a298-ac47eab9c1c6'),
 ('82', 'Ghana', 'GH', '0', '2017-08-29 16:10:42', '2017-08-29 16:10:42', '6914902b-1f1b-4702-bd35-5b394031dae0'),
 ('83', 'Gibraltar', 'GI', '0', '2017-08-29 16:10:42', '2017-08-29 16:10:42', '5ae706d8-7cd5-42b2-9d03-ba567f2e4caa'),
 ('84', 'Greenland', 'GL', '0', '2017-08-29 16:10:42', '2017-08-29 16:10:42', 'e98da093-2726-459a-b81e-e0659cc57a5b'),
 ('85', 'Gambia', 'GM', '0', '2017-08-29 16:10:42', '2017-08-29 16:10:42', 'a91df798-2946-4c41-90f0-346f5391d8e9'),
 ('86', 'Guinea', 'GN', '0', '2017-08-29 16:10:42', '2017-08-29 16:10:42', '6678f960-2900-4f9d-805e-ad93f1ccff19'),
 ('87', 'Guadeloupe', 'GP', '0', '2017-08-29 16:10:42', '2017-08-29 16:10:42', '2289fc81-b8c8-4fc9-86c4-a61d65a31c16'),
 ('88', 'Equatorial Guinea', 'GQ', '0', '2017-08-29 16:10:42', '2017-08-29 16:10:42', '1e8e1885-f4e3-4a91-a746-9a9e01bf6e80'),
 ('89', 'Greece', 'GR', '0', '2017-08-29 16:10:42', '2017-08-29 16:10:42', '522f5573-e8c0-4338-93ce-fc0ca2ae6b72'),
 ('90', 'S. Georgia and S. Sandwich Isls.', 'GS', '0', '2017-08-29 16:10:42', '2017-08-29 16:10:42', '2c2fc74f-d43c-4408-90f7-89c7e0adc8b2'),
 ('91', 'Guatemala', 'GT', '0', '2017-08-29 16:10:42', '2017-08-29 16:10:42', '86fb9609-ec1d-407d-b39e-9b997799e1a0'),
 ('92', 'Guam', 'GU', '0', '2017-08-29 16:10:42', '2017-08-29 16:10:42', '4dbb1c88-4afc-4b3f-894a-60dc8692efeb'),
 ('93', 'Guinea-Bissau', 'GW', '0', '2017-08-29 16:10:42', '2017-08-29 16:10:42', '9738172f-c702-4eba-a8fe-58bb61bd4339'),
 ('94', 'Guyana', 'GY', '0', '2017-08-29 16:10:42', '2017-08-29 16:10:42', 'cdebdb31-abea-4b01-b14a-6aece328d6e7'),
 ('95', 'Hong Kong', 'HK', '0', '2017-08-29 16:10:42', '2017-08-29 16:10:42', 'db3d5b6e-aa3d-4a6a-9887-64393fba613c'),
 ('96', 'Heard and McDonald Islands', 'HM', '0', '2017-08-29 16:10:42', '2017-08-29 16:10:42', '6c62b691-82d4-41af-b8dd-97ec0e14109b'),
 ('97', 'Honduras', 'HN', '0', '2017-08-29 16:10:42', '2017-08-29 16:10:42', '682c0954-9507-4f52-aabb-2901662bb4e9'),
 ('98', 'Croatia (Hrvatska)', 'HR', '0', '2017-08-29 16:10:42', '2017-08-29 16:10:42', '66521e88-653f-4608-9211-a10441df24cc'),
 ('99', 'Haiti', 'HT', '0', '2017-08-29 16:10:42', '2017-08-29 16:10:42', '7ed837cd-5530-4852-9e72-434ede9eb59e'),
 ('100', 'Hungary', 'HU', '0', '2017-08-29 16:10:42', '2017-08-29 16:10:42', '795c9c30-a6f5-430a-9ece-12fb19e786ef');
INSERT INTO `craft_commerce_countries` (`id`, `name`, `iso`, `stateRequired`, `dateCreated`, `dateUpdated`, `uid`) VALUES
 ('101', 'Indonesia', 'ID', '0', '2017-08-29 16:10:42', '2017-08-29 16:10:42', '8ea2c260-38df-475b-ac48-43aee818ef81'),
 ('102', 'Ireland', 'IE', '0', '2017-08-29 16:10:42', '2017-08-29 16:10:42', '7ce6fa7f-5e44-4943-b72d-9005115afa2d'),
 ('103', 'Israel', 'IL', '0', '2017-08-29 16:10:42', '2017-08-29 16:10:42', 'a23dc0d9-70ef-48d5-a432-102378a17e06'),
 ('104', 'Isle Of Man', 'IM', '0', '2017-08-29 16:10:42', '2017-08-29 16:10:42', '5bada0e6-64c3-4b98-97d3-228dfbb871f1'),
 ('105', 'India', 'IN', '0', '2017-08-29 16:10:42', '2017-08-29 16:10:42', 'e83d7e1b-d276-45a1-9901-524b0c0497e8'),
 ('106', 'British Indian Ocean Territory', 'IO', '0', '2017-08-29 16:10:42', '2017-08-29 16:10:42', '9239bdf5-821f-414e-81c1-cfb9ee8b580c'),
 ('107', 'Iraq', 'IQ', '0', '2017-08-29 16:10:42', '2017-08-29 16:10:42', '55558e5e-d8da-471f-aa03-81d1885ee2f0'),
 ('108', 'Iran', 'IR', '0', '2017-08-29 16:10:42', '2017-08-29 16:10:42', 'bddf6f7c-0f1a-4166-a117-8731572747a7'),
 ('109', 'Iceland', 'IS', '0', '2017-08-29 16:10:42', '2017-08-29 16:10:42', '14da2fe6-98ba-46af-9982-f70ce56a8c75'),
 ('110', 'Italy', 'IT', '0', '2017-08-29 16:10:42', '2017-08-29 16:10:42', 'bec1e034-01ed-42da-8041-36fcb880b78b'),
 ('111', 'Jersey', 'JE', '0', '2017-08-29 16:10:42', '2017-08-29 16:10:42', 'daddc1c2-134d-477c-b724-4b509bc67b42'),
 ('112', 'Jamaica', 'JM', '0', '2017-08-29 16:10:42', '2017-08-29 16:10:42', 'a8180171-dd5f-4d16-92a8-2b2d744a86b0'),
 ('113', 'Jordan', 'JO', '0', '2017-08-29 16:10:42', '2017-08-29 16:10:42', '390c29af-0893-4cb2-a2ad-b883dc72b457'),
 ('114', 'Japan', 'JP', '0', '2017-08-29 16:10:42', '2017-08-29 16:10:42', 'f269a8b2-db41-417c-bbc8-5050dffd1de3'),
 ('115', 'Kenya', 'KE', '0', '2017-08-29 16:10:42', '2017-08-29 16:10:42', '4bda1810-80f3-419b-9baf-81b7b885597e'),
 ('116', 'Kyrgyzstan', 'KG', '0', '2017-08-29 16:10:42', '2017-08-29 16:10:42', '4bcc008e-3476-4f83-9a71-fa15c9ece66f'),
 ('117', 'Cambodia', 'KH', '0', '2017-08-29 16:10:42', '2017-08-29 16:10:42', 'f0a63c61-fa16-443f-86ac-fa3c84161de2'),
 ('118', 'Kiribati', 'KI', '0', '2017-08-29 16:10:42', '2017-08-29 16:10:42', '1bfe585d-e1d3-4ab9-944e-7219836765f7'),
 ('119', 'Comoros', 'KM', '0', '2017-08-29 16:10:42', '2017-08-29 16:10:42', 'f6ea5eba-c3a1-49ce-817b-f716c7ba0dfe'),
 ('120', 'Saint Kitts and Nevis', 'KN', '0', '2017-08-29 16:10:42', '2017-08-29 16:10:42', '721334db-79d0-490b-943e-75bf5f3f22bd'),
 ('121', 'Korea (North)', 'KP', '0', '2017-08-29 16:10:42', '2017-08-29 16:10:42', '44c0c938-3aed-4755-99f3-76f1e073b943'),
 ('122', 'Korea (South)', 'KR', '0', '2017-08-29 16:10:42', '2017-08-29 16:10:42', '3892a469-69d3-4f34-ac0c-f256a4232f43'),
 ('123', 'Kuwait', 'KW', '0', '2017-08-29 16:10:42', '2017-08-29 16:10:42', 'f7d30df0-4e36-4a7f-a935-bf848a719781'),
 ('124', 'Cayman Islands', 'KY', '0', '2017-08-29 16:10:42', '2017-08-29 16:10:42', '00ac8508-ddb1-49da-ade8-a939b8638bac'),
 ('125', 'Kazakhstan', 'KZ', '0', '2017-08-29 16:10:42', '2017-08-29 16:10:42', '8d9c3a58-cf40-436b-bab8-e294cf417190'),
 ('126', 'Laos', 'LA', '0', '2017-08-29 16:10:42', '2017-08-29 16:10:42', 'a1f35869-faa7-4719-b37c-0034785fd568'),
 ('127', 'Lebanon', 'LB', '0', '2017-08-29 16:10:42', '2017-08-29 16:10:42', '86698cb2-9d79-4d54-9b94-aefcf8702741'),
 ('128', 'Saint Lucia', 'LC', '0', '2017-08-29 16:10:42', '2017-08-29 16:10:42', '2be9e66a-9e6e-4d0a-bf13-34049742998a'),
 ('129', 'Liechtenstein', 'LI', '0', '2017-08-29 16:10:42', '2017-08-29 16:10:42', '1132859d-17bb-4490-89f1-38079e7d3770'),
 ('130', 'Sri Lanka', 'LK', '0', '2017-08-29 16:10:42', '2017-08-29 16:10:42', '9b7b3899-c53f-4f6a-b217-2212cc32e888'),
 ('131', 'Liberia', 'LR', '0', '2017-08-29 16:10:42', '2017-08-29 16:10:42', '85cb56d2-1124-4248-bf80-583d6d5ce3e1'),
 ('132', 'Lesotho', 'LS', '0', '2017-08-29 16:10:42', '2017-08-29 16:10:42', 'f76f43a4-83d3-411e-9575-bf98325b4a9f'),
 ('133', 'Lithuania', 'LT', '0', '2017-08-29 16:10:42', '2017-08-29 16:10:42', '451c5fc8-71b7-4a0e-943e-210ca2f0f7fc'),
 ('134', 'Luxembourg', 'LU', '0', '2017-08-29 16:10:42', '2017-08-29 16:10:42', 'a2c2c865-7577-4565-9b14-6acd94765084'),
 ('135', 'Latvia', 'LV', '0', '2017-08-29 16:10:42', '2017-08-29 16:10:42', '71626450-016d-461e-a8f5-7b017d177f3a'),
 ('136', 'Libya', 'LY', '0', '2017-08-29 16:10:42', '2017-08-29 16:10:42', '1719a2d9-39eb-44b7-ba81-480d01d023e6'),
 ('137', 'Morocco', 'MA', '0', '2017-08-29 16:10:42', '2017-08-29 16:10:42', '0c76f9bc-ab52-4e7c-a5cb-a41f4a439c60'),
 ('138', 'Monaco', 'MC', '0', '2017-08-29 16:10:42', '2017-08-29 16:10:42', 'f665dc9b-c0dc-4909-9b77-a04a3ded344f'),
 ('139', 'Moldova', 'MD', '0', '2017-08-29 16:10:42', '2017-08-29 16:10:42', '4569971c-aa7d-49ec-ba20-ff7d1a4a5eb8'),
 ('140', 'Montenegro', 'ME', '0', '2017-08-29 16:10:42', '2017-08-29 16:10:42', 'bc8a8f28-b0ab-4563-ac82-433f2eec3995'),
 ('141', 'Saint Martin (French part)', 'MF', '0', '2017-08-29 16:10:42', '2017-08-29 16:10:42', '62124f5b-28b3-4c1a-9fbd-022ca7577ceb'),
 ('142', 'Madagascar', 'MG', '0', '2017-08-29 16:10:42', '2017-08-29 16:10:42', '9c83a994-6b75-475c-bced-813946e2ae58'),
 ('143', 'Marshall Islands', 'MH', '0', '2017-08-29 16:10:42', '2017-08-29 16:10:42', '7c2bd5d2-a2b7-43a5-8489-eb82700ee7a2'),
 ('144', 'Macedonia', 'MK', '0', '2017-08-29 16:10:42', '2017-08-29 16:10:42', '55d80437-bbf8-4a59-8208-66a06f7a2869'),
 ('145', 'Mali', 'ML', '0', '2017-08-29 16:10:42', '2017-08-29 16:10:42', '2b895be3-80b3-4701-af28-939936a7d009'),
 ('146', 'Burma (Myanmar)', 'MM', '0', '2017-08-29 16:10:42', '2017-08-29 16:10:42', '44117b59-a1c4-42d4-b6f2-292bd4a722a1'),
 ('147', 'Mongolia', 'MN', '0', '2017-08-29 16:10:42', '2017-08-29 16:10:42', '934ff8c0-31dc-4f91-be42-5c164410acef'),
 ('148', 'Macau', 'MO', '0', '2017-08-29 16:10:42', '2017-08-29 16:10:42', '5648c403-928e-40e9-a7b2-b24011f60d62'),
 ('149', 'Northern Mariana Islands', 'MP', '0', '2017-08-29 16:10:42', '2017-08-29 16:10:42', '410830df-d8ba-489d-88ec-bfe5daf864bf'),
 ('150', 'Martinique', 'MQ', '0', '2017-08-29 16:10:42', '2017-08-29 16:10:42', '0852e9c3-ad31-4bf3-8624-cec5c8710db3'),
 ('151', 'Mauritania', 'MR', '0', '2017-08-29 16:10:42', '2017-08-29 16:10:42', '87a2d716-e4f3-4edf-b58b-93029245a20e'),
 ('152', 'Montserrat', 'MS', '0', '2017-08-29 16:10:42', '2017-08-29 16:10:42', '4d74ec67-1bcb-481f-991a-f9e5db0da796'),
 ('153', 'Malta', 'MT', '0', '2017-08-29 16:10:42', '2017-08-29 16:10:42', 'c8e60261-eeb5-435b-bcca-d331fdabb07a'),
 ('154', 'Mauritius', 'MU', '0', '2017-08-29 16:10:42', '2017-08-29 16:10:42', 'cb5124bb-9b9d-4b4b-b1ef-bf7b26b41c05'),
 ('155', 'Maldives', 'MV', '0', '2017-08-29 16:10:42', '2017-08-29 16:10:42', 'ee94700a-f053-4e18-aafb-89d8ed7265f1'),
 ('156', 'Malawi', 'MW', '0', '2017-08-29 16:10:42', '2017-08-29 16:10:42', '5ca50483-ed02-4d1d-9b5e-069b5f57afff'),
 ('157', 'Mexico', 'MX', '0', '2017-08-29 16:10:42', '2017-08-29 16:10:42', '2d20f392-462e-4e40-bab8-00d1d1d2681c'),
 ('158', 'Malaysia', 'MY', '0', '2017-08-29 16:10:42', '2017-08-29 16:10:42', '9cff078a-6da3-41a1-a1a3-b67dc57e0e8e'),
 ('159', 'Mozambique', 'MZ', '0', '2017-08-29 16:10:42', '2017-08-29 16:10:42', '1d034d23-33e6-47c6-a75a-172ddcf50f6d'),
 ('160', 'Namibia', 'NA', '0', '2017-08-29 16:10:42', '2017-08-29 16:10:42', '1d928b10-4ea7-4bf3-9031-a243a3ae0593'),
 ('161', 'New Caledonia', 'NC', '0', '2017-08-29 16:10:42', '2017-08-29 16:10:42', '56293946-422c-4ecd-b806-7ba48e7d3233'),
 ('162', 'Niger', 'NE', '0', '2017-08-29 16:10:42', '2017-08-29 16:10:42', '54342b86-c397-442d-b7a1-7e8a17a18090'),
 ('163', 'Norfolk Island', 'NF', '0', '2017-08-29 16:10:42', '2017-08-29 16:10:42', '8c29eaba-eff0-40ff-a63f-2a09ca7c9b1c'),
 ('164', 'Nigeria', 'NG', '0', '2017-08-29 16:10:42', '2017-08-29 16:10:42', '56240941-e5f8-4d1a-ba11-cbbdb4787b3e'),
 ('165', 'Nicaragua', 'NI', '0', '2017-08-29 16:10:42', '2017-08-29 16:10:42', '56e0f176-11ab-4f53-adb8-898a0849a652'),
 ('166', 'Netherlands', 'NL', '0', '2017-08-29 16:10:42', '2017-08-29 16:10:42', 'f892db8b-900b-4878-8bdf-ffc232cfc6dd'),
 ('167', 'Norway', 'NO', '0', '2017-08-29 16:10:42', '2017-08-29 16:10:42', '33ea2b9e-28e0-4e3d-81d9-a586a53e42b9'),
 ('168', 'Nepal', 'NP', '0', '2017-08-29 16:10:42', '2017-08-29 16:10:42', 'c2b61f10-e133-431d-8d19-5bb31da1e987'),
 ('169', 'Nauru', 'NR', '0', '2017-08-29 16:10:42', '2017-08-29 16:10:42', '1fa8a06a-c6e7-4945-b194-4b0227646924'),
 ('170', 'Niue', 'NU', '0', '2017-08-29 16:10:42', '2017-08-29 16:10:42', '6b33ec25-306b-47d1-804e-e8c8b7aa7f8c'),
 ('171', 'New Zealand', 'NZ', '0', '2017-08-29 16:10:42', '2017-08-29 16:10:42', '895264ac-f9fc-42c4-8926-c586875dfa8a'),
 ('172', 'Oman', 'OM', '0', '2017-08-29 16:10:42', '2017-08-29 16:10:42', '7460ff63-142d-43cf-928f-087173e341b1'),
 ('173', 'Panama', 'PA', '0', '2017-08-29 16:10:42', '2017-08-29 16:10:42', '1b55a222-b547-480f-b30a-14d09c869ed2'),
 ('174', 'Peru', 'PE', '0', '2017-08-29 16:10:42', '2017-08-29 16:10:42', 'b86cf27f-fe4f-409d-ad7b-fcd16752f999'),
 ('175', 'French Polynesia', 'PF', '0', '2017-08-29 16:10:42', '2017-08-29 16:10:42', '329c7c0e-a007-4dd4-a233-45fb9e7c3d0e'),
 ('176', 'Papua New Guinea', 'PG', '0', '2017-08-29 16:10:42', '2017-08-29 16:10:42', '31267429-c72b-42ae-8f91-f8db685377a0'),
 ('177', 'Philippines', 'PH', '0', '2017-08-29 16:10:42', '2017-08-29 16:10:42', '7bf975fa-f257-4437-9c30-2532f4218cd3'),
 ('178', 'Pakistan', 'PK', '0', '2017-08-29 16:10:42', '2017-08-29 16:10:42', '0f4592df-9303-4765-a94c-7e0a03e5883e'),
 ('179', 'Poland', 'PL', '0', '2017-08-29 16:10:42', '2017-08-29 16:10:42', '7b2bd524-5860-4074-9f4f-117348601d42'),
 ('180', 'St. Pierre and Miquelon', 'PM', '0', '2017-08-29 16:10:42', '2017-08-29 16:10:42', '7ae50533-0a50-4135-8324-cee2029ebb2c'),
 ('181', 'Pitcairn', 'PN', '0', '2017-08-29 16:10:42', '2017-08-29 16:10:42', '43bd2b55-8fc7-42f0-a393-727875c69feb'),
 ('182', 'Puerto Rico', 'PR', '0', '2017-08-29 16:10:42', '2017-08-29 16:10:42', '20d6fa9c-ca57-46f8-95b8-6adf4fe3c6fa'),
 ('183', 'Palestinian Territory, Occupied', 'PS', '0', '2017-08-29 16:10:42', '2017-08-29 16:10:42', '176889d8-c71d-4c54-a4b2-aa90d3a41557'),
 ('184', 'Portugal', 'PT', '0', '2017-08-29 16:10:42', '2017-08-29 16:10:42', '01a0d0e5-05ec-4a6c-9398-3bc1aedcc4ac'),
 ('185', 'Palau', 'PW', '0', '2017-08-29 16:10:42', '2017-08-29 16:10:42', 'eacd9356-18d0-4ca0-ad54-39730f3c78bb'),
 ('186', 'Paraguay', 'PY', '0', '2017-08-29 16:10:42', '2017-08-29 16:10:42', '27dc2ca3-8577-47ac-90b2-8e0bac55fa2d'),
 ('187', 'Qatar', 'QA', '0', '2017-08-29 16:10:42', '2017-08-29 16:10:42', '35d15c2e-0e1e-447a-b1b0-c27073ce8c82'),
 ('188', 'Reunion', 'RE', '0', '2017-08-29 16:10:42', '2017-08-29 16:10:42', '877809a8-d023-4bb5-b32a-fa9e730201d6'),
 ('189', 'Romania', 'RO', '0', '2017-08-29 16:10:42', '2017-08-29 16:10:42', '583a198d-f158-4e0f-9354-80b6823d653c'),
 ('190', 'Republic of Serbia', 'RS', '0', '2017-08-29 16:10:42', '2017-08-29 16:10:42', 'f6ce46b2-6d4c-4186-b657-573c0e4ae0c9'),
 ('191', 'Russia', 'RU', '0', '2017-08-29 16:10:42', '2017-08-29 16:10:42', 'ce4ba7d0-22bd-48a1-92b6-62fc8a16a6a9'),
 ('192', 'Rwanda', 'RW', '0', '2017-08-29 16:10:42', '2017-08-29 16:10:42', 'f3d20692-fe4f-4db5-8c77-131b6dc7d3b0'),
 ('193', 'Saudi Arabia', 'SA', '0', '2017-08-29 16:10:42', '2017-08-29 16:10:42', 'a0914ebb-c16b-484f-9472-aad8cf039764'),
 ('194', 'Solomon Islands', 'SB', '0', '2017-08-29 16:10:42', '2017-08-29 16:10:42', '6c2f85c0-4df1-4b86-8a10-d8c53072fb3b'),
 ('195', 'Seychelles', 'SC', '0', '2017-08-29 16:10:42', '2017-08-29 16:10:42', 'a8b0fbff-d47d-4f7a-a1a2-50eb1beead0c'),
 ('196', 'Sudan', 'SD', '0', '2017-08-29 16:10:42', '2017-08-29 16:10:42', '9649467d-1abd-4326-9ac1-063906ac3edd'),
 ('197', 'Sweden', 'SE', '0', '2017-08-29 16:10:42', '2017-08-29 16:10:42', 'ffac7b2f-5c9b-45f4-8e37-2d6769a831bf'),
 ('198', 'Singapore', 'SG', '0', '2017-08-29 16:10:42', '2017-08-29 16:10:42', 'aabfc251-ae49-4d0b-8503-7bf6518bffd5'),
 ('199', 'St. Helena', 'SH', '0', '2017-08-29 16:10:42', '2017-08-29 16:10:42', '79de2f69-332c-4a45-8057-6d4fab483fd5'),
 ('200', 'Slovenia', 'SI', '0', '2017-08-29 16:10:42', '2017-08-29 16:10:42', '11f113b2-d1d2-417d-8a93-a4191be62fef');
INSERT INTO `craft_commerce_countries` (`id`, `name`, `iso`, `stateRequired`, `dateCreated`, `dateUpdated`, `uid`) VALUES
 ('201', 'Svalbard and Jan Mayen Islands', 'SJ', '0', '2017-08-29 16:10:42', '2017-08-29 16:10:42', '3d615400-186c-4ced-a462-b6ab211e30ef'),
 ('202', 'Slovak Republic', 'SK', '0', '2017-08-29 16:10:42', '2017-08-29 16:10:42', '54f04c14-30b8-4937-9e8e-a9c7ad1d605e'),
 ('203', 'Sierra Leone', 'SL', '0', '2017-08-29 16:10:42', '2017-08-29 16:10:42', '2329bea9-b05e-4bc1-9dc5-db1dda9034de'),
 ('204', 'San Marino', 'SM', '0', '2017-08-29 16:10:42', '2017-08-29 16:10:42', '0861c9e7-0ed4-4e0c-9571-bc6c71c156bb'),
 ('205', 'Senegal', 'SN', '0', '2017-08-29 16:10:42', '2017-08-29 16:10:42', 'dd009692-d924-4cca-8b69-1544cccf3326'),
 ('206', 'Somalia', 'SO', '0', '2017-08-29 16:10:42', '2017-08-29 16:10:42', 'bb7b9c1e-f0b1-4740-8b16-26e3d963faa2'),
 ('207', 'Suriname', 'SR', '0', '2017-08-29 16:10:42', '2017-08-29 16:10:42', 'e9d19e80-8405-4e62-bc69-aac74a7b71ae'),
 ('208', 'South Sudan', 'SS', '0', '2017-08-29 16:10:42', '2017-08-29 16:10:42', 'fedd6ea4-f3d2-417a-97f6-29b1e6fc80bd'),
 ('209', 'Sao Tome and Principe', 'ST', '0', '2017-08-29 16:10:42', '2017-08-29 16:10:42', '33feac75-798b-4022-8369-9092cc2a52ac'),
 ('210', 'El Salvador', 'SV', '0', '2017-08-29 16:10:42', '2017-08-29 16:10:42', '264ea599-dfdb-44f4-8061-c92c2c9c8cec'),
 ('211', 'Sint Maarten (Dutch part)', 'SX', '0', '2017-08-29 16:10:42', '2017-08-29 16:10:42', 'f6a18947-6e98-4f34-87df-3e92134b1387'),
 ('212', 'Syria', 'SY', '0', '2017-08-29 16:10:42', '2017-08-29 16:10:42', 'f7a8c9c2-333d-4888-8131-212f738eae55'),
 ('213', 'Swaziland', 'SZ', '0', '2017-08-29 16:10:42', '2017-08-29 16:10:42', '6df87af9-39aa-4346-bffa-fac1774a6d66'),
 ('214', 'Turks and Caicos Islands', 'TC', '0', '2017-08-29 16:10:42', '2017-08-29 16:10:42', 'db39fc46-bbe1-4034-b6c3-9413e81cbf8d'),
 ('215', 'Chad', 'TD', '0', '2017-08-29 16:10:42', '2017-08-29 16:10:42', 'df2f151e-7f32-4245-a7f9-0e177c131e40'),
 ('216', 'French Southern Territories', 'TF', '0', '2017-08-29 16:10:42', '2017-08-29 16:10:42', '619f7d95-7ad6-4542-99af-116296041d60'),
 ('217', 'Togo', 'TG', '0', '2017-08-29 16:10:42', '2017-08-29 16:10:42', 'a8e338cb-fe5c-49fd-9a19-2bd616962f8c'),
 ('218', 'Thailand', 'TH', '0', '2017-08-29 16:10:42', '2017-08-29 16:10:42', '41279f65-850b-40ee-938c-2df10166e7ce'),
 ('219', 'Tajikistan', 'TJ', '0', '2017-08-29 16:10:42', '2017-08-29 16:10:42', '570e839b-a065-407b-8572-649ace9c81d4'),
 ('220', 'Tokelau', 'TK', '0', '2017-08-29 16:10:42', '2017-08-29 16:10:42', '47c19e3c-b9ca-4005-904c-aff1be04ecff'),
 ('221', 'Timor-Leste', 'TL', '0', '2017-08-29 16:10:42', '2017-08-29 16:10:42', '0a4ce08d-06cf-4b17-a12e-f8ea08e99db9'),
 ('222', 'Turkmenistan', 'TM', '0', '2017-08-29 16:10:42', '2017-08-29 16:10:42', 'b3794994-1258-4714-afa9-abdc41c48fee'),
 ('223', 'Tunisia', 'TN', '0', '2017-08-29 16:10:42', '2017-08-29 16:10:42', '1215e133-1ce0-4cd4-b83d-97873f17a9cd'),
 ('224', 'Tonga', 'TO', '0', '2017-08-29 16:10:42', '2017-08-29 16:10:42', 'a7f6043d-2ced-424b-8331-d3e4c82e8087'),
 ('225', 'Turkey', 'TR', '0', '2017-08-29 16:10:42', '2017-08-29 16:10:42', '1e0c6818-d338-4937-9a7a-1472b7f28ef8'),
 ('226', 'Trinidad and Tobago', 'TT', '0', '2017-08-29 16:10:42', '2017-08-29 16:10:42', '6a8149e2-4753-4ced-87d8-f78470647137'),
 ('227', 'Tuvalu', 'TV', '0', '2017-08-29 16:10:42', '2017-08-29 16:10:42', 'b425dc40-b513-4aad-a1e3-d3add56d4c60'),
 ('228', 'Taiwan', 'TW', '0', '2017-08-29 16:10:42', '2017-08-29 16:10:42', '233af661-cfd0-43b3-a457-f503be7e8619'),
 ('229', 'Tanzania', 'TZ', '0', '2017-08-29 16:10:42', '2017-08-29 16:10:42', 'c5396da1-8d59-433e-b6d7-b536c6eaa87a'),
 ('230', 'Ukraine', 'UA', '0', '2017-08-29 16:10:42', '2017-08-29 16:10:42', '7ea85158-cfa0-4ee0-8a34-7f5682f811b0'),
 ('231', 'Uganda', 'UG', '0', '2017-08-29 16:10:42', '2017-08-29 16:10:42', '9eefe98f-64b4-448e-982c-5914daa22d3d'),
 ('232', 'United States Minor Outlying Islands', 'UM', '0', '2017-08-29 16:10:42', '2017-08-29 16:10:42', '37d982b0-87e3-44d1-ac47-6e3c1b97b9cb'),
 ('233', 'United States', 'US', '0', '2017-08-29 16:10:42', '2017-08-29 16:10:42', '453e8f63-5ddb-4cbf-a9bf-f6d8debd7be4'),
 ('234', 'Uruguay', 'UY', '0', '2017-08-29 16:10:42', '2017-08-29 16:10:42', '280bb581-9264-4bce-8755-360498168597'),
 ('235', 'Uzbekistan', 'UZ', '0', '2017-08-29 16:10:42', '2017-08-29 16:10:42', '86a1f7cb-e919-44aa-9489-c3ef955faa19'),
 ('236', 'Vatican City State (Holy See)', 'VA', '0', '2017-08-29 16:10:42', '2017-08-29 16:10:42', '524cab1b-e424-4a99-823f-95e577ef6e1b'),
 ('237', 'Saint Vincent and the Grenadines', 'VC', '0', '2017-08-29 16:10:42', '2017-08-29 16:10:42', 'd1218dcb-ddb3-4c8a-9cf7-591b46300655'),
 ('238', 'Venezuela', 'VE', '0', '2017-08-29 16:10:42', '2017-08-29 16:10:42', '4907e7ea-30ba-478e-b6aa-c3fcfe3cff6e'),
 ('239', 'Virgin Islands (British)', 'VG', '0', '2017-08-29 16:10:42', '2017-08-29 16:10:42', '4967c9b6-d2f3-4d06-aed4-bf8d3f343022'),
 ('240', 'Virgin Islands (U.S.)', 'VI', '0', '2017-08-29 16:10:42', '2017-08-29 16:10:42', '54732417-a117-43e2-8d67-1626a382fb02'),
 ('241', 'Viet Nam', 'VN', '0', '2017-08-29 16:10:42', '2017-08-29 16:10:42', '95eae69a-02f0-4a3b-b736-70016da357d3'),
 ('242', 'Vanuatu', 'VU', '0', '2017-08-29 16:10:42', '2017-08-29 16:10:42', '7ab884af-a768-4662-921c-2618e08b689c'),
 ('243', 'Wallis and Futuna Islands', 'WF', '0', '2017-08-29 16:10:42', '2017-08-29 16:10:42', 'd94bf37a-4b47-419f-98b5-13c95df77617'),
 ('244', 'Samoa', 'WS', '0', '2017-08-29 16:10:42', '2017-08-29 16:10:42', '693026e8-610a-4bb4-828e-da2370a75813'),
 ('245', 'Yemen', 'YE', '0', '2017-08-29 16:10:42', '2017-08-29 16:10:42', 'd55d4bc6-209d-4404-a8e5-f588f0260156'),
 ('246', 'Mayotte', 'YT', '0', '2017-08-29 16:10:42', '2017-08-29 16:10:42', '89fb1704-f6ce-4684-a8da-6e87463eafb9'),
 ('247', 'South Africa', 'ZA', '0', '2017-08-29 16:10:42', '2017-08-29 16:10:42', '75cbd54d-1e65-4ee2-83e8-f9821b9ea39e'),
 ('248', 'Zambia', 'ZM', '0', '2017-08-29 16:10:42', '2017-08-29 16:10:42', '801ee3cb-efa3-469c-8cfb-cb9665c753ab'),
 ('249', 'Zimbabwe', 'ZW', '0', '2017-08-29 16:10:42', '2017-08-29 16:10:42', '1ffd49c1-1923-4f24-93ba-907f9639c247');



DROP TABLE IF EXISTS `craft_commerce_customer_discountuses`;


--
-- Schema for table `craft_commerce_customer_discountuses`
--
CREATE TABLE `craft_commerce_customer_discountuses` (
  `id` int(11) NOT NULL AUTO_INCREMENT,
  `discountId` int(10) NOT NULL,
  `customerId` int(10) NOT NULL,
  `uses` int(10) unsigned NOT NULL,
  `dateCreated` datetime NOT NULL,
  `dateUpdated` datetime NOT NULL,
  `uid` char(36) COLLATE utf8_unicode_ci NOT NULL DEFAULT '0',
  PRIMARY KEY (`id`),
  UNIQUE KEY `craft_commerce_customer_discountuses_customerId_discountId_unq_i` (`customerId`,`discountId`),
  KEY `craft_commerce_customer_discountuses_discountId_fk` (`discountId`)
) ENGINE=InnoDB DEFAULT CHARSET=utf8 COLLATE=utf8_unicode_ci;

DROP TABLE IF EXISTS `craft_commerce_customers`;


--
-- Schema for table `craft_commerce_customers`
--
CREATE TABLE `craft_commerce_customers` (
  `id` int(11) NOT NULL AUTO_INCREMENT,
  `userId` int(11) DEFAULT NULL,
  `email` varchar(255) COLLATE utf8_unicode_ci DEFAULT NULL,
  `lastUsedBillingAddressId` int(10) DEFAULT NULL,
  `lastUsedShippingAddressId` int(10) DEFAULT NULL,
  `dateCreated` datetime NOT NULL,
  `dateUpdated` datetime NOT NULL,
  `uid` char(36) COLLATE utf8_unicode_ci NOT NULL DEFAULT '0',
  PRIMARY KEY (`id`),
  KEY `craft_commerce_customers_userId_fk` (`userId`)
) ENGINE=InnoDB AUTO_INCREMENT=25 DEFAULT CHARSET=utf8 COLLATE=utf8_unicode_ci;

--
-- Data for table `craft_commerce_customers`
--

INSERT INTO `craft_commerce_customers` (`id`, `userId`, `email`, `lastUsedBillingAddressId`, `lastUsedShippingAddressId`, `dateCreated`, `dateUpdated`, `uid`) VALUES
 ('1', NULL, NULL, NULL, NULL, '2017-08-29 16:18:34', '2017-08-29 16:18:34', '3232f8a9-44f0-4b72-9845-ee7820c29820'),
 ('2', '1', 'joe.waine@gmail.com', '1', '1', '2017-08-29 16:29:57', '2017-09-26 18:42:48', 'af014c5c-56c0-4c15-be80-906ddec9debd'),
 ('3', NULL, NULL, NULL, NULL, '2017-08-29 16:33:59', '2017-08-29 16:33:59', 'a716de31-ca5a-4699-a160-fe49b2e46f81'),
 ('4', NULL, NULL, NULL, NULL, '2017-08-29 20:08:30', '2017-08-29 20:08:30', '255490e7-c41c-455d-b191-5114fc35169e'),
 ('5', NULL, NULL, NULL, NULL, '2017-08-29 20:12:27', '2017-08-29 20:12:27', '2b3a82e1-795b-4321-b6a9-7bcd11cb47b0'),
 ('6', NULL, NULL, NULL, NULL, '2017-08-29 20:28:59', '2017-08-29 20:28:59', 'a7800e7b-cbfa-43a2-bd76-08c298d7493c'),
 ('7', NULL, NULL, NULL, NULL, '2017-08-30 21:59:47', '2017-08-30 21:59:47', '1cb8cf0d-0cb5-4c57-a502-fe73d0bd612c'),
 ('8', NULL, 'joe.waine@gmail.com', NULL, NULL, '2017-08-31 15:11:27', '2017-08-31 16:25:28', 'cdd76478-43b0-45b4-9e83-07aa5f9c8662'),
 ('9', NULL, NULL, NULL, NULL, '2017-08-31 20:58:00', '2017-08-31 20:58:00', '729d3400-fe91-498b-9df1-382106c284fa'),
 ('10', NULL, NULL, NULL, NULL, '2017-09-18 17:34:21', '2017-09-18 17:34:21', 'ab506c08-0605-4a60-9fb7-8b809751a64b'),
 ('11', NULL, 'joe.waine@gmail.com', NULL, NULL, '2017-09-18 21:45:49', '2017-09-19 00:42:21', '8dadea3d-ff84-496c-a88e-2743735d11da'),
 ('12', NULL, NULL, NULL, NULL, '2017-09-19 17:21:50', '2017-09-19 17:21:50', '9feac972-a9d0-4970-b318-fc2d1a9008e7'),
 ('13', NULL, NULL, NULL, NULL, '2017-09-20 16:35:40', '2017-09-20 16:35:40', '8b332c57-182b-4106-8ace-f0124a98836a'),
 ('14', NULL, NULL, NULL, NULL, '2017-09-20 20:44:56', '2017-09-20 20:44:56', 'be68e231-fe5a-4507-8e0a-fb731873fa10'),
 ('15', NULL, NULL, NULL, NULL, '2017-09-25 20:53:10', '2017-09-25 20:53:10', '2a062195-f68d-49ee-b167-215326033198'),
 ('16', NULL, NULL, NULL, NULL, '2017-09-26 17:01:19', '2017-09-26 17:01:19', '0e1ca12f-093f-4df0-a598-8a50298278d8'),
 ('17', NULL, NULL, NULL, NULL, '2017-09-26 21:54:47', '2017-09-26 21:54:47', '680deff7-99c7-41ee-84f5-70d0c814b22e'),
 ('18', NULL, NULL, NULL, NULL, '2017-09-26 22:47:19', '2017-09-26 22:47:19', 'cce86719-49f0-48d9-9f2f-b7f99e3c1e05'),
 ('19', NULL, NULL, NULL, NULL, '2017-10-02 21:40:35', '2017-10-02 21:40:35', 'c538fb55-cae2-42ee-9a4f-ab0325f5a451'),
 ('20', NULL, NULL, NULL, NULL, '2017-10-02 21:41:32', '2017-10-02 21:41:32', 'a1f8a38d-345c-47cc-b389-1e4164ddfbf6'),
 ('21', NULL, NULL, NULL, NULL, '2017-10-02 23:02:44', '2017-10-02 23:02:44', '2aad47be-fce7-48a8-94f1-0d2b04e4343c'),
 ('22', NULL, NULL, NULL, NULL, '2017-10-03 15:40:22', '2017-10-03 15:40:22', '98e0490f-d4a3-457d-9f9a-379e6232f68d'),
 ('23', NULL, NULL, NULL, NULL, '2017-10-03 21:47:09', '2017-10-03 21:47:09', 'c00bbf74-33ac-4ec5-8bc2-72628f4b538b'),
 ('24', NULL, NULL, NULL, NULL, '2017-10-25 20:07:34', '2017-10-25 20:07:34', 'a594a212-cc19-4df4-8c27-bbc908e72ba7');



DROP TABLE IF EXISTS `craft_commerce_customers_addresses`;


--
-- Schema for table `craft_commerce_customers_addresses`
--
CREATE TABLE `craft_commerce_customers_addresses` (
  `id` int(11) NOT NULL AUTO_INCREMENT,
  `customerId` int(11) NOT NULL,
  `addressId` int(11) NOT NULL,
  `dateCreated` datetime NOT NULL,
  `dateUpdated` datetime NOT NULL,
  `uid` char(36) COLLATE utf8_unicode_ci NOT NULL DEFAULT '0',
  PRIMARY KEY (`id`),
  UNIQUE KEY `craft_commerce_customers_addresses_customerId_addressId_unq_idx` (`customerId`,`addressId`),
  KEY `craft_commerce_customers_addresses_customerId_idx` (`customerId`),
  KEY `craft_commerce_customers_addresses_addressId_idx` (`addressId`)
) ENGINE=InnoDB AUTO_INCREMENT=3 DEFAULT CHARSET=utf8 COLLATE=utf8_unicode_ci;

--
-- Data for table `craft_commerce_customers_addresses`
--

INSERT INTO `craft_commerce_customers_addresses` (`id`, `customerId`, `addressId`, `dateCreated`, `dateUpdated`, `uid`) VALUES
 ('1', '2', '1', '2017-08-29 19:55:39', '2017-09-26 19:04:01', '49ebd183-c1bc-4986-bbc6-ca87d1a38d68'),
 ('2', '8', '2', '2017-08-31 16:25:44', '2017-08-31 16:25:44', '564bdfa7-9bca-4e18-ace8-12f710ee74db');



DROP TABLE IF EXISTS `craft_commerce_discount_products`;


--
-- Schema for table `craft_commerce_discount_products`
--
CREATE TABLE `craft_commerce_discount_products` (
  `id` int(11) NOT NULL AUTO_INCREMENT,
  `discountId` int(10) NOT NULL,
  `productId` int(10) NOT NULL,
  `dateCreated` datetime NOT NULL,
  `dateUpdated` datetime NOT NULL,
  `uid` char(36) COLLATE utf8_unicode_ci NOT NULL DEFAULT '0',
  PRIMARY KEY (`id`),
  UNIQUE KEY `craft_commerce_discount_products_discountId_productId_unq_idx` (`discountId`,`productId`),
  KEY `craft_commerce_discount_products_productId_fk` (`productId`)
) ENGINE=InnoDB DEFAULT CHARSET=utf8 COLLATE=utf8_unicode_ci;

DROP TABLE IF EXISTS `craft_commerce_discount_producttypes`;


--
-- Schema for table `craft_commerce_discount_producttypes`
--
CREATE TABLE `craft_commerce_discount_producttypes` (
  `id` int(11) NOT NULL AUTO_INCREMENT,
  `discountId` int(10) NOT NULL,
  `productTypeId` int(10) NOT NULL,
  `dateCreated` datetime NOT NULL,
  `dateUpdated` datetime NOT NULL,
  `uid` char(36) COLLATE utf8_unicode_ci NOT NULL DEFAULT '0',
  PRIMARY KEY (`id`),
  UNIQUE KEY `craft_commerc_discoun_producttype_discountI_productTypeI_unq_idx` (`discountId`,`productTypeId`),
  KEY `craft_commerce_discount_producttypes_productTypeId_fk` (`productTypeId`)
) ENGINE=InnoDB DEFAULT CHARSET=utf8 COLLATE=utf8_unicode_ci;

DROP TABLE IF EXISTS `craft_commerce_discount_usergroups`;


--
-- Schema for table `craft_commerce_discount_usergroups`
--
CREATE TABLE `craft_commerce_discount_usergroups` (
  `id` int(11) NOT NULL AUTO_INCREMENT,
  `discountId` int(10) NOT NULL,
  `userGroupId` int(10) NOT NULL,
  `dateCreated` datetime NOT NULL,
  `dateUpdated` datetime NOT NULL,
  `uid` char(36) COLLATE utf8_unicode_ci NOT NULL DEFAULT '0',
  PRIMARY KEY (`id`),
  UNIQUE KEY `craft_commerce_discount_usergroups_discountId_userGroupId_unq_id` (`discountId`,`userGroupId`),
  KEY `craft_commerce_discount_usergroups_userGroupId_fk` (`userGroupId`)
) ENGINE=InnoDB DEFAULT CHARSET=utf8 COLLATE=utf8_unicode_ci;

DROP TABLE IF EXISTS `craft_commerce_discounts`;


--
-- Schema for table `craft_commerce_discounts`
--
CREATE TABLE `craft_commerce_discounts` (
  `id` int(11) NOT NULL AUTO_INCREMENT,
  `name` varchar(255) COLLATE utf8_unicode_ci NOT NULL,
  `description` text COLLATE utf8_unicode_ci,
  `code` varchar(255) COLLATE utf8_unicode_ci DEFAULT NULL,
  `perUserLimit` int(10) unsigned NOT NULL DEFAULT '0',
  `perEmailLimit` int(10) unsigned NOT NULL DEFAULT '0',
  `totalUseLimit` int(10) unsigned NOT NULL DEFAULT '0',
  `totalUses` int(10) unsigned NOT NULL DEFAULT '0',
  `dateFrom` datetime DEFAULT NULL,
  `dateTo` datetime DEFAULT NULL,
  `purchaseTotal` int(10) NOT NULL DEFAULT '0',
  `purchaseQty` int(10) NOT NULL DEFAULT '0',
  `maxPurchaseQty` int(10) NOT NULL DEFAULT '0',
  `baseDiscount` decimal(14,4) NOT NULL DEFAULT '0.0000',
  `perItemDiscount` decimal(14,4) NOT NULL DEFAULT '0.0000',
  `percentDiscount` decimal(14,4) NOT NULL DEFAULT '0.0000',
  `percentageOffSubject` enum('original','discounted') COLLATE utf8_unicode_ci NOT NULL DEFAULT 'discounted',
  `excludeOnSale` tinyint(1) unsigned NOT NULL DEFAULT '0',
  `freeShipping` tinyint(1) unsigned NOT NULL DEFAULT '0',
  `allGroups` tinyint(1) unsigned NOT NULL DEFAULT '0',
  `allProducts` tinyint(1) unsigned NOT NULL DEFAULT '0',
  `allProductTypes` tinyint(1) unsigned NOT NULL DEFAULT '0',
  `enabled` tinyint(1) unsigned NOT NULL DEFAULT '1',
  `stopProcessing` tinyint(1) unsigned NOT NULL DEFAULT '0',
  `sortOrder` int(10) DEFAULT NULL,
  `dateCreated` datetime NOT NULL,
  `dateUpdated` datetime NOT NULL,
  `uid` char(36) COLLATE utf8_unicode_ci NOT NULL DEFAULT '0',
  PRIMARY KEY (`id`),
  UNIQUE KEY `craft_commerce_discounts_code_unq_idx` (`code`),
  KEY `craft_commerce_discounts_dateFrom_idx` (`dateFrom`),
  KEY `craft_commerce_discounts_dateTo_idx` (`dateTo`)
) ENGINE=InnoDB DEFAULT CHARSET=utf8 COLLATE=utf8_unicode_ci;

DROP TABLE IF EXISTS `craft_commerce_emails`;


--
-- Schema for table `craft_commerce_emails`
--
CREATE TABLE `craft_commerce_emails` (
  `id` int(11) NOT NULL AUTO_INCREMENT,
  `name` varchar(255) COLLATE utf8_unicode_ci NOT NULL,
  `subject` varchar(255) COLLATE utf8_unicode_ci NOT NULL,
  `recipientType` enum('customer','custom') COLLATE utf8_unicode_ci DEFAULT 'custom',
  `to` varchar(255) COLLATE utf8_unicode_ci DEFAULT NULL,
  `bcc` varchar(255) COLLATE utf8_unicode_ci DEFAULT NULL,
  `enabled` tinyint(1) unsigned NOT NULL DEFAULT '0',
  `templatePath` varchar(255) COLLATE utf8_unicode_ci NOT NULL,
  `dateCreated` datetime NOT NULL,
  `dateUpdated` datetime NOT NULL,
  `uid` char(36) COLLATE utf8_unicode_ci NOT NULL DEFAULT '0',
  PRIMARY KEY (`id`)
) ENGINE=InnoDB DEFAULT CHARSET=utf8 COLLATE=utf8_unicode_ci;

DROP TABLE IF EXISTS `craft_commerce_lineitems`;


--
-- Schema for table `craft_commerce_lineitems`
--
CREATE TABLE `craft_commerce_lineitems` (
  `id` int(11) NOT NULL AUTO_INCREMENT,
  `orderId` int(11) NOT NULL,
  `purchasableId` int(11) DEFAULT NULL,
  `options` text COLLATE utf8_unicode_ci,
  `optionsSignature` varchar(255) COLLATE utf8_unicode_ci NOT NULL,
  `price` decimal(14,4) unsigned NOT NULL,
  `saleAmount` decimal(14,4) NOT NULL DEFAULT '0.0000',
  `salePrice` decimal(14,4) NOT NULL DEFAULT '0.0000',
  `tax` decimal(14,4) NOT NULL DEFAULT '0.0000',
  `taxIncluded` decimal(14,4) NOT NULL DEFAULT '0.0000',
  `shippingCost` decimal(14,4) unsigned NOT NULL DEFAULT '0.0000',
  `discount` decimal(14,4) NOT NULL DEFAULT '0.0000',
  `weight` decimal(14,4) unsigned NOT NULL DEFAULT '0.0000',
  `height` decimal(14,4) unsigned NOT NULL DEFAULT '0.0000',
  `length` decimal(14,4) unsigned NOT NULL DEFAULT '0.0000',
  `width` decimal(14,4) unsigned NOT NULL DEFAULT '0.0000',
  `total` decimal(14,4) unsigned NOT NULL DEFAULT '0.0000',
  `qty` int(10) unsigned NOT NULL,
  `note` text COLLATE utf8_unicode_ci,
  `snapshot` text COLLATE utf8_unicode_ci NOT NULL,
  `taxCategoryId` int(10) NOT NULL,
  `shippingCategoryId` int(10) NOT NULL,
  `dateCreated` datetime NOT NULL,
  `dateUpdated` datetime NOT NULL,
  `uid` char(36) COLLATE utf8_unicode_ci NOT NULL DEFAULT '0',
  PRIMARY KEY (`id`),
  UNIQUE KEY `craf_commerc_lineitem_orderI_purchasableI_optionsSignatu_unq_idx` (`orderId`,`purchasableId`,`optionsSignature`),
  KEY `craft_commerce_lineitems_purchasableId_fk` (`purchasableId`),
  KEY `craft_commerce_lineitems_taxCategoryId_fk` (`taxCategoryId`),
  KEY `craft_commerce_lineitems_shippingCategoryId_fk` (`shippingCategoryId`)
) ENGINE=InnoDB AUTO_INCREMENT=117 DEFAULT CHARSET=utf8 COLLATE=utf8_unicode_ci;

--
-- Data for table `craft_commerce_lineitems`
--

INSERT INTO `craft_commerce_lineitems` (`id`, `orderId`, `purchasableId`, `options`, `optionsSignature`, `price`, `saleAmount`, `salePrice`, `tax`, `taxIncluded`, `shippingCost`, `discount`, `weight`, `height`, `length`, `width`, `total`, `qty`, `note`, `snapshot`, `taxCategoryId`, `shippingCategoryId`, `dateCreated`, `dateUpdated`, `uid`) VALUES
 ('51', '31', '23', '[]', 'd751713988987e9331980363e24189ce', '20.0000', '0.0000', '20.0000', '0.0000', '0.0000', '0.0000', '0.0000', '0.0000', '0.0000', '0.0000', '0.0000', '20.0000', '1', NULL, '{\"id\":\"23\",\"enabled\":\"1\",\"archived\":\"0\",\"locale\":\"en_us\",\"localeEnabled\":\"1\",\"slug\":\"a-new-toga\",\"uri\":null,\"dateCreated\":\"2017-08-29 16:10:42\",\"dateUpdated\":\"2017-09-20 19:24:23\",\"root\":null,\"lft\":null,\"rgt\":null,\"level\":null,\"searchScore\":null,\"productId\":\"22\",\"isDefault\":\"1\",\"sku\":\"A New Toga\",\"price\":\"20.0000\",\"sortOrder\":\"1\",\"width\":\"0.0000\",\"height\":\"0.0000\",\"length\":\"0.0000\",\"weight\":\"0.0000\",\"stock\":\"0\",\"unlimitedStock\":\"1\",\"minQty\":null,\"maxQty\":null,\"onSale\":0,\"cpEditUrl\":\"#\",\"product\":{\"id\":\"22\",\"enabled\":\"1\",\"archived\":\"0\",\"locale\":\"en_us\",\"localeEnabled\":\"1\",\"slug\":\"a-new-toga\",\"uri\":\"order\\/menu\\/a-new-toga\",\"dateCreated\":\"2017-08-29 16:10:42\",\"dateUpdated\":\"2017-09-20 19:24:23\",\"root\":null,\"lft\":null,\"rgt\":null,\"level\":null,\"searchScore\":null,\"typeId\":\"1\",\"taxCategoryId\":\"1\",\"shippingCategoryId\":\"1\",\"promotable\":\"1\",\"freeShipping\":\"0\",\"postDate\":\"2017-08-29 16:10:00\",\"expiryDate\":null,\"defaultVariantId\":\"23\",\"defaultSku\":\"A New Toga\",\"defaultPrice\":\"20.0000\",\"defaultHeight\":\"0.0000\",\"defaultLength\":\"0.0000\",\"defaultWidth\":\"0.0000\",\"defaultWeight\":\"0.0000\",\"title\":\"Watermelon\"},\"description\":\"Watermelon\",\"purchasableId\":\"23\",\"options\":[]}', '1', '1', '2017-09-20 21:04:42', '2017-09-20 21:05:06', 'dbfa3d5b-280e-4b76-919a-5412701da424'),
 ('52', '31', '25', '[]', 'd751713988987e9331980363e24189ce', '7.0000', '0.0000', '7.0000', '0.0000', '0.0000', '0.0000', '0.0000', '0.0000', '0.0000', '0.0000', '0.0000', '7.0000', '1', NULL, '{\"id\":\"25\",\"enabled\":\"1\",\"archived\":\"0\",\"locale\":\"en_us\",\"localeEnabled\":\"1\",\"slug\":\"parka-with-stripes-on-back\",\"uri\":null,\"dateCreated\":\"2017-08-29 16:10:42\",\"dateUpdated\":\"2017-09-20 19:24:06\",\"root\":null,\"lft\":null,\"rgt\":null,\"level\":null,\"searchScore\":null,\"productId\":\"24\",\"isDefault\":\"1\",\"sku\":\"Baba Ghanoush\",\"price\":\"7.0000\",\"sortOrder\":\"1\",\"width\":\"0.0000\",\"height\":\"0.0000\",\"length\":\"0.0000\",\"weight\":\"0.0000\",\"stock\":\"0\",\"unlimitedStock\":\"1\",\"minQty\":null,\"maxQty\":null,\"onSale\":0,\"cpEditUrl\":\"#\",\"product\":{\"id\":\"24\",\"enabled\":\"1\",\"archived\":\"0\",\"locale\":\"en_us\",\"localeEnabled\":\"1\",\"slug\":\"baba-ghanoush\",\"uri\":\"order\\/menu\\/baba-ghanoush\",\"dateCreated\":\"2017-08-29 16:10:42\",\"dateUpdated\":\"2017-09-20 19:24:06\",\"root\":null,\"lft\":null,\"rgt\":null,\"level\":null,\"searchScore\":null,\"typeId\":\"1\",\"taxCategoryId\":\"1\",\"shippingCategoryId\":\"1\",\"promotable\":\"1\",\"freeShipping\":\"0\",\"postDate\":\"2017-08-29 16:10:00\",\"expiryDate\":null,\"defaultVariantId\":\"25\",\"defaultSku\":\"Baba Ghanoush\",\"defaultPrice\":\"7.0000\",\"defaultHeight\":\"0.0000\",\"defaultLength\":\"0.0000\",\"defaultWidth\":\"0.0000\",\"defaultWeight\":\"0.0000\",\"title\":\"Baba Ghanoush\"},\"description\":\"Baba Ghanoush\",\"purchasableId\":\"25\",\"options\":[]}', '1', '1', '2017-09-20 21:04:46', '2017-09-20 21:05:06', '1dd3b2d0-4836-4965-9091-a470b29d6cb2'),
 ('53', '31', '27', '[]', 'd751713988987e9331980363e24189ce', '30.0000', '0.0000', '30.0000', '0.0000', '0.0000', '0.0000', '0.0000', '0.0000', '0.0000', '0.0000', '0.0000', '30.0000', '1', NULL, '{\"id\":\"27\",\"enabled\":\"1\",\"archived\":\"0\",\"locale\":\"en_us\",\"localeEnabled\":\"1\",\"slug\":\"romper-for-a-red-eye\",\"uri\":null,\"dateCreated\":\"2017-08-29 16:10:42\",\"dateUpdated\":\"2017-09-20 19:24:15\",\"root\":null,\"lft\":null,\"rgt\":null,\"level\":null,\"searchScore\":null,\"productId\":\"26\",\"isDefault\":\"1\",\"sku\":\"Romper for a Red Eye\",\"price\":\"30.0000\",\"sortOrder\":\"1\",\"width\":\"0.0000\",\"height\":\"0.0000\",\"length\":\"0.0000\",\"weight\":\"0.0000\",\"stock\":\"0\",\"unlimitedStock\":\"1\",\"minQty\":null,\"maxQty\":null,\"onSale\":0,\"cpEditUrl\":\"#\",\"product\":{\"id\":\"26\",\"enabled\":\"1\",\"archived\":\"0\",\"locale\":\"en_us\",\"localeEnabled\":\"1\",\"slug\":\"romper-for-a-red-eye\",\"uri\":\"order\\/menu\\/romper-for-a-red-eye\",\"dateCreated\":\"2017-08-29 16:10:42\",\"dateUpdated\":\"2017-09-20 19:24:15\",\"root\":null,\"lft\":null,\"rgt\":null,\"level\":null,\"searchScore\":null,\"typeId\":\"1\",\"taxCategoryId\":\"1\",\"shippingCategoryId\":\"1\",\"promotable\":\"1\",\"freeShipping\":\"0\",\"postDate\":\"2017-08-29 16:10:00\",\"expiryDate\":null,\"defaultVariantId\":\"27\",\"defaultSku\":\"Romper for a Red Eye\",\"defaultPrice\":\"30.0000\",\"defaultHeight\":\"0.0000\",\"defaultLength\":\"0.0000\",\"defaultWidth\":\"0.0000\",\"defaultWeight\":\"0.0000\",\"title\":\"Hummus\"},\"description\":\"Hummus\",\"purchasableId\":\"27\",\"options\":[]}', '1', '1', '2017-09-20 21:04:54', '2017-09-20 21:05:06', '80aad9e1-afb8-4897-85fb-2feac5986b27'),
 ('54', '31', '29', '[]', 'd751713988987e9331980363e24189ce', '40.0000', '0.0000', '40.0000', '0.0000', '0.0000', '0.0000', '0.0000', '0.0000', '0.0000', '0.0000', '0.0000', '40.0000', '1', NULL, '{\"id\":\"29\",\"enabled\":\"1\",\"archived\":\"0\",\"locale\":\"en_us\",\"localeEnabled\":\"1\",\"slug\":\"the-fleece-awakens\",\"uri\":null,\"dateCreated\":\"2017-08-29 16:10:42\",\"dateUpdated\":\"2017-09-20 19:24:34\",\"root\":null,\"lft\":null,\"rgt\":null,\"level\":null,\"searchScore\":null,\"productId\":\"28\",\"isDefault\":\"1\",\"sku\":\"The Fleece Awakens\",\"price\":\"40.0000\",\"sortOrder\":\"1\",\"width\":\"0.0000\",\"height\":\"0.0000\",\"length\":\"0.0000\",\"weight\":\"0.0000\",\"stock\":\"0\",\"unlimitedStock\":\"1\",\"minQty\":null,\"maxQty\":null,\"onSale\":0,\"cpEditUrl\":\"#\",\"product\":{\"id\":\"28\",\"enabled\":\"1\",\"archived\":\"0\",\"locale\":\"en_us\",\"localeEnabled\":\"1\",\"slug\":\"the-fleece-awakens\",\"uri\":\"order\\/menu\\/the-fleece-awakens\",\"dateCreated\":\"2017-08-29 16:10:42\",\"dateUpdated\":\"2017-09-20 19:24:34\",\"root\":null,\"lft\":null,\"rgt\":null,\"level\":null,\"searchScore\":null,\"typeId\":\"1\",\"taxCategoryId\":\"1\",\"shippingCategoryId\":\"1\",\"promotable\":\"1\",\"freeShipping\":\"0\",\"postDate\":\"2017-08-29 16:10:00\",\"expiryDate\":null,\"defaultVariantId\":\"29\",\"defaultSku\":\"The Fleece Awakens\",\"defaultPrice\":\"40.0000\",\"defaultHeight\":\"0.0000\",\"defaultLength\":\"0.0000\",\"defaultWidth\":\"0.0000\",\"defaultWeight\":\"0.0000\",\"title\":\"Za\'atar\"},\"description\":\"Za\'atar\",\"purchasableId\":\"29\",\"options\":[]}', '1', '1', '2017-09-20 21:05:06', '2017-09-20 21:05:06', '5866e75d-80cc-49d1-973e-791786f8456c'),
 ('111', '51', '23', '[]', 'd751713988987e9331980363e24189ce', '20.2500', '0.0000', '20.2500', '0.0000', '0.0000', '0.0000', '0.0000', '0.0000', '0.0000', '0.0000', '0.0000', '303.7500', '15', NULL, '{\"id\":\"23\",\"enabled\":\"1\",\"archived\":\"0\",\"locale\":\"en_us\",\"localeEnabled\":\"1\",\"slug\":\"a-new-toga\",\"uri\":null,\"dateCreated\":\"2017-08-29 16:10:42\",\"dateUpdated\":\"2017-09-26 21:47:50\",\"root\":null,\"lft\":null,\"rgt\":null,\"level\":null,\"searchScore\":null,\"productId\":\"22\",\"isDefault\":\"1\",\"sku\":\"Basic\",\"price\":\"20.2500\",\"sortOrder\":\"1\",\"width\":\"0.0000\",\"height\":\"0.0000\",\"length\":\"0.0000\",\"weight\":\"0.0000\",\"stock\":\"0\",\"unlimitedStock\":\"1\",\"minQty\":null,\"maxQty\":null,\"onSale\":0,\"cpEditUrl\":\"#\",\"product\":{\"id\":\"22\",\"enabled\":\"1\",\"archived\":\"0\",\"locale\":\"en_us\",\"localeEnabled\":\"1\",\"slug\":\"a-new-toga\",\"uri\":\"order\\/menu\\/a-new-toga\",\"dateCreated\":\"2017-08-29 16:10:42\",\"dateUpdated\":\"2017-09-26 21:47:50\",\"root\":null,\"lft\":null,\"rgt\":null,\"level\":null,\"searchScore\":null,\"typeId\":\"1\",\"taxCategoryId\":\"1\",\"shippingCategoryId\":\"1\",\"promotable\":\"1\",\"freeShipping\":\"0\",\"postDate\":\"2017-08-29 16:10:00\",\"expiryDate\":null,\"defaultVariantId\":\"23\",\"defaultSku\":\"Basic\",\"defaultPrice\":\"20.2500\",\"defaultHeight\":\"0.0000\",\"defaultLength\":\"0.0000\",\"defaultWidth\":\"0.0000\",\"defaultWeight\":\"0.0000\",\"title\":\"Watermelon\"},\"description\":\"Watermelon\",\"purchasableId\":\"23\",\"options\":[]}', '1', '1', '2017-09-26 21:08:48', '2017-10-25 20:07:35', '068ded6b-d922-4bcc-8e3f-142a4562c403'),
 ('112', '51', '25', '[]', 'd751713988987e9331980363e24189ce', '7.0600', '0.0000', '7.0600', '0.0000', '0.0000', '0.0000', '0.0000', '0.0000', '0.0000', '0.0000', '0.0000', '7.0600', '1', NULL, '{\"id\":\"25\",\"enabled\":\"1\",\"archived\":\"0\",\"locale\":\"en_us\",\"localeEnabled\":\"1\",\"slug\":\"parka-with-stripes-on-back\",\"uri\":null,\"dateCreated\":\"2017-08-29 16:10:42\",\"dateUpdated\":\"2017-09-26 21:47:30\",\"root\":null,\"lft\":null,\"rgt\":null,\"level\":null,\"searchScore\":null,\"productId\":\"24\",\"isDefault\":\"1\",\"sku\":\"basic baba ghanoush\",\"price\":\"7.0600\",\"sortOrder\":\"1\",\"width\":\"0.0000\",\"height\":\"0.0000\",\"length\":\"0.0000\",\"weight\":\"0.0000\",\"stock\":\"0\",\"unlimitedStock\":\"1\",\"minQty\":null,\"maxQty\":null,\"onSale\":0,\"cpEditUrl\":\"#\",\"product\":{\"id\":\"24\",\"enabled\":\"1\",\"archived\":\"0\",\"locale\":\"en_us\",\"localeEnabled\":\"1\",\"slug\":\"baba-ghanoush\",\"uri\":\"order\\/menu\\/baba-ghanoush\",\"dateCreated\":\"2017-08-29 16:10:42\",\"dateUpdated\":\"2017-09-26 21:47:30\",\"root\":null,\"lft\":null,\"rgt\":null,\"level\":null,\"searchScore\":null,\"typeId\":\"1\",\"taxCategoryId\":\"1\",\"shippingCategoryId\":\"1\",\"promotable\":\"1\",\"freeShipping\":\"0\",\"postDate\":\"2017-08-29 16:10:00\",\"expiryDate\":null,\"defaultVariantId\":\"25\",\"defaultSku\":\"basic baba ghanoush\",\"defaultPrice\":\"7.0600\",\"defaultHeight\":\"0.0000\",\"defaultLength\":\"0.0000\",\"defaultWidth\":\"0.0000\",\"defaultWeight\":\"0.0000\",\"title\":\"Baba Ghanoush\"},\"description\":\"Baba Ghanoush\",\"purchasableId\":\"25\",\"options\":[]}', '1', '1', '2017-09-26 21:55:28', '2017-10-25 20:07:35', 'c27ad806-6a32-4ec8-9be8-6086180eeb1c'),
 ('113', '51', '27', '[]', 'd751713988987e9331980363e24189ce', '30.2400', '0.0000', '30.2400', '0.0000', '0.0000', '0.0000', '0.0000', '0.0000', '0.0000', '0.0000', '0.0000', '30.2400', '1', NULL, '{\"id\":\"27\",\"enabled\":\"1\",\"archived\":\"0\",\"locale\":\"en_us\",\"localeEnabled\":\"1\",\"slug\":\"romper-for-a-red-eye\",\"uri\":null,\"dateCreated\":\"2017-08-29 16:10:42\",\"dateUpdated\":\"2017-09-26 21:47:38\",\"root\":null,\"lft\":null,\"rgt\":null,\"level\":null,\"searchScore\":null,\"productId\":\"26\",\"isDefault\":\"1\",\"sku\":\"basic hummus\",\"price\":\"30.2400\",\"sortOrder\":\"1\",\"width\":\"0.0000\",\"height\":\"0.0000\",\"length\":\"0.0000\",\"weight\":\"0.0000\",\"stock\":\"0\",\"unlimitedStock\":\"1\",\"minQty\":null,\"maxQty\":null,\"onSale\":0,\"cpEditUrl\":\"#\",\"product\":{\"id\":\"26\",\"enabled\":\"1\",\"archived\":\"0\",\"locale\":\"en_us\",\"localeEnabled\":\"1\",\"slug\":\"romper-for-a-red-eye\",\"uri\":\"order\\/menu\\/romper-for-a-red-eye\",\"dateCreated\":\"2017-08-29 16:10:42\",\"dateUpdated\":\"2017-09-26 21:47:38\",\"root\":null,\"lft\":null,\"rgt\":null,\"level\":null,\"searchScore\":null,\"typeId\":\"1\",\"taxCategoryId\":\"1\",\"shippingCategoryId\":\"1\",\"promotable\":\"1\",\"freeShipping\":\"0\",\"postDate\":\"2017-08-29 16:10:00\",\"expiryDate\":null,\"defaultVariantId\":\"27\",\"defaultSku\":\"basic hummus\",\"defaultPrice\":\"30.2400\",\"defaultHeight\":\"0.0000\",\"defaultLength\":\"0.0000\",\"defaultWidth\":\"0.0000\",\"defaultWeight\":\"0.0000\",\"title\":\"Hummus\"},\"description\":\"Hummus\",\"purchasableId\":\"27\",\"options\":[]}', '1', '1', '2017-09-26 21:55:34', '2017-10-25 20:07:35', '6c7ee3c9-7841-4b45-ade0-5130747c68a3'),
 ('114', '51', '29', '[]', 'd751713988987e9331980363e24189ce', '10.0000', '0.0000', '10.0000', '0.0000', '0.0000', '0.0000', '0.0000', '0.0000', '0.0000', '0.0000', '0.0000', '10.0000', '1', NULL, '{\"id\":\"29\",\"enabled\":\"1\",\"archived\":\"0\",\"locale\":\"en_us\",\"localeEnabled\":\"1\",\"slug\":\"the-fleece-awakens\",\"uri\":null,\"dateCreated\":\"2017-08-29 16:10:42\",\"dateUpdated\":\"2017-09-26 22:57:15\",\"root\":null,\"lft\":null,\"rgt\":null,\"level\":null,\"searchScore\":null,\"productId\":\"28\",\"isDefault\":\"1\",\"sku\":\"za atar\",\"price\":\"10.0000\",\"sortOrder\":\"1\",\"width\":\"0.0000\",\"height\":\"0.0000\",\"length\":\"0.0000\",\"weight\":\"0.0000\",\"stock\":\"0\",\"unlimitedStock\":\"1\",\"minQty\":null,\"maxQty\":null,\"onSale\":0,\"cpEditUrl\":\"#\",\"product\":{\"id\":\"28\",\"enabled\":\"1\",\"archived\":\"0\",\"locale\":\"en_us\",\"localeEnabled\":\"1\",\"slug\":\"the-fleece-awakens\",\"uri\":\"order\\/menu\\/the-fleece-awakens\",\"dateCreated\":\"2017-08-29 16:10:42\",\"dateUpdated\":\"2017-09-26 22:57:15\",\"root\":null,\"lft\":null,\"rgt\":null,\"level\":null,\"searchScore\":null,\"typeId\":\"1\",\"taxCategoryId\":\"1\",\"shippingCategoryId\":\"1\",\"promotable\":\"1\",\"freeShipping\":\"0\",\"postDate\":\"2017-08-29 16:10:00\",\"expiryDate\":null,\"defaultVariantId\":\"29\",\"defaultSku\":\"za atar\",\"defaultPrice\":\"10.0000\",\"defaultHeight\":\"0.0000\",\"defaultLength\":\"0.0000\",\"defaultWidth\":\"0.0000\",\"defaultWeight\":\"0.0000\",\"title\":\"Za\'atar\"},\"description\":\"Za\'atar\",\"purchasableId\":\"29\",\"options\":[]}', '1', '1', '2017-09-26 21:55:37', '2017-10-25 20:07:35', 'fb1a5c16-0d24-4815-8828-61ef20686121'),
 ('115', '51', '33', '[]', 'd751713988987e9331980363e24189ce', '56.0000', '0.0000', '56.0000', '0.0000', '0.0000', '0.0000', '0.0000', '0.0000', '0.0000', '0.0000', '0.0000', '56.0000', '1', NULL, '{\"id\":\"33\",\"enabled\":\"1\",\"archived\":\"0\",\"locale\":\"en_us\",\"localeEnabled\":\"1\",\"slug\":\"watermelon\",\"uri\":null,\"dateCreated\":\"2017-08-31 05:58:14\",\"dateUpdated\":\"2017-09-26 21:47:50\",\"root\":null,\"lft\":null,\"rgt\":null,\"level\":null,\"searchScore\":null,\"productId\":\"22\",\"isDefault\":\"0\",\"sku\":\"ono\",\"price\":\"56.0000\",\"sortOrder\":\"2\",\"width\":\"0.0000\",\"height\":\"0.0000\",\"length\":\"0.0000\",\"weight\":\"0.0000\",\"stock\":\"0\",\"unlimitedStock\":\"1\",\"minQty\":null,\"maxQty\":null,\"onSale\":0,\"cpEditUrl\":\"#\",\"product\":{\"id\":\"22\",\"enabled\":\"1\",\"archived\":\"0\",\"locale\":\"en_us\",\"localeEnabled\":\"1\",\"slug\":\"a-new-toga\",\"uri\":\"order\\/menu\\/a-new-toga\",\"dateCreated\":\"2017-08-29 16:10:42\",\"dateUpdated\":\"2017-09-26 21:47:50\",\"root\":null,\"lft\":null,\"rgt\":null,\"level\":null,\"searchScore\":null,\"typeId\":\"1\",\"taxCategoryId\":\"1\",\"shippingCategoryId\":\"1\",\"promotable\":\"1\",\"freeShipping\":\"0\",\"postDate\":\"2017-08-29 16:10:00\",\"expiryDate\":null,\"defaultVariantId\":\"23\",\"defaultSku\":\"Basic\",\"defaultPrice\":\"20.2500\",\"defaultHeight\":\"0.0000\",\"defaultLength\":\"0.0000\",\"defaultWidth\":\"0.0000\",\"defaultWeight\":\"0.0000\",\"title\":\"Watermelon\"},\"description\":\"Watermelon\",\"purchasableId\":\"33\",\"options\":[]}', '1', '1', '2017-09-26 22:49:44', '2017-10-25 20:07:35', '6c146534-1b1a-47dc-87f8-915ae71921d9'),
 ('116', '51', '34', '[]', 'd751713988987e9331980363e24189ce', '90.0000', '0.0000', '90.0000', '0.0000', '0.0000', '0.0000', '0.0000', '0.0000', '0.0000', '0.0000', '0.0000', '360.0000', '4', NULL, '{\"id\":\"34\",\"enabled\":\"1\",\"archived\":\"0\",\"locale\":\"en_us\",\"localeEnabled\":\"1\",\"slug\":\"watermelon\",\"uri\":null,\"dateCreated\":\"2017-08-31 05:58:14\",\"dateUpdated\":\"2017-09-26 21:47:50\",\"root\":null,\"lft\":null,\"rgt\":null,\"level\":null,\"searchScore\":null,\"productId\":\"22\",\"isDefault\":\"0\",\"sku\":\"pop\",\"price\":\"90.0000\",\"sortOrder\":\"3\",\"width\":\"0.0000\",\"height\":\"0.0000\",\"length\":\"0.0000\",\"weight\":\"0.0000\",\"stock\":\"0\",\"unlimitedStock\":\"1\",\"minQty\":null,\"maxQty\":null,\"onSale\":0,\"cpEditUrl\":\"#\",\"product\":{\"id\":\"22\",\"enabled\":\"1\",\"archived\":\"0\",\"locale\":\"en_us\",\"localeEnabled\":\"1\",\"slug\":\"a-new-toga\",\"uri\":\"order\\/menu\\/a-new-toga\",\"dateCreated\":\"2017-08-29 16:10:42\",\"dateUpdated\":\"2017-09-26 21:47:50\",\"root\":null,\"lft\":null,\"rgt\":null,\"level\":null,\"searchScore\":null,\"typeId\":\"1\",\"taxCategoryId\":\"1\",\"shippingCategoryId\":\"1\",\"promotable\":\"1\",\"freeShipping\":\"0\",\"postDate\":\"2017-08-29 16:10:00\",\"expiryDate\":null,\"defaultVariantId\":\"23\",\"defaultSku\":\"Basic\",\"defaultPrice\":\"20.2500\",\"defaultHeight\":\"0.0000\",\"defaultLength\":\"0.0000\",\"defaultWidth\":\"0.0000\",\"defaultWeight\":\"0.0000\",\"title\":\"Watermelon\"},\"description\":\"Watermelon\",\"purchasableId\":\"34\",\"options\":[]}', '1', '1', '2017-09-26 22:49:52', '2017-10-25 20:07:35', 'e766dda0-18f0-4442-9267-29ce7b456375');



DROP TABLE IF EXISTS `craft_commerce_orderadjustments`;


--
-- Schema for table `craft_commerce_orderadjustments`
--
CREATE TABLE `craft_commerce_orderadjustments` (
  `id` int(11) NOT NULL AUTO_INCREMENT,
  `type` varchar(255) COLLATE utf8_unicode_ci NOT NULL,
  `name` varchar(255) COLLATE utf8_unicode_ci DEFAULT NULL,
  `description` varchar(255) COLLATE utf8_unicode_ci DEFAULT NULL,
  `amount` decimal(14,4) NOT NULL,
  `included` tinyint(1) unsigned NOT NULL DEFAULT '0',
  `optionsJson` text COLLATE utf8_unicode_ci NOT NULL,
  `orderId` int(10) NOT NULL,
  `dateCreated` datetime NOT NULL,
  `dateUpdated` datetime NOT NULL,
  `uid` char(36) COLLATE utf8_unicode_ci NOT NULL DEFAULT '0',
  PRIMARY KEY (`id`),
  KEY `craft_commerce_orderadjustments_orderId_idx` (`orderId`)
) ENGINE=InnoDB AUTO_INCREMENT=44 DEFAULT CHARSET=utf8 COLLATE=utf8_unicode_ci;

--
-- Data for table `craft_commerce_orderadjustments`
--

INSERT INTO `craft_commerce_orderadjustments` (`id`, `type`, `name`, `description`, `amount`, `included`, `optionsJson`, `orderId`, `dateCreated`, `dateUpdated`, `uid`) VALUES
 ('43', 'Shipping', 'Free Shipping', 'All Countries, free shipping.', '0.0000', '0', '{\"lineItemsAffected\":[],\"id\":\"1\",\"name\":\"Free Everywhere \",\"description\":\"All Countries, free shipping.\",\"shippingZoneId\":null,\"methodId\":\"1\",\"priority\":\"0\",\"enabled\":\"1\",\"minQty\":\"0\",\"maxQty\":\"0\",\"minTotal\":0,\"maxTotal\":0,\"minWeight\":0,\"maxWeight\":0,\"baseRate\":\"0.0000\",\"perItemRate\":\"0.0000\",\"weightRate\":\"0.0000\",\"percentageRate\":\"0.0000\",\"minRate\":\"0.0000\",\"maxRate\":\"0.0000\"}', '51', '2017-10-25 20:07:35', '2017-10-25 20:07:35', 'a1d25098-87d6-4b62-9fbb-2aee55d663f8');



DROP TABLE IF EXISTS `craft_commerce_orderhistories`;


--
-- Schema for table `craft_commerce_orderhistories`
--
CREATE TABLE `craft_commerce_orderhistories` (
  `id` int(11) NOT NULL AUTO_INCREMENT,
  `prevStatusId` int(11) DEFAULT NULL,
  `newStatusId` int(11) DEFAULT NULL,
  `orderId` int(10) NOT NULL,
  `customerId` int(10) NOT NULL,
  `message` text COLLATE utf8_unicode_ci,
  `dateCreated` datetime NOT NULL,
  `dateUpdated` datetime NOT NULL,
  `uid` char(36) COLLATE utf8_unicode_ci NOT NULL DEFAULT '0',
  PRIMARY KEY (`id`),
  KEY `craft_commerce_orderhistories_orderId_fk` (`orderId`),
  KEY `craft_commerce_orderhistories_prevStatusId_fk` (`prevStatusId`),
  KEY `craft_commerce_orderhistories_newStatusId_fk` (`newStatusId`),
  KEY `craft_commerce_orderhistories_customerId_fk` (`customerId`)
) ENGINE=InnoDB DEFAULT CHARSET=utf8 COLLATE=utf8_unicode_ci;

DROP TABLE IF EXISTS `craft_commerce_orders`;


--
-- Schema for table `craft_commerce_orders`
--
CREATE TABLE `craft_commerce_orders` (
  `billingAddressId` int(11) DEFAULT NULL,
  `shippingAddressId` int(11) DEFAULT NULL,
  `paymentMethodId` int(11) DEFAULT NULL,
  `customerId` int(11) DEFAULT NULL,
  `id` int(11) NOT NULL,
  `orderStatusId` int(11) DEFAULT NULL,
  `number` varchar(32) COLLATE utf8_unicode_ci DEFAULT NULL,
  `couponCode` varchar(255) COLLATE utf8_unicode_ci DEFAULT NULL,
  `itemTotal` decimal(14,4) DEFAULT '0.0000',
  `baseDiscount` decimal(14,4) DEFAULT '0.0000',
  `baseShippingCost` decimal(14,4) DEFAULT '0.0000',
  `baseTax` decimal(14,4) DEFAULT '0.0000',
  `baseTaxIncluded` decimal(14,4) DEFAULT '0.0000',
  `totalPrice` decimal(14,4) DEFAULT '0.0000',
  `totalPaid` decimal(14,4) DEFAULT '0.0000',
  `email` varchar(255) COLLATE utf8_unicode_ci DEFAULT NULL,
  `isCompleted` tinyint(1) unsigned NOT NULL DEFAULT '0',
  `dateOrdered` datetime DEFAULT NULL,
  `datePaid` datetime DEFAULT NULL,
  `currency` varchar(255) COLLATE utf8_unicode_ci DEFAULT NULL,
  `paymentCurrency` varchar(255) COLLATE utf8_unicode_ci DEFAULT NULL,
  `lastIp` varchar(255) COLLATE utf8_unicode_ci DEFAULT NULL,
  `orderLocale` char(12) COLLATE utf8_unicode_ci DEFAULT NULL,
  `message` varchar(255) COLLATE utf8_unicode_ci DEFAULT NULL,
  `returnUrl` varchar(255) COLLATE utf8_unicode_ci DEFAULT NULL,
  `cancelUrl` varchar(255) COLLATE utf8_unicode_ci DEFAULT NULL,
  `shippingMethod` varchar(255) COLLATE utf8_unicode_ci DEFAULT NULL,
  `dateCreated` datetime NOT NULL,
  `dateUpdated` datetime NOT NULL,
  `uid` char(36) COLLATE utf8_unicode_ci NOT NULL DEFAULT '0',
  PRIMARY KEY (`id`),
  KEY `craft_commerce_orders_number_idx` (`number`),
  KEY `craft_commerce_orders_billingAddressId_fk` (`billingAddressId`),
  KEY `craft_commerce_orders_shippingAddressId_fk` (`shippingAddressId`),
  KEY `craft_commerce_orders_paymentMethodId_fk` (`paymentMethodId`),
  KEY `craft_commerce_orders_customerId_fk` (`customerId`),
  KEY `craft_commerce_orders_orderStatusId_fk` (`orderStatusId`)
) ENGINE=InnoDB DEFAULT CHARSET=utf8 COLLATE=utf8_unicode_ci;

--
-- Data for table `craft_commerce_orders`
--

INSERT INTO `craft_commerce_orders` (`billingAddressId`, `shippingAddressId`, `paymentMethodId`, `customerId`, `id`, `orderStatusId`, `number`, `couponCode`, `itemTotal`, `baseDiscount`, `baseShippingCost`, `baseTax`, `baseTaxIncluded`, `totalPrice`, `totalPaid`, `email`, `isCompleted`, `dateOrdered`, `datePaid`, `currency`, `paymentCurrency`, `lastIp`, `orderLocale`, `message`, `returnUrl`, `cancelUrl`, `shippingMethod`, `dateCreated`, `dateUpdated`, `uid`) VALUES
 (NULL, NULL, '1', '14', '31', NULL, '082b10f689d20e72e83a2d800f629118', NULL, '97.0000', '0.0000', '0.0000', '0.0000', '0.0000', '97.0000', '0.0000', NULL, '0', NULL, NULL, 'USD', 'USD', '::1', 'en_us', NULL, '/order/customer/order?number=082b10f689d20e72e83a2d800f629118', '/order/checkout/payment', NULL, '2017-08-29 17:41:43', '2017-09-20 21:05:06', 'df91b085-6a32-447c-88d4-259aa1cc81fe'),
 (NULL, NULL, '1', '24', '51', NULL, '31ed9b881be09b81bbf1beec070ca2b4', NULL, '767.0500', '0.0000', '0.0000', '0.0000', '0.0000', '767.0500', '0.0000', NULL, '0', NULL, NULL, 'USD', 'USD', '::1', 'en_us', NULL, NULL, NULL, 'freeShipping', '2017-09-26 18:50:53', '2017-10-25 20:07:35', 'ea72e425-6dad-4124-bcc5-802c96b03d18');



DROP TABLE IF EXISTS `craft_commerce_ordersettings`;


--
-- Schema for table `craft_commerce_ordersettings`
--
CREATE TABLE `craft_commerce_ordersettings` (
  `id` int(11) NOT NULL AUTO_INCREMENT,
  `fieldLayoutId` int(11) DEFAULT NULL,
  `name` varchar(255) COLLATE utf8_unicode_ci NOT NULL,
  `handle` varchar(255) COLLATE utf8_unicode_ci NOT NULL,
  `dateCreated` datetime NOT NULL,
  `dateUpdated` datetime NOT NULL,
  `uid` char(36) COLLATE utf8_unicode_ci NOT NULL DEFAULT '0',
  PRIMARY KEY (`id`),
  UNIQUE KEY `craft_commerce_ordersettings_handle_unq_idx` (`handle`),
  KEY `craft_commerce_ordersettings_fieldLayoutId_fk` (`fieldLayoutId`)
) ENGINE=InnoDB AUTO_INCREMENT=2 DEFAULT CHARSET=utf8 COLLATE=utf8_unicode_ci;

--
-- Data for table `craft_commerce_ordersettings`
--

INSERT INTO `craft_commerce_ordersettings` (`id`, `fieldLayoutId`, `name`, `handle`, `dateCreated`, `dateUpdated`, `uid`) VALUES
 ('1', '27', 'Order', 'order', '2017-08-29 16:10:41', '2017-08-29 16:10:41', '5468458d-e737-40ad-96c8-026a732966c0');



DROP TABLE IF EXISTS `craft_commerce_orderstatus_emails`;


--
-- Schema for table `craft_commerce_orderstatus_emails`
--
CREATE TABLE `craft_commerce_orderstatus_emails` (
  `id` int(11) NOT NULL AUTO_INCREMENT,
  `orderStatusId` int(11) NOT NULL,
  `emailId` int(11) NOT NULL,
  `dateCreated` datetime NOT NULL,
  `dateUpdated` datetime NOT NULL,
  `uid` char(36) COLLATE utf8_unicode_ci NOT NULL DEFAULT '0',
  PRIMARY KEY (`id`),
  KEY `craft_commerce_orderstatus_emails_orderStatusId_fk` (`orderStatusId`),
  KEY `craft_commerce_orderstatus_emails_emailId_fk` (`emailId`)
) ENGINE=InnoDB DEFAULT CHARSET=utf8 COLLATE=utf8_unicode_ci;

DROP TABLE IF EXISTS `craft_commerce_orderstatuses`;


--
-- Schema for table `craft_commerce_orderstatuses`
--
CREATE TABLE `craft_commerce_orderstatuses` (
  `id` int(11) NOT NULL AUTO_INCREMENT,
  `name` varchar(255) COLLATE utf8_unicode_ci NOT NULL,
  `handle` varchar(255) COLLATE utf8_unicode_ci NOT NULL,
  `color` enum('green','orange','red','blue','yellow','pink','purple','turquoise','light','grey','black') COLLATE utf8_unicode_ci NOT NULL DEFAULT 'green',
  `sortOrder` int(10) DEFAULT NULL,
  `default` tinyint(1) unsigned NOT NULL DEFAULT '0',
  `dateCreated` datetime NOT NULL,
  `dateUpdated` datetime NOT NULL,
  `uid` char(36) COLLATE utf8_unicode_ci NOT NULL DEFAULT '0',
  PRIMARY KEY (`id`)
) ENGINE=InnoDB AUTO_INCREMENT=3 DEFAULT CHARSET=utf8 COLLATE=utf8_unicode_ci;

--
-- Data for table `craft_commerce_orderstatuses`
--

INSERT INTO `craft_commerce_orderstatuses` (`id`, `name`, `handle`, `color`, `sortOrder`, `default`, `dateCreated`, `dateUpdated`, `uid`) VALUES
 ('1', 'Processing', 'processing', 'green', '999', '1', '2017-08-29 16:10:41', '2017-08-29 16:10:41', 'defece59-863c-4909-b883-f701e5893600'),
 ('2', 'Shipped', 'shipped', 'blue', '999', '0', '2017-08-29 16:10:41', '2017-08-29 16:10:41', 'c76dc254-269b-4743-8631-c7c2a3aad257');



DROP TABLE IF EXISTS `craft_commerce_paymentcurrencies`;


--
-- Schema for table `craft_commerce_paymentcurrencies`
--
CREATE TABLE `craft_commerce_paymentcurrencies` (
  `id` int(11) NOT NULL AUTO_INCREMENT,
  `iso` varchar(3) COLLATE utf8_unicode_ci NOT NULL,
  `primary` tinyint(1) unsigned NOT NULL DEFAULT '0',
  `rate` decimal(14,4) NOT NULL DEFAULT '0.0000',
  `dateCreated` datetime NOT NULL,
  `dateUpdated` datetime NOT NULL,
  `uid` char(36) COLLATE utf8_unicode_ci NOT NULL DEFAULT '0',
  PRIMARY KEY (`id`),
  UNIQUE KEY `craft_commerce_paymentcurrencies_iso_unq_idx` (`iso`)
) ENGINE=InnoDB AUTO_INCREMENT=2 DEFAULT CHARSET=utf8 COLLATE=utf8_unicode_ci;

--
-- Data for table `craft_commerce_paymentcurrencies`
--

INSERT INTO `craft_commerce_paymentcurrencies` (`id`, `iso`, `primary`, `rate`, `dateCreated`, `dateUpdated`, `uid`) VALUES
 ('1', 'USD', '1', '1.0000', '2017-08-29 16:10:41', '2017-08-29 16:10:41', '0abf4ea4-da09-4b26-81cc-749ccc648dcc');



DROP TABLE IF EXISTS `craft_commerce_paymentmethods`;


--
-- Schema for table `craft_commerce_paymentmethods`
--
CREATE TABLE `craft_commerce_paymentmethods` (
  `id` int(11) NOT NULL AUTO_INCREMENT,
  `class` varchar(255) COLLATE utf8_unicode_ci NOT NULL,
  `name` varchar(255) COLLATE utf8_unicode_ci NOT NULL,
  `settings` text COLLATE utf8_unicode_ci,
  `paymentType` enum('authorize','purchase') COLLATE utf8_unicode_ci NOT NULL DEFAULT 'purchase',
  `frontendEnabled` tinyint(1) unsigned NOT NULL DEFAULT '0',
  `isArchived` tinyint(1) unsigned NOT NULL DEFAULT '0',
  `dateArchived` datetime DEFAULT NULL,
  `sortOrder` int(10) DEFAULT NULL,
  `dateCreated` datetime NOT NULL,
  `dateUpdated` datetime NOT NULL,
  `uid` char(36) COLLATE utf8_unicode_ci NOT NULL DEFAULT '0',
  PRIMARY KEY (`id`),
  UNIQUE KEY `craft_commerce_paymentmethods_name_unq_idx` (`name`)
) ENGINE=InnoDB AUTO_INCREMENT=2 DEFAULT CHARSET=utf8 COLLATE=utf8_unicode_ci;

--
-- Data for table `craft_commerce_paymentmethods`
--

INSERT INTO `craft_commerce_paymentmethods` (`id`, `class`, `name`, `settings`, `paymentType`, `frontendEnabled`, `isArchived`, `dateArchived`, `sortOrder`, `dateCreated`, `dateUpdated`, `uid`) VALUES
 ('1', 'Dummy', 'Dummy', '[]', 'purchase', '1', '0', NULL, NULL, '2017-08-29 16:10:42', '2017-08-29 16:10:42', '1a8be943-b38f-4bf2-ac2a-2c6af12a071b');



DROP TABLE IF EXISTS `craft_commerce_products`;


--
-- Schema for table `craft_commerce_products`
--
CREATE TABLE `craft_commerce_products` (
  `id` int(11) NOT NULL,
  `typeId` int(11) DEFAULT NULL,
  `taxCategoryId` int(11) NOT NULL,
  `shippingCategoryId` int(11) NOT NULL,
  `postDate` datetime DEFAULT NULL,
  `expiryDate` datetime DEFAULT NULL,
  `promotable` tinyint(1) unsigned NOT NULL DEFAULT '0',
  `freeShipping` tinyint(1) unsigned NOT NULL DEFAULT '0',
  `defaultVariantId` int(10) DEFAULT NULL,
  `defaultSku` varchar(255) COLLATE utf8_unicode_ci DEFAULT NULL,
  `defaultPrice` decimal(14,4) DEFAULT NULL,
  `defaultHeight` decimal(14,4) DEFAULT NULL,
  `defaultLength` decimal(14,4) DEFAULT NULL,
  `defaultWidth` decimal(14,4) DEFAULT NULL,
  `defaultWeight` decimal(14,4) DEFAULT NULL,
  `dateCreated` datetime NOT NULL,
  `dateUpdated` datetime NOT NULL,
  `uid` char(36) COLLATE utf8_unicode_ci NOT NULL DEFAULT '0',
  PRIMARY KEY (`id`),
  KEY `craft_commerce_products_typeId_idx` (`typeId`),
  KEY `craft_commerce_products_postDate_idx` (`postDate`),
  KEY `craft_commerce_products_expiryDate_idx` (`expiryDate`),
  KEY `craft_commerce_products_taxCategoryId_fk` (`taxCategoryId`),
  KEY `craft_commerce_products_shippingCategoryId_fk` (`shippingCategoryId`)
) ENGINE=InnoDB DEFAULT CHARSET=utf8 COLLATE=utf8_unicode_ci;

--
-- Data for table `craft_commerce_products`
--

INSERT INTO `craft_commerce_products` (`id`, `typeId`, `taxCategoryId`, `shippingCategoryId`, `postDate`, `expiryDate`, `promotable`, `freeShipping`, `defaultVariantId`, `defaultSku`, `defaultPrice`, `defaultHeight`, `defaultLength`, `defaultWidth`, `defaultWeight`, `dateCreated`, `dateUpdated`, `uid`) VALUES
 ('22', '1', '1', '1', '2017-08-29 16:10:00', NULL, '1', '0', '23', 'Basic', '20.2500', '0.0000', '0.0000', '0.0000', '0.0000', '2017-08-29 16:10:42', '2017-09-26 21:47:50', 'b48f779a-5cad-4778-beb4-60f9a8e2b3c9'),
 ('24', '1', '1', '1', '2017-08-29 16:10:00', NULL, '1', '0', '25', 'basic baba ghanoush', '7.0600', '0.0000', '0.0000', '0.0000', '0.0000', '2017-08-29 16:10:42', '2017-09-26 21:47:30', '3a7748fa-bbbd-4b6a-b1a2-d5f306c4c0f4'),
 ('26', '1', '1', '1', '2017-08-29 16:10:00', NULL, '1', '0', '27', 'basic hummus', '30.2400', '0.0000', '0.0000', '0.0000', '0.0000', '2017-08-29 16:10:42', '2017-09-26 21:47:38', 'cf8a052c-4ea9-4710-9141-552cf7024276'),
 ('28', '1', '1', '1', '2017-08-29 16:10:00', NULL, '1', '0', '29', 'za atar', '10.0000', '0.0000', '0.0000', '0.0000', '0.0000', '2017-08-29 16:10:42', '2017-09-26 22:57:15', '86cd1856-4df9-443a-a158-af0352b98b6a');



DROP TABLE IF EXISTS `craft_commerce_producttypes`;


--
-- Schema for table `craft_commerce_producttypes`
--
CREATE TABLE `craft_commerce_producttypes` (
  `id` int(11) NOT NULL AUTO_INCREMENT,
  `fieldLayoutId` int(11) DEFAULT NULL,
  `variantFieldLayoutId` int(11) DEFAULT NULL,
  `name` varchar(255) COLLATE utf8_unicode_ci NOT NULL,
  `handle` varchar(255) COLLATE utf8_unicode_ci NOT NULL,
  `hasUrls` tinyint(1) unsigned NOT NULL DEFAULT '0',
  `hasDimensions` tinyint(1) unsigned NOT NULL DEFAULT '0',
  `hasVariants` tinyint(1) unsigned NOT NULL DEFAULT '0',
  `hasVariantTitleField` tinyint(1) unsigned NOT NULL DEFAULT '1',
  `titleFormat` varchar(255) COLLATE utf8_unicode_ci NOT NULL,
  `skuFormat` varchar(255) COLLATE utf8_unicode_ci DEFAULT NULL,
  `descriptionFormat` varchar(255) COLLATE utf8_unicode_ci DEFAULT NULL,
  `template` varchar(500) COLLATE utf8_unicode_ci DEFAULT NULL,
  `dateCreated` datetime NOT NULL,
  `dateUpdated` datetime NOT NULL,
  `uid` char(36) COLLATE utf8_unicode_ci NOT NULL DEFAULT '0',
  PRIMARY KEY (`id`),
  UNIQUE KEY `craft_commerce_producttypes_handle_unq_idx` (`handle`),
  KEY `craft_commerce_producttypes_fieldLayoutId_fk` (`fieldLayoutId`),
  KEY `craft_commerce_producttypes_variantFieldLayoutId_fk` (`variantFieldLayoutId`)
) ENGINE=InnoDB AUTO_INCREMENT=2 DEFAULT CHARSET=utf8 COLLATE=utf8_unicode_ci;

--
-- Data for table `craft_commerce_producttypes`
--

INSERT INTO `craft_commerce_producttypes` (`id`, `fieldLayoutId`, `variantFieldLayoutId`, `name`, `handle`, `hasUrls`, `hasDimensions`, `hasVariants`, `hasVariantTitleField`, `titleFormat`, `skuFormat`, `descriptionFormat`, `template`, `dateCreated`, `dateUpdated`, `uid`) VALUES
 ('1', '54', '55', 'food', 'food', '1', '1', '1', '0', '{product.title}', '', '', 'order/menu/_product', '2017-08-29 16:10:41', '2017-09-26 17:59:16', '7ce35471-41fe-4e80-a50b-d25534b85bef');



DROP TABLE IF EXISTS `craft_commerce_producttypes_i18n`;


--
-- Schema for table `craft_commerce_producttypes_i18n`
--
CREATE TABLE `craft_commerce_producttypes_i18n` (
  `id` int(11) NOT NULL AUTO_INCREMENT,
  `productTypeId` int(11) NOT NULL,
  `locale` char(12) COLLATE utf8_unicode_ci NOT NULL,
  `urlFormat` text COLLATE utf8_unicode_ci,
  `dateCreated` datetime NOT NULL,
  `dateUpdated` datetime NOT NULL,
  `uid` char(36) COLLATE utf8_unicode_ci NOT NULL DEFAULT '0',
  PRIMARY KEY (`id`),
  UNIQUE KEY `craft_commerce_producttypes_i18n_productTypeId_locale_unq_idx` (`productTypeId`,`locale`),
  KEY `craft_commerce_producttypes_i18n_locale_fk` (`locale`)
) ENGINE=InnoDB AUTO_INCREMENT=2 DEFAULT CHARSET=utf8 COLLATE=utf8_unicode_ci;

--
-- Data for table `craft_commerce_producttypes_i18n`
--

INSERT INTO `craft_commerce_producttypes_i18n` (`id`, `productTypeId`, `locale`, `urlFormat`, `dateCreated`, `dateUpdated`, `uid`) VALUES
 ('1', '1', 'en_us', 'order/menu/{slug}', '2017-08-29 16:10:41', '2017-08-29 17:00:57', 'f7d824b1-1ebd-4664-8e48-243df06c9739');



DROP TABLE IF EXISTS `craft_commerce_producttypes_shippingcategories`;


--
-- Schema for table `craft_commerce_producttypes_shippingcategories`
--
CREATE TABLE `craft_commerce_producttypes_shippingcategories` (
  `id` int(11) NOT NULL AUTO_INCREMENT,
  `productTypeId` int(11) NOT NULL,
  `shippingCategoryId` int(11) NOT NULL,
  `dateCreated` datetime NOT NULL,
  `dateUpdated` datetime NOT NULL,
  `uid` char(36) COLLATE utf8_unicode_ci NOT NULL DEFAULT '0',
  PRIMARY KEY (`id`),
  UNIQUE KEY `craf_commer_productty_shippingcateg_productTy_shippingCateg_un_i` (`productTypeId`,`shippingCategoryId`),
  KEY `craft_commerc_producttype_shippingcategorie_shippingCategoryI_fk` (`shippingCategoryId`)
) ENGINE=InnoDB AUTO_INCREMENT=11 DEFAULT CHARSET=utf8 COLLATE=utf8_unicode_ci;

--
-- Data for table `craft_commerce_producttypes_shippingcategories`
--

INSERT INTO `craft_commerce_producttypes_shippingcategories` (`id`, `productTypeId`, `shippingCategoryId`, `dateCreated`, `dateUpdated`, `uid`) VALUES
 ('10', '1', '1', '2017-09-26 17:59:16', '2017-09-26 17:59:16', 'f7b88b02-1b85-4235-92fa-7e326cc1fa13');



DROP TABLE IF EXISTS `craft_commerce_producttypes_taxcategories`;


--
-- Schema for table `craft_commerce_producttypes_taxcategories`
--
CREATE TABLE `craft_commerce_producttypes_taxcategories` (
  `id` int(11) NOT NULL AUTO_INCREMENT,
  `productTypeId` int(11) NOT NULL,
  `taxCategoryId` int(11) NOT NULL,
  `dateCreated` datetime NOT NULL,
  `dateUpdated` datetime NOT NULL,
  `uid` char(36) COLLATE utf8_unicode_ci NOT NULL DEFAULT '0',
  PRIMARY KEY (`id`),
  UNIQUE KEY `craf_commerc_producttyp_taxcategori_productType_taxCategory_un_i` (`productTypeId`,`taxCategoryId`),
  KEY `craft_commerce_producttypes_taxcategories_taxCategoryId_fk` (`taxCategoryId`)
) ENGINE=InnoDB AUTO_INCREMENT=11 DEFAULT CHARSET=utf8 COLLATE=utf8_unicode_ci;

--
-- Data for table `craft_commerce_producttypes_taxcategories`
--

INSERT INTO `craft_commerce_producttypes_taxcategories` (`id`, `productTypeId`, `taxCategoryId`, `dateCreated`, `dateUpdated`, `uid`) VALUES
 ('10', '1', '1', '2017-09-26 17:59:16', '2017-09-26 17:59:16', '83638264-cd34-49bf-af1b-1201db9ead54');



DROP TABLE IF EXISTS `craft_commerce_purchasables`;


--
-- Schema for table `craft_commerce_purchasables`
--
CREATE TABLE `craft_commerce_purchasables` (
  `id` int(11) NOT NULL,
  `sku` varchar(255) COLLATE utf8_unicode_ci NOT NULL,
  `price` decimal(14,4) NOT NULL,
  `dateCreated` datetime NOT NULL,
  `dateUpdated` datetime NOT NULL,
  `uid` char(36) COLLATE utf8_unicode_ci NOT NULL DEFAULT '0',
  PRIMARY KEY (`id`),
  UNIQUE KEY `craft_commerce_purchasables_sku_unq_idx` (`sku`)
) ENGINE=InnoDB DEFAULT CHARSET=utf8 COLLATE=utf8_unicode_ci;

--
-- Data for table `craft_commerce_purchasables`
--

INSERT INTO `craft_commerce_purchasables` (`id`, `sku`, `price`, `dateCreated`, `dateUpdated`, `uid`) VALUES
 ('23', 'Basic', '20.2500', '2017-08-29 16:10:42', '2017-09-26 21:47:50', '40177eea-a582-47a4-ba8b-3ee4d2e33646'),
 ('25', 'basic baba ghanoush', '7.0600', '2017-08-29 16:10:42', '2017-09-26 21:47:30', '6f10a946-456e-49a8-b14b-4415114e5f60'),
 ('27', 'basic hummus', '30.2400', '2017-08-29 16:10:42', '2017-09-26 21:47:38', 'f79cd1c3-26d5-454e-9315-82f6b3099b1a'),
 ('29', 'za atar', '10.0000', '2017-08-29 16:10:42', '2017-09-26 22:57:15', '3c2a4828-a145-47e0-b87c-108430d31f37'),
 ('33', 'ono', '56.0000', '2017-08-31 05:58:14', '2017-09-26 21:47:50', '47caab5d-7402-4ecf-b51a-f12c66be94da'),
 ('34', 'pop', '90.0000', '2017-08-31 05:58:14', '2017-09-26 21:47:50', 'b21ad6e5-c512-4bf2-8a47-92f8c5d3fae3'),
 ('52', 'za atar gluten free', '13.0000', '2017-09-26 22:57:15', '2017-09-26 22:57:15', 'd58cf1e7-0dc8-4e73-a16b-8a15fb6d3b8e'),
 ('53', 'za atar dairy free', '10.0000', '2017-09-26 22:57:15', '2017-09-26 22:57:15', '8e7e9e81-dbee-4adb-b7e9-519452c58109');



DROP TABLE IF EXISTS `craft_commerce_sale_products`;


--
-- Schema for table `craft_commerce_sale_products`
--
CREATE TABLE `craft_commerce_sale_products` (
  `id` int(11) NOT NULL AUTO_INCREMENT,
  `saleId` int(10) NOT NULL,
  `productId` int(10) NOT NULL,
  `dateCreated` datetime NOT NULL,
  `dateUpdated` datetime NOT NULL,
  `uid` char(36) COLLATE utf8_unicode_ci NOT NULL DEFAULT '0',
  PRIMARY KEY (`id`),
  UNIQUE KEY `craft_commerce_sale_products_saleId_productId_unq_idx` (`saleId`,`productId`),
  KEY `craft_commerce_sale_products_productId_fk` (`productId`)
) ENGINE=InnoDB DEFAULT CHARSET=utf8 COLLATE=utf8_unicode_ci;

DROP TABLE IF EXISTS `craft_commerce_sale_producttypes`;


--
-- Schema for table `craft_commerce_sale_producttypes`
--
CREATE TABLE `craft_commerce_sale_producttypes` (
  `id` int(11) NOT NULL AUTO_INCREMENT,
  `saleId` int(10) NOT NULL,
  `productTypeId` int(10) NOT NULL,
  `dateCreated` datetime NOT NULL,
  `dateUpdated` datetime NOT NULL,
  `uid` char(36) COLLATE utf8_unicode_ci NOT NULL DEFAULT '0',
  PRIMARY KEY (`id`),
  UNIQUE KEY `craft_commerce_sale_producttypes_saleId_productTypeId_unq_idx` (`saleId`,`productTypeId`),
  KEY `craft_commerce_sale_producttypes_productTypeId_fk` (`productTypeId`)
) ENGINE=InnoDB DEFAULT CHARSET=utf8 COLLATE=utf8_unicode_ci;

DROP TABLE IF EXISTS `craft_commerce_sale_usergroups`;


--
-- Schema for table `craft_commerce_sale_usergroups`
--
CREATE TABLE `craft_commerce_sale_usergroups` (
  `id` int(11) NOT NULL AUTO_INCREMENT,
  `saleId` int(10) NOT NULL,
  `userGroupId` int(10) NOT NULL,
  `dateCreated` datetime NOT NULL,
  `dateUpdated` datetime NOT NULL,
  `uid` char(36) COLLATE utf8_unicode_ci NOT NULL DEFAULT '0',
  PRIMARY KEY (`id`),
  UNIQUE KEY `craft_commerce_sale_usergroups_saleId_userGroupId_unq_idx` (`saleId`,`userGroupId`),
  KEY `craft_commerce_sale_usergroups_userGroupId_fk` (`userGroupId`)
) ENGINE=InnoDB DEFAULT CHARSET=utf8 COLLATE=utf8_unicode_ci;

DROP TABLE IF EXISTS `craft_commerce_sales`;


--
-- Schema for table `craft_commerce_sales`
--
CREATE TABLE `craft_commerce_sales` (
  `id` int(11) NOT NULL AUTO_INCREMENT,
  `name` varchar(255) COLLATE utf8_unicode_ci NOT NULL,
  `description` text COLLATE utf8_unicode_ci,
  `dateFrom` datetime DEFAULT NULL,
  `dateTo` datetime DEFAULT NULL,
  `discountType` enum('percent','flat') COLLATE utf8_unicode_ci NOT NULL,
  `discountAmount` decimal(14,4) NOT NULL,
  `allGroups` tinyint(1) unsigned NOT NULL DEFAULT '0',
  `allProducts` tinyint(1) unsigned NOT NULL DEFAULT '0',
  `allProductTypes` tinyint(1) unsigned NOT NULL DEFAULT '0',
  `enabled` tinyint(1) unsigned NOT NULL DEFAULT '1',
  `dateCreated` datetime NOT NULL,
  `dateUpdated` datetime NOT NULL,
  `uid` char(36) COLLATE utf8_unicode_ci NOT NULL DEFAULT '0',
  PRIMARY KEY (`id`)
) ENGINE=InnoDB DEFAULT CHARSET=utf8 COLLATE=utf8_unicode_ci;

DROP TABLE IF EXISTS `craft_commerce_shippingcategories`;


--
-- Schema for table `craft_commerce_shippingcategories`
--
CREATE TABLE `craft_commerce_shippingcategories` (
  `id` int(11) NOT NULL AUTO_INCREMENT,
  `name` varchar(255) COLLATE utf8_unicode_ci NOT NULL,
  `handle` varchar(255) COLLATE utf8_unicode_ci NOT NULL,
  `description` varchar(255) COLLATE utf8_unicode_ci DEFAULT NULL,
  `default` tinyint(1) unsigned NOT NULL DEFAULT '0',
  `dateCreated` datetime NOT NULL,
  `dateUpdated` datetime NOT NULL,
  `uid` char(36) COLLATE utf8_unicode_ci NOT NULL DEFAULT '0',
  PRIMARY KEY (`id`),
  UNIQUE KEY `craft_commerce_shippingcategories_handle_unq_idx` (`handle`)
) ENGINE=InnoDB AUTO_INCREMENT=2 DEFAULT CHARSET=utf8 COLLATE=utf8_unicode_ci;

--
-- Data for table `craft_commerce_shippingcategories`
--

INSERT INTO `craft_commerce_shippingcategories` (`id`, `name`, `handle`, `description`, `default`, `dateCreated`, `dateUpdated`, `uid`) VALUES
 ('1', 'General', 'general', NULL, '1', '2017-08-29 16:10:41', '2017-08-29 16:10:41', '61ebf619-9bb7-4c9b-91b3-08d916a98e25');



DROP TABLE IF EXISTS `craft_commerce_shippingmethods`;


--
-- Schema for table `craft_commerce_shippingmethods`
--
CREATE TABLE `craft_commerce_shippingmethods` (
  `id` int(11) NOT NULL AUTO_INCREMENT,
  `name` varchar(255) COLLATE utf8_unicode_ci NOT NULL,
  `handle` varchar(255) COLLATE utf8_unicode_ci NOT NULL,
  `enabled` tinyint(1) unsigned NOT NULL DEFAULT '1',
  `dateCreated` datetime NOT NULL,
  `dateUpdated` datetime NOT NULL,
  `uid` char(36) COLLATE utf8_unicode_ci NOT NULL DEFAULT '0',
  PRIMARY KEY (`id`),
  UNIQUE KEY `craft_commerce_shippingmethods_name_unq_idx` (`name`)
) ENGINE=InnoDB AUTO_INCREMENT=4 DEFAULT CHARSET=utf8 COLLATE=utf8_unicode_ci;

--
-- Data for table `craft_commerce_shippingmethods`
--

INSERT INTO `craft_commerce_shippingmethods` (`id`, `name`, `handle`, `enabled`, `dateCreated`, `dateUpdated`, `uid`) VALUES
 ('1', 'Free Shipping', 'freeShipping', '1', '2017-08-29 16:10:41', '2017-08-29 16:10:41', '3cc8b58a-07bb-421d-9cb1-d6c79b89cd36'),
 ('2', 'Pickup', 'pickup', '1', '2017-08-29 19:56:05', '2017-08-29 19:56:05', '08cd651b-0294-4ef6-9843-da9a9b16531e'),
 ('3', 'Delivery', 'delivery', '1', '2017-08-29 19:56:23', '2017-08-29 19:56:23', '8c356bc7-bc04-457c-897a-ba2195af235f');



DROP TABLE IF EXISTS `craft_commerce_shippingrule_categories`;


--
-- Schema for table `craft_commerce_shippingrule_categories`
--
CREATE TABLE `craft_commerce_shippingrule_categories` (
  `id` int(11) NOT NULL AUTO_INCREMENT,
  `shippingRuleId` int(11) DEFAULT NULL,
  `shippingCategoryId` int(11) DEFAULT NULL,
  `condition` enum('allow','disallow','require') COLLATE utf8_unicode_ci NOT NULL,
  `perItemRate` decimal(14,4) DEFAULT NULL,
  `weightRate` decimal(14,4) DEFAULT NULL,
  `percentageRate` decimal(14,4) DEFAULT NULL,
  `dateCreated` datetime NOT NULL,
  `dateUpdated` datetime NOT NULL,
  `uid` char(36) COLLATE utf8_unicode_ci NOT NULL DEFAULT '0',
  PRIMARY KEY (`id`),
  KEY `craft_commerce_shippingrule_categories_shippingRuleId_idx` (`shippingRuleId`),
  KEY `craft_commerce_shippingrule_categories_shippingCategoryId_idx` (`shippingCategoryId`)
) ENGINE=InnoDB DEFAULT CHARSET=utf8 COLLATE=utf8_unicode_ci;

DROP TABLE IF EXISTS `craft_commerce_shippingrules`;


--
-- Schema for table `craft_commerce_shippingrules`
--
CREATE TABLE `craft_commerce_shippingrules` (
  `id` int(11) NOT NULL AUTO_INCREMENT,
  `shippingZoneId` int(11) DEFAULT NULL,
  `name` varchar(255) COLLATE utf8_unicode_ci NOT NULL,
  `description` varchar(255) COLLATE utf8_unicode_ci DEFAULT NULL,
  `methodId` int(10) NOT NULL,
  `priority` int(10) NOT NULL DEFAULT '0',
  `enabled` tinyint(1) unsigned NOT NULL DEFAULT '1',
  `minQty` int(10) NOT NULL DEFAULT '0',
  `maxQty` int(10) NOT NULL DEFAULT '0',
  `minTotal` decimal(14,4) NOT NULL DEFAULT '0.0000',
  `maxTotal` decimal(14,4) NOT NULL DEFAULT '0.0000',
  `minWeight` decimal(14,4) NOT NULL DEFAULT '0.0000',
  `maxWeight` decimal(14,4) NOT NULL DEFAULT '0.0000',
  `baseRate` decimal(14,4) NOT NULL DEFAULT '0.0000',
  `perItemRate` decimal(14,4) NOT NULL DEFAULT '0.0000',
  `weightRate` decimal(14,4) NOT NULL DEFAULT '0.0000',
  `percentageRate` decimal(14,4) NOT NULL DEFAULT '0.0000',
  `minRate` decimal(14,4) NOT NULL DEFAULT '0.0000',
  `maxRate` decimal(14,4) NOT NULL DEFAULT '0.0000',
  `dateCreated` datetime NOT NULL,
  `dateUpdated` datetime NOT NULL,
  `uid` char(36) COLLATE utf8_unicode_ci NOT NULL DEFAULT '0',
  PRIMARY KEY (`id`),
  KEY `craft_commerce_shippingrules_name_idx` (`name`),
  KEY `craft_commerce_shippingrules_methodId_idx` (`methodId`),
  KEY `craft_commerce_shippingrules_shippingZoneId_fk` (`shippingZoneId`)
) ENGINE=InnoDB AUTO_INCREMENT=2 DEFAULT CHARSET=utf8 COLLATE=utf8_unicode_ci;

--
-- Data for table `craft_commerce_shippingrules`
--

INSERT INTO `craft_commerce_shippingrules` (`id`, `shippingZoneId`, `name`, `description`, `methodId`, `priority`, `enabled`, `minQty`, `maxQty`, `minTotal`, `maxTotal`, `minWeight`, `maxWeight`, `baseRate`, `perItemRate`, `weightRate`, `percentageRate`, `minRate`, `maxRate`, `dateCreated`, `dateUpdated`, `uid`) VALUES
 ('1', NULL, 'Free Everywhere ', 'All Countries, free shipping.', '1', '0', '1', '0', '0', '0.0000', '0.0000', '0.0000', '0.0000', '0.0000', '0.0000', '0.0000', '0.0000', '0.0000', '0.0000', '2017-08-29 16:10:41', '2017-08-29 16:10:41', 'b0761e1d-c376-420e-b5eb-7e922eab4fde');



DROP TABLE IF EXISTS `craft_commerce_shippingzone_countries`;


--
-- Schema for table `craft_commerce_shippingzone_countries`
--
CREATE TABLE `craft_commerce_shippingzone_countries` (
  `id` int(11) NOT NULL AUTO_INCREMENT,
  `shippingZoneId` int(11) NOT NULL,
  `countryId` int(11) NOT NULL,
  `dateCreated` datetime NOT NULL,
  `dateUpdated` datetime NOT NULL,
  `uid` char(36) COLLATE utf8_unicode_ci NOT NULL DEFAULT '0',
  PRIMARY KEY (`id`),
  UNIQUE KEY `craft_commerc_shippingzon_countrie_shippingZoneI_countryI_unq_id` (`shippingZoneId`,`countryId`),
  KEY `craft_commerce_shippingzone_countries_shippingZoneId_idx` (`shippingZoneId`),
  KEY `craft_commerce_shippingzone_countries_countryId_idx` (`countryId`)
) ENGINE=InnoDB DEFAULT CHARSET=utf8 COLLATE=utf8_unicode_ci;

DROP TABLE IF EXISTS `craft_commerce_shippingzone_states`;


--
-- Schema for table `craft_commerce_shippingzone_states`
--
CREATE TABLE `craft_commerce_shippingzone_states` (
  `id` int(11) NOT NULL AUTO_INCREMENT,
  `shippingZoneId` int(11) NOT NULL,
  `stateId` int(11) NOT NULL,
  `dateCreated` datetime NOT NULL,
  `dateUpdated` datetime NOT NULL,
  `uid` char(36) COLLATE utf8_unicode_ci NOT NULL DEFAULT '0',
  PRIMARY KEY (`id`),
  UNIQUE KEY `craft_commerce_shippingzone_states_shippingZoneId_stateId_unq_id` (`shippingZoneId`,`stateId`),
  KEY `craft_commerce_shippingzone_states_shippingZoneId_idx` (`shippingZoneId`),
  KEY `craft_commerce_shippingzone_states_stateId_idx` (`stateId`)
) ENGINE=InnoDB DEFAULT CHARSET=utf8 COLLATE=utf8_unicode_ci;

DROP TABLE IF EXISTS `craft_commerce_shippingzones`;


--
-- Schema for table `craft_commerce_shippingzones`
--
CREATE TABLE `craft_commerce_shippingzones` (
  `id` int(11) NOT NULL AUTO_INCREMENT,
  `name` varchar(255) COLLATE utf8_unicode_ci NOT NULL,
  `description` varchar(255) COLLATE utf8_unicode_ci DEFAULT NULL,
  `countryBased` tinyint(1) unsigned NOT NULL DEFAULT '1',
  `dateCreated` datetime NOT NULL,
  `dateUpdated` datetime NOT NULL,
  `uid` char(36) COLLATE utf8_unicode_ci NOT NULL DEFAULT '0',
  PRIMARY KEY (`id`),
  UNIQUE KEY `craft_commerce_shippingzones_name_unq_idx` (`name`)
) ENGINE=InnoDB DEFAULT CHARSET=utf8 COLLATE=utf8_unicode_ci;

DROP TABLE IF EXISTS `craft_commerce_states`;


--
-- Schema for table `craft_commerce_states`
--
CREATE TABLE `craft_commerce_states` (
  `id` int(11) NOT NULL AUTO_INCREMENT,
  `name` varchar(255) COLLATE utf8_unicode_ci NOT NULL,
  `abbreviation` varchar(255) COLLATE utf8_unicode_ci DEFAULT NULL,
  `countryId` int(10) NOT NULL,
  `dateCreated` datetime NOT NULL,
  `dateUpdated` datetime NOT NULL,
  `uid` char(36) COLLATE utf8_unicode_ci NOT NULL DEFAULT '0',
  PRIMARY KEY (`id`),
  UNIQUE KEY `craft_commerce_states_name_countryId_unq_idx` (`name`,`countryId`),
  KEY `craft_commerce_states_countryId_fk` (`countryId`)
) ENGINE=InnoDB AUTO_INCREMENT=73 DEFAULT CHARSET=utf8 COLLATE=utf8_unicode_ci;

--
-- Data for table `craft_commerce_states`
--

INSERT INTO `craft_commerce_states` (`id`, `name`, `abbreviation`, `countryId`, `dateCreated`, `dateUpdated`, `uid`) VALUES
 ('1', 'Australian Capital Territory', 'ACT', '13', '2017-08-29 16:10:42', '2017-08-29 16:10:42', '94ed0afe-0a7e-4f7c-9390-b4e2cd4ad167'),
 ('2', 'New South Wales', 'NSW', '13', '2017-08-29 16:10:42', '2017-08-29 16:10:42', '1af00e68-2022-48e4-ac6c-8c45ab1b0588'),
 ('3', 'Northern Territory', 'NT', '13', '2017-08-29 16:10:42', '2017-08-29 16:10:42', '5e8334af-202c-4b04-a7fa-c29adf245c65'),
 ('4', 'Queensland', 'QLD', '13', '2017-08-29 16:10:42', '2017-08-29 16:10:42', '19a22edb-5509-4c33-a860-9c4be4d82758'),
 ('5', 'South Australia', 'SA', '13', '2017-08-29 16:10:42', '2017-08-29 16:10:42', '50a9dc9e-9ece-49c5-8b24-73a381a61222'),
 ('6', 'Tasmania', 'TAS', '13', '2017-08-29 16:10:42', '2017-08-29 16:10:42', '766befb1-241d-43ee-ae4b-03cc88d3df55'),
 ('7', 'Victoria', 'VIC', '13', '2017-08-29 16:10:42', '2017-08-29 16:10:42', 'ca14c0d1-dfdc-4ff9-8e07-c6669f83c8e6'),
 ('8', 'Western Australia', 'WA', '13', '2017-08-29 16:10:42', '2017-08-29 16:10:42', '2750241e-7822-4fcf-8d24-87aa823217e1'),
 ('9', 'Alberta', 'AB', '38', '2017-08-29 16:10:42', '2017-08-29 16:10:42', 'e5126cdb-2bfe-4682-9114-2b5ce24cd3c0'),
 ('10', 'British Columbia', 'BC', '38', '2017-08-29 16:10:42', '2017-08-29 16:10:42', 'e674b893-bf75-46cb-9559-a0e2b64f0378'),
 ('11', 'Manitoba', 'MB', '38', '2017-08-29 16:10:42', '2017-08-29 16:10:42', '29fd1fce-a7d8-49ba-9c12-2f21901d67dc'),
 ('12', 'New Brunswick', 'NB', '38', '2017-08-29 16:10:42', '2017-08-29 16:10:42', '821dc1e8-a3f2-4aab-9aa2-ef53d589770d'),
 ('13', 'Newfoundland and Labrador', 'NL', '38', '2017-08-29 16:10:42', '2017-08-29 16:10:42', '7bb9bdc9-ea11-42f6-b8f2-eb082d4662a4'),
 ('14', 'Northwest Territories', 'NT', '38', '2017-08-29 16:10:42', '2017-08-29 16:10:42', '3ae14bcb-abc8-4ff9-802c-6623cff08a1e'),
 ('15', 'Nova Scotia', 'NS', '38', '2017-08-29 16:10:42', '2017-08-29 16:10:42', '72f75e3a-4ee7-45e0-b6a9-d8971d3ae322'),
 ('16', 'Nunavut', 'NU', '38', '2017-08-29 16:10:42', '2017-08-29 16:10:42', 'edc13809-d6f1-4cf3-a785-121d1f3b7f0a'),
 ('17', 'Ontario', 'ON', '38', '2017-08-29 16:10:42', '2017-08-29 16:10:42', 'dd780ead-4792-4796-b024-7f16a7238236'),
 ('18', 'Prince Edward Island', 'PE', '38', '2017-08-29 16:10:42', '2017-08-29 16:10:42', '1b52d95f-446a-4408-85f0-f6de8c287aa3'),
 ('19', 'Quebec', 'QC', '38', '2017-08-29 16:10:42', '2017-08-29 16:10:42', 'be2f17d0-ef7e-46c7-8c4d-93a5c03982aa'),
 ('20', 'Saskatchewan', 'SK', '38', '2017-08-29 16:10:42', '2017-08-29 16:10:42', 'fef3997f-9dbb-4c20-ab31-d6c7f5021a0d'),
 ('21', 'Yukon', 'YT', '38', '2017-08-29 16:10:42', '2017-08-29 16:10:42', 'ad3598ea-6e84-4a4b-af5c-1bef5572287b'),
 ('22', 'Alabama', 'AL', '233', '2017-08-29 16:10:42', '2017-08-29 16:10:42', 'a1fd6ba9-ed8a-45c9-a158-dbeb1dbc925b'),
 ('23', 'Alaska', 'AK', '233', '2017-08-29 16:10:42', '2017-08-29 16:10:42', '9494b7a0-d85b-4056-a185-e7a39a69a314'),
 ('24', 'Arizona', 'AZ', '233', '2017-08-29 16:10:42', '2017-08-29 16:10:42', '8f221062-246e-4c0c-bf84-f1751381cca5'),
 ('25', 'Arkansas', 'AR', '233', '2017-08-29 16:10:42', '2017-08-29 16:10:42', '20330337-8739-423d-82af-0a778bc8f1bf'),
 ('26', 'California', 'CA', '233', '2017-08-29 16:10:42', '2017-08-29 16:10:42', 'd5e22cc9-f3fd-467d-8d9d-60fcdc9b5fc9'),
 ('27', 'Colorado', 'CO', '233', '2017-08-29 16:10:42', '2017-08-29 16:10:42', '7413b00e-74e8-4033-810d-7d148f504114'),
 ('28', 'Connecticut', 'CT', '233', '2017-08-29 16:10:42', '2017-08-29 16:10:42', 'c5ef1e6a-619a-4f60-b822-f1b8887e124a'),
 ('29', 'Delaware', 'DE', '233', '2017-08-29 16:10:42', '2017-08-29 16:10:42', 'f55e470b-6e3d-4a3d-bf3e-6b83d444374e'),
 ('30', 'District of Columbia', 'DC', '233', '2017-08-29 16:10:42', '2017-08-29 16:10:42', 'dab57074-119b-494d-aeff-1870ffc42aed'),
 ('31', 'Florida', 'FL', '233', '2017-08-29 16:10:42', '2017-08-29 16:10:42', 'abe2126c-ef6c-4e38-8dcc-289b73ca5f7c'),
 ('32', 'Georgia', 'GA', '233', '2017-08-29 16:10:42', '2017-08-29 16:10:42', 'cd9b3271-4bbd-49ea-b820-f0effb64d11c'),
 ('33', 'Hawaii', 'HI', '233', '2017-08-29 16:10:42', '2017-08-29 16:10:42', '565472d3-9ca5-475d-8a96-83434d4d51be'),
 ('34', 'Idaho', 'ID', '233', '2017-08-29 16:10:42', '2017-08-29 16:10:42', '3f6db8ca-033d-4d85-925e-581664b951ea'),
 ('35', 'Illinois', 'IL', '233', '2017-08-29 16:10:42', '2017-08-29 16:10:42', '644c3309-10b6-4a0c-98a7-30cfb0acc415'),
 ('36', 'Indiana', 'IN', '233', '2017-08-29 16:10:42', '2017-08-29 16:10:42', 'd844ca59-a0a2-4ad9-8d74-13417df5b51d'),
 ('37', 'Iowa', 'IA', '233', '2017-08-29 16:10:42', '2017-08-29 16:10:42', '319846bb-1c1b-4406-b9bb-c9e60a518335'),
 ('38', 'Kansas', 'KS', '233', '2017-08-29 16:10:42', '2017-08-29 16:10:42', 'a6fb3e12-a6e8-43f0-a23d-cd72c049a44d'),
 ('39', 'Kentucky', 'KY', '233', '2017-08-29 16:10:42', '2017-08-29 16:10:42', '82013b18-bb09-4cc9-b4be-e939ae028f6d'),
 ('40', 'Louisiana', 'LA', '233', '2017-08-29 16:10:42', '2017-08-29 16:10:42', '790797b3-152e-46ad-a509-ff054b824f9e'),
 ('41', 'Maine', 'ME', '233', '2017-08-29 16:10:42', '2017-08-29 16:10:42', 'd158bb41-76d6-4441-be44-cafd3f7d609a'),
 ('42', 'Maryland', 'MD', '233', '2017-08-29 16:10:42', '2017-08-29 16:10:42', '70b9fa6e-f4a4-434b-9a66-fb6c742c0a40'),
 ('43', 'Massachusetts', 'MA', '233', '2017-08-29 16:10:42', '2017-08-29 16:10:42', '977ab5b3-1c57-470a-b6c3-edf577525432'),
 ('44', 'Michigan', 'MI', '233', '2017-08-29 16:10:42', '2017-08-29 16:10:42', '1b6f1e4c-9149-4997-9ac1-05e9685341a6'),
 ('45', 'Minnesota', 'MN', '233', '2017-08-29 16:10:42', '2017-08-29 16:10:42', '9f94c074-7563-4207-85a0-ded5f4b643fb'),
 ('46', 'Mississippi', 'MS', '233', '2017-08-29 16:10:42', '2017-08-29 16:10:42', '63e9e332-3da2-456f-a084-db005a2671a0'),
 ('47', 'Missouri', 'MO', '233', '2017-08-29 16:10:42', '2017-08-29 16:10:42', '13a8f269-cd5f-47f4-808d-9753b438cf14'),
 ('48', 'Montana', 'MT', '233', '2017-08-29 16:10:42', '2017-08-29 16:10:42', '8b1690c1-0e8c-49d0-b547-44f93ac2425f'),
 ('49', 'Nebraska', 'NE', '233', '2017-08-29 16:10:42', '2017-08-29 16:10:42', '2dd13dc5-bf98-4ce0-b2e5-6879090a6d9d'),
 ('50', 'Nevada', 'NV', '233', '2017-08-29 16:10:42', '2017-08-29 16:10:42', '46390650-1e36-4d81-a34d-bb026518812f'),
 ('51', 'New Hampshire', 'NH', '233', '2017-08-29 16:10:42', '2017-08-29 16:10:42', 'af600002-6b52-413e-b998-0024fc6c16af'),
 ('52', 'New Jersey', 'NJ', '233', '2017-08-29 16:10:42', '2017-08-29 16:10:42', '1f86abb6-36fb-406e-9ac8-a2b62a027af0'),
 ('53', 'New Mexico', 'NM', '233', '2017-08-29 16:10:42', '2017-08-29 16:10:42', '38dc90f5-a837-4524-b270-bfe18fcf118f'),
 ('54', 'New York', 'NY', '233', '2017-08-29 16:10:42', '2017-08-29 16:10:42', 'bebf21a6-fea2-4650-ba3e-16575dc89f20'),
 ('55', 'North Carolina', 'NC', '233', '2017-08-29 16:10:42', '2017-08-29 16:10:42', '71504c7d-50be-49c9-9d61-e669e9de9a71'),
 ('56', 'North Dakota', 'ND', '233', '2017-08-29 16:10:42', '2017-08-29 16:10:42', '57cf3815-7ad0-4565-8838-f5f6729a31b4'),
 ('57', 'Ohio', 'OH', '233', '2017-08-29 16:10:42', '2017-08-29 16:10:42', '2dd66689-a1dd-44b9-9c90-b253acec4479'),
 ('58', 'Oklahoma', 'OK', '233', '2017-08-29 16:10:42', '2017-08-29 16:10:42', 'b5fb708c-d8c5-4e8d-8170-750fb06a1da8'),
 ('59', 'Oregon', 'OR', '233', '2017-08-29 16:10:42', '2017-08-29 16:10:42', 'ad5f19e8-3561-4d90-bf0c-3de39e36f3a1'),
 ('60', 'Pennsylvania', 'PA', '233', '2017-08-29 16:10:42', '2017-08-29 16:10:42', '30216b7e-b1d8-4e78-bbe9-51aebd9c2865'),
 ('61', 'Rhode Island', 'RI', '233', '2017-08-29 16:10:42', '2017-08-29 16:10:42', '8f2160bc-9caa-4954-aef7-a8f2268274e6'),
 ('62', 'South Carolina', 'SC', '233', '2017-08-29 16:10:42', '2017-08-29 16:10:42', '70893adc-9c55-4be4-b062-b328bfbc9897'),
 ('63', 'South Dakota', 'SD', '233', '2017-08-29 16:10:42', '2017-08-29 16:10:42', '3e1deb59-f70c-4abc-a699-6ff8f13eb774'),
 ('64', 'Tennessee', 'TN', '233', '2017-08-29 16:10:42', '2017-08-29 16:10:42', '1a579646-d7f3-4ed6-b87d-e108515985bf'),
 ('65', 'Texas', 'TX', '233', '2017-08-29 16:10:42', '2017-08-29 16:10:42', '4df52073-0aea-4ed0-9567-57954a1376d3'),
 ('66', 'Utah', 'UT', '233', '2017-08-29 16:10:42', '2017-08-29 16:10:42', '884210e6-c9bd-4d49-8ef0-a430db59d260'),
 ('67', 'Vermont', 'VT', '233', '2017-08-29 16:10:42', '2017-08-29 16:10:42', 'e51c6ef6-90a0-41a1-aa46-c84d7eb8ed7c'),
 ('68', 'Virginia', 'VA', '233', '2017-08-29 16:10:42', '2017-08-29 16:10:42', '6e322392-e289-4430-9079-7169f3a5f1d6'),
 ('69', 'Washington', 'WA', '233', '2017-08-29 16:10:42', '2017-08-29 16:10:42', '5649c9b4-b2fb-48f0-93b7-2c78452b14d6'),
 ('70', 'West Virginia', 'WV', '233', '2017-08-29 16:10:42', '2017-08-29 16:10:42', 'bb6cd2bd-a56a-43f7-b842-c7330a5b59ab'),
 ('71', 'Wisconsin', 'WI', '233', '2017-08-29 16:10:42', '2017-08-29 16:10:42', '121285d3-b4e9-44c0-8e01-23cb1f5d1a20'),
 ('72', 'Wyoming', 'WY', '233', '2017-08-29 16:10:42', '2017-08-29 16:10:42', '5c30c1cd-d408-4a5e-9eb1-c28022917f33');



DROP TABLE IF EXISTS `craft_commerce_taxcategories`;


--
-- Schema for table `craft_commerce_taxcategories`
--
CREATE TABLE `craft_commerce_taxcategories` (
  `id` int(11) NOT NULL AUTO_INCREMENT,
  `name` varchar(255) COLLATE utf8_unicode_ci NOT NULL,
  `handle` varchar(255) COLLATE utf8_unicode_ci NOT NULL,
  `description` varchar(255) COLLATE utf8_unicode_ci DEFAULT NULL,
  `default` tinyint(1) unsigned NOT NULL DEFAULT '0',
  `dateCreated` datetime NOT NULL,
  `dateUpdated` datetime NOT NULL,
  `uid` char(36) COLLATE utf8_unicode_ci NOT NULL DEFAULT '0',
  PRIMARY KEY (`id`),
  UNIQUE KEY `craft_commerce_taxcategories_handle_unq_idx` (`handle`)
) ENGINE=InnoDB AUTO_INCREMENT=2 DEFAULT CHARSET=utf8 COLLATE=utf8_unicode_ci;

--
-- Data for table `craft_commerce_taxcategories`
--

INSERT INTO `craft_commerce_taxcategories` (`id`, `name`, `handle`, `description`, `default`, `dateCreated`, `dateUpdated`, `uid`) VALUES
 ('1', 'General', 'general', NULL, '1', '2017-08-29 16:10:41', '2017-08-29 16:10:41', 'dc77b469-6bf3-455a-b9b7-ca0b8e2b9b02');



DROP TABLE IF EXISTS `craft_commerce_taxrates`;


--
-- Schema for table `craft_commerce_taxrates`
--
CREATE TABLE `craft_commerce_taxrates` (
  `id` int(11) NOT NULL AUTO_INCREMENT,
  `taxZoneId` int(11) NOT NULL,
  `taxCategoryId` int(11) NOT NULL,
  `name` varchar(255) COLLATE utf8_unicode_ci NOT NULL,
  `rate` decimal(14,4) NOT NULL,
  `include` tinyint(1) unsigned NOT NULL DEFAULT '0',
  `isVat` tinyint(1) unsigned NOT NULL DEFAULT '0',
  `taxable` enum('price','shipping','price_shipping','order_total_shipping','order_total_price') COLLATE utf8_unicode_ci NOT NULL,
  `dateCreated` datetime NOT NULL,
  `dateUpdated` datetime NOT NULL,
  `uid` char(36) COLLATE utf8_unicode_ci NOT NULL DEFAULT '0',
  PRIMARY KEY (`id`),
  KEY `craft_commerce_taxrates_taxZoneId_idx` (`taxZoneId`),
  KEY `craft_commerce_taxrates_taxCategoryId_idx` (`taxCategoryId`)
) ENGINE=InnoDB DEFAULT CHARSET=utf8 COLLATE=utf8_unicode_ci;

DROP TABLE IF EXISTS `craft_commerce_taxzone_countries`;


--
-- Schema for table `craft_commerce_taxzone_countries`
--
CREATE TABLE `craft_commerce_taxzone_countries` (
  `id` int(11) NOT NULL AUTO_INCREMENT,
  `taxZoneId` int(11) NOT NULL,
  `countryId` int(11) NOT NULL,
  `dateCreated` datetime NOT NULL,
  `dateUpdated` datetime NOT NULL,
  `uid` char(36) COLLATE utf8_unicode_ci NOT NULL DEFAULT '0',
  PRIMARY KEY (`id`),
  UNIQUE KEY `craft_commerce_taxzone_countries_taxZoneId_countryId_unq_idx` (`taxZoneId`,`countryId`),
  KEY `craft_commerce_taxzone_countries_taxZoneId_idx` (`taxZoneId`),
  KEY `craft_commerce_taxzone_countries_countryId_idx` (`countryId`)
) ENGINE=InnoDB DEFAULT CHARSET=utf8 COLLATE=utf8_unicode_ci;

DROP TABLE IF EXISTS `craft_commerce_taxzone_states`;


--
-- Schema for table `craft_commerce_taxzone_states`
--
CREATE TABLE `craft_commerce_taxzone_states` (
  `id` int(11) NOT NULL AUTO_INCREMENT,
  `taxZoneId` int(11) NOT NULL,
  `stateId` int(11) NOT NULL,
  `dateCreated` datetime NOT NULL,
  `dateUpdated` datetime NOT NULL,
  `uid` char(36) COLLATE utf8_unicode_ci NOT NULL DEFAULT '0',
  PRIMARY KEY (`id`),
  UNIQUE KEY `craft_commerce_taxzone_states_taxZoneId_stateId_unq_idx` (`taxZoneId`,`stateId`),
  KEY `craft_commerce_taxzone_states_taxZoneId_idx` (`taxZoneId`),
  KEY `craft_commerce_taxzone_states_stateId_idx` (`stateId`)
) ENGINE=InnoDB DEFAULT CHARSET=utf8 COLLATE=utf8_unicode_ci;

DROP TABLE IF EXISTS `craft_commerce_taxzones`;


--
-- Schema for table `craft_commerce_taxzones`
--
CREATE TABLE `craft_commerce_taxzones` (
  `id` int(11) NOT NULL AUTO_INCREMENT,
  `name` varchar(255) COLLATE utf8_unicode_ci NOT NULL,
  `description` varchar(255) COLLATE utf8_unicode_ci DEFAULT NULL,
  `countryBased` tinyint(1) unsigned NOT NULL DEFAULT '1',
  `default` tinyint(1) unsigned NOT NULL DEFAULT '0',
  `dateCreated` datetime NOT NULL,
  `dateUpdated` datetime NOT NULL,
  `uid` char(36) COLLATE utf8_unicode_ci NOT NULL DEFAULT '0',
  PRIMARY KEY (`id`),
  UNIQUE KEY `craft_commerce_taxzones_name_unq_idx` (`name`)
) ENGINE=InnoDB DEFAULT CHARSET=utf8 COLLATE=utf8_unicode_ci;

DROP TABLE IF EXISTS `craft_commerce_transactions`;


--
-- Schema for table `craft_commerce_transactions`
--
CREATE TABLE `craft_commerce_transactions` (
  `id` int(11) NOT NULL AUTO_INCREMENT,
  `parentId` int(11) DEFAULT NULL,
  `paymentMethodId` int(11) DEFAULT NULL,
  `userId` int(11) DEFAULT NULL,
  `hash` varchar(32) COLLATE utf8_unicode_ci DEFAULT NULL,
  `type` enum('authorize','capture','purchase','refund') COLLATE utf8_unicode_ci NOT NULL,
  `amount` decimal(14,4) DEFAULT NULL,
  `paymentAmount` decimal(14,4) DEFAULT NULL,
  `currency` varchar(255) COLLATE utf8_unicode_ci DEFAULT NULL,
  `paymentCurrency` varchar(255) COLLATE utf8_unicode_ci DEFAULT NULL,
  `paymentRate` decimal(14,4) DEFAULT NULL,
  `status` enum('pending','redirect','success','failed') COLLATE utf8_unicode_ci NOT NULL,
  `reference` varchar(255) COLLATE utf8_unicode_ci DEFAULT NULL,
  `code` varchar(255) COLLATE utf8_unicode_ci DEFAULT NULL,
  `message` text COLLATE utf8_unicode_ci,
  `response` text COLLATE utf8_unicode_ci,
  `orderId` int(10) NOT NULL,
  `dateCreated` datetime NOT NULL,
  `dateUpdated` datetime NOT NULL,
  `uid` char(36) COLLATE utf8_unicode_ci NOT NULL DEFAULT '0',
  PRIMARY KEY (`id`),
  KEY `craft_commerce_transactions_parentId_fk` (`parentId`),
  KEY `craft_commerce_transactions_paymentMethodId_fk` (`paymentMethodId`),
  KEY `craft_commerce_transactions_orderId_fk` (`orderId`),
  KEY `craft_commerce_transactions_userId_fk` (`userId`)
) ENGINE=InnoDB DEFAULT CHARSET=utf8 COLLATE=utf8_unicode_ci;

DROP TABLE IF EXISTS `craft_commerce_variants`;


--
-- Schema for table `craft_commerce_variants`
--
CREATE TABLE `craft_commerce_variants` (
  `productId` int(11) DEFAULT NULL,
  `id` int(11) NOT NULL,
  `sku` varchar(255) COLLATE utf8_unicode_ci NOT NULL,
  `isDefault` tinyint(1) unsigned NOT NULL DEFAULT '0',
  `price` decimal(14,4) NOT NULL,
  `sortOrder` int(10) DEFAULT NULL,
  `width` decimal(14,4) DEFAULT NULL,
  `height` decimal(14,4) DEFAULT NULL,
  `length` decimal(14,4) DEFAULT NULL,
  `weight` decimal(14,4) DEFAULT NULL,
  `stock` int(10) NOT NULL DEFAULT '0',
  `unlimitedStock` tinyint(1) unsigned NOT NULL DEFAULT '0',
  `minQty` int(10) DEFAULT NULL,
  `maxQty` int(10) DEFAULT NULL,
  `dateCreated` datetime NOT NULL,
  `dateUpdated` datetime NOT NULL,
  `uid` char(36) COLLATE utf8_unicode_ci NOT NULL DEFAULT '0',
  PRIMARY KEY (`id`),
  UNIQUE KEY `craft_commerce_variants_sku_unq_idx` (`sku`),
  KEY `craft_commerce_variants_productId_fk` (`productId`)
) ENGINE=InnoDB DEFAULT CHARSET=utf8 COLLATE=utf8_unicode_ci;

--
-- Data for table `craft_commerce_variants`
--

INSERT INTO `craft_commerce_variants` (`productId`, `id`, `sku`, `isDefault`, `price`, `sortOrder`, `width`, `height`, `length`, `weight`, `stock`, `unlimitedStock`, `minQty`, `maxQty`, `dateCreated`, `dateUpdated`, `uid`) VALUES
 ('22', '23', 'Basic', '1', '20.2500', '1', '0.0000', '0.0000', '0.0000', '0.0000', '0', '1', NULL, NULL, '2017-08-29 16:10:42', '2017-09-26 21:47:50', '8ec1913a-7c67-4695-b3c4-52cded7cb457'),
 ('24', '25', 'basic baba ghanoush', '1', '7.0600', '1', '0.0000', '0.0000', '0.0000', '0.0000', '0', '1', NULL, NULL, '2017-08-29 16:10:42', '2017-09-26 21:47:30', 'bb97bae3-c52b-4f9d-a221-170ee71ce4f7'),
 ('26', '27', 'basic hummus', '1', '30.2400', '1', '0.0000', '0.0000', '0.0000', '0.0000', '0', '1', NULL, NULL, '2017-08-29 16:10:42', '2017-09-26 21:47:38', '79e68a7c-036b-447f-afd7-0b2ea82e035f'),
 ('28', '29', 'za atar', '1', '10.0000', '1', '0.0000', '0.0000', '0.0000', '0.0000', '0', '1', NULL, NULL, '2017-08-29 16:10:42', '2017-09-26 22:57:15', '4a33e069-9596-4b8f-a895-167b4ce69b24'),
 ('22', '33', 'ono', '0', '56.0000', '2', '0.0000', '0.0000', '0.0000', '0.0000', '0', '1', NULL, NULL, '2017-08-31 05:58:14', '2017-09-26 21:47:50', '20469d31-77f4-4656-b197-d8859b13e239'),
 ('22', '34', 'pop', '0', '90.0000', '3', '0.0000', '0.0000', '0.0000', '0.0000', '0', '1', NULL, NULL, '2017-08-31 05:58:14', '2017-09-26 21:47:50', '4e90889b-af58-4835-bd22-7fc1e3edd12d'),
 ('28', '52', 'za atar gluten free', '0', '13.0000', '2', '0.0000', '0.0000', '0.0000', '0.0000', '0', '1', NULL, NULL, '2017-09-26 22:57:15', '2017-09-26 22:57:15', 'a50a8711-12a0-41b1-86db-c81a47e16ad3'),
 ('28', '53', 'za atar dairy free', '0', '10.0000', '3', '0.0000', '0.0000', '0.0000', '0.0000', '0', '1', NULL, NULL, '2017-09-26 22:57:15', '2017-09-26 22:57:15', '229f9e66-ef67-416f-9954-3604f815de22');



DROP TABLE IF EXISTS `craft_content`;


--
-- Schema for table `craft_content`
--
CREATE TABLE `craft_content` (
  `id` int(11) NOT NULL AUTO_INCREMENT,
  `elementId` int(11) NOT NULL,
  `locale` char(12) COLLATE utf8_unicode_ci NOT NULL,
  `title` varchar(255) COLLATE utf8_unicode_ci DEFAULT NULL,
  `field_body` text COLLATE utf8_unicode_ci,
  `field_price` decimal(12,2) unsigned DEFAULT '0.00',
  `field_heading` text COLLATE utf8_unicode_ci,
  `field_linkUrl` text COLLATE utf8_unicode_ci,
  `field_zatarChoices` varchar(255) COLLATE utf8_unicode_ci DEFAULT NULL,
  `field_zatarAddOns` varchar(255) COLLATE utf8_unicode_ci DEFAULT NULL,
  `field_flashingText` text COLLATE utf8_unicode_ci,
  `field_cateringTitle` text COLLATE utf8_unicode_ci,
  `field_cateringBody` text COLLATE utf8_unicode_ci,
  `field_cateringPhoneNumber` text COLLATE utf8_unicode_ci,
  `field_aboutHeader` text COLLATE utf8_unicode_ci,
  `field_aboutBody` text COLLATE utf8_unicode_ci,
  `field_hoursLineOne` text COLLATE utf8_unicode_ci,
  `field_hoursLineTwo` text COLLATE utf8_unicode_ci,
  `field_address` text COLLATE utf8_unicode_ci,
  `dateCreated` datetime NOT NULL,
  `dateUpdated` datetime NOT NULL,
  `uid` char(36) COLLATE utf8_unicode_ci NOT NULL DEFAULT '0',
  PRIMARY KEY (`id`),
  UNIQUE KEY `craft_content_elementId_locale_unq_idx` (`elementId`,`locale`),
  KEY `craft_content_title_idx` (`title`),
  KEY `craft_content_locale_fk` (`locale`)
) ENGINE=InnoDB AUTO_INCREMENT=54 DEFAULT CHARSET=utf8 COLLATE=utf8_unicode_ci;

--
-- Data for table `craft_content`
--

INSERT INTO `craft_content` (`id`, `elementId`, `locale`, `title`, `field_body`, `field_price`, `field_heading`, `field_linkUrl`, `field_zatarChoices`, `field_zatarAddOns`, `field_flashingText`, `field_cateringTitle`, `field_cateringBody`, `field_cateringPhoneNumber`, `field_aboutHeader`, `field_aboutBody`, `field_hoursLineOne`, `field_hoursLineTwo`, `field_address`, `dateCreated`, `dateUpdated`, `uid`) VALUES
 ('1', '1', 'en_us', NULL, NULL, '0.00', NULL, NULL, NULL, NULL, NULL, NULL, NULL, NULL, NULL, NULL, NULL, NULL, NULL, '2017-08-20 18:28:10', '2017-08-20 18:28:10', '1b0e09c6-b131-4d74-8f8c-6d7617a0c29b'),
 ('2', '2', 'en_us', 'Welcome to Localhost!', '<p>Its true, this site doesnt have a whole lot of content yet, but dont worry. Our web developers have just installed the CMS, and theyre setting things up for the content editors this very moment. Soon Localhost will be an oasis of fresh perspectives, sharp analyses, and astute opinions that will keep you coming back again and again.</p>', '0.00', NULL, NULL, NULL, NULL, NULL, NULL, NULL, NULL, NULL, NULL, NULL, NULL, NULL, '2017-08-20 18:28:14', '2017-08-20 18:28:14', 'e7d4b6a8-7a2d-4ede-b365-8943a31beaa8'),
 ('3', '3', 'en_us', 'We just installed Craft!', '<p>Craft is the CMS thats powering Localhost. Its beautiful, powerful, flexible, and easy-to-use, and its made by Pixel &amp; Tonic. We cant wait to dive in and see what its capable of!</p><!--pagebreak--><p>This is even more captivating content, which you couldnt see on the News index page because it was entered after a Page Break, and the News index template only likes to show the content on the first page.</p><p>Craft: a nice alternative to Word, if youre making a website.</p>', '0.00', NULL, NULL, NULL, NULL, NULL, NULL, NULL, NULL, NULL, NULL, NULL, NULL, NULL, '2017-08-20 18:28:14', '2017-08-20 18:28:14', '751a46bd-042d-4c53-a56c-7837c5d7d41f'),
 ('4', '4', 'en_us', 'dinner', NULL, '0.00', NULL, NULL, NULL, NULL, NULL, NULL, NULL, NULL, NULL, NULL, NULL, NULL, NULL, '2017-08-21 19:12:39', '2017-08-21 19:20:55', '76a6a9bc-97c4-4e5d-8892-1813c18dfa66'),
 ('5', '6', 'en_us', 'Batikh thalej', NULL, '9.00', 'Batikh thalej', NULL, NULL, NULL, NULL, NULL, NULL, NULL, NULL, NULL, NULL, NULL, NULL, '2017-08-21 19:13:15', '2017-08-21 19:21:23', '5744af0b-2f8d-4b38-acc5-ae86d4dab5aa'),
 ('6', '7', 'en_us', 'watermelon snow', NULL, '0.00', NULL, NULL, NULL, NULL, NULL, NULL, NULL, NULL, NULL, NULL, NULL, NULL, NULL, '2017-08-21 19:21:21', '2017-08-21 19:21:21', '32471c2c-fdc3-4758-bdd6-cb12540e58b8'),
 ('7', '8', 'en_us', 'lunch', NULL, '0.00', NULL, NULL, NULL, NULL, NULL, NULL, NULL, NULL, NULL, NULL, NULL, NULL, NULL, '2017-08-21 19:24:45', '2017-08-21 19:24:45', '13c26073-b49c-4ded-ae43-125dc5843d10'),
 ('8', '10', 'en_us', 'instagram', NULL, '0.00', NULL, 'https://www.instagram.com/explore/tags/mamnoonstreet/', NULL, NULL, NULL, NULL, NULL, NULL, NULL, NULL, NULL, NULL, NULL, '2017-08-21 19:32:16', '2017-09-20 19:25:09', '074e53d6-9374-4b04-9683-034de81e208c'),
 ('9', '11', 'en_us', 'twitter', NULL, '0.00', NULL, 'https://twitter.com/mamnoonstreet', NULL, NULL, NULL, NULL, NULL, NULL, NULL, NULL, NULL, NULL, NULL, '2017-08-21 19:32:33', '2017-09-20 19:25:19', 'c1e0857e-7d7b-47c4-8fe0-6abef4221f63'),
 ('10', '12', 'en_us', 'facebook', NULL, '0.00', NULL, 'https://www.facebook.com/mamnoonstreet/', NULL, NULL, NULL, NULL, NULL, NULL, NULL, NULL, NULL, NULL, NULL, '2017-08-21 19:32:48', '2017-09-20 19:25:29', 'f66e44c8-99bc-4f34-84e2-45b007cabf7c'),
 ('18', '20', 'en_us', 'Mamnoon Street', NULL, '0.00', NULL, NULL, NULL, NULL, NULL, NULL, NULL, NULL, NULL, NULL, NULL, NULL, NULL, '2017-08-21 20:17:19', '2017-08-21 20:17:19', 'f60babd4-fea9-4ca5-9e81-375f0f9b4bd2'),
 ('19', '21', 'en_us', 'order', NULL, '0.00', NULL, NULL, NULL, NULL, NULL, NULL, NULL, NULL, NULL, NULL, NULL, NULL, NULL, '2017-08-29 16:10:22', '2017-08-29 16:31:35', 'a926ada7-6351-446d-a2ce-2c26f7374321'),
 ('20', '22', 'en_us', 'Watermelon', '<p>King of Lebanese street food! House made bread baked with wild thyme, sesame, olive, labneh, tomato, parsley, and mint. Great with garlic grilled chicken.</p>', '0.00', NULL, NULL, NULL, '', NULL, NULL, NULL, NULL, NULL, NULL, NULL, NULL, NULL, '2017-08-29 16:10:42', '2017-09-26 21:47:50', '2b78891c-0982-4747-9a85-c87e8856eb24'),
 ('21', '23', 'en_us', 'Watermelon', NULL, '0.00', NULL, NULL, NULL, NULL, NULL, NULL, NULL, NULL, NULL, NULL, NULL, NULL, NULL, '2017-08-29 16:10:42', '2017-09-26 21:47:50', 'a437ed0b-7e44-4aea-a3ab-e6d3c4f2fd6d'),
 ('22', '24', 'en_us', 'Baba Ghanoush', '<p>King of Lebanese street food! House made bread baked with wild thyme, sesame, olive, labneh, tomato, parsley, and mint. Great with garlic grilled chicken.</p>', '0.00', NULL, NULL, NULL, '', NULL, NULL, NULL, NULL, NULL, NULL, NULL, NULL, NULL, '2017-08-29 16:10:42', '2017-09-26 21:47:30', 'f98cf000-e2ee-4650-905b-0550cc4463f2'),
 ('23', '25', 'en_us', 'Baba Ghanoush', NULL, '0.00', NULL, NULL, NULL, NULL, NULL, NULL, NULL, NULL, NULL, NULL, NULL, NULL, NULL, '2017-08-29 16:10:42', '2017-09-26 21:47:30', '9989fac4-e646-434d-bf91-c8182ff423b8'),
 ('24', '26', 'en_us', 'Hummus', '<p>King of Lebanese street food! House made bread baked with wild thyme, sesame, olive, labneh, tomato, parsley, and mint. Great with garlic grilled chicken.</p>', '0.00', NULL, NULL, NULL, '', NULL, NULL, NULL, NULL, NULL, NULL, NULL, NULL, NULL, '2017-08-29 16:10:42', '2017-09-26 21:47:38', '89d375cf-c188-494e-ac43-0352682cd5f1'),
 ('25', '27', 'en_us', 'Hummus', NULL, '0.00', NULL, NULL, NULL, NULL, NULL, NULL, NULL, NULL, NULL, NULL, NULL, NULL, NULL, '2017-08-29 16:10:42', '2017-09-26 21:47:38', 'b4e3f88a-9fb4-498d-a442-d1f38b5915af'),
 ('26', '28', 'en_us', 'Za\'atar', '<p>King of Lebanese street food! House made bread baked with wild thyme, sesame, olive, labneh, tomato, parsley, and mint. Great with garlic grilled chicken.</p>', '0.00', NULL, NULL, NULL, '', NULL, NULL, NULL, NULL, NULL, NULL, NULL, NULL, NULL, '2017-08-29 16:10:42', '2017-09-26 22:57:15', 'aeadea50-abca-4dd1-a94b-88c408db5f50'),
 ('27', '29', 'en_us', 'Za\'atar', NULL, '0.00', NULL, NULL, NULL, NULL, NULL, NULL, NULL, NULL, NULL, NULL, NULL, NULL, NULL, '2017-08-29 16:10:42', '2017-09-26 22:57:15', '47422ede-6140-4d51-bc2c-a89d998d9e75'),
 ('29', '31', 'en_us', NULL, NULL, '0.00', NULL, NULL, NULL, NULL, NULL, NULL, NULL, NULL, NULL, NULL, NULL, NULL, NULL, '2017-08-29 17:41:43', '2017-09-20 21:05:06', 'abd686a7-d4d9-4930-8486-f2ec6cd1a510'),
 ('30', '32', 'en_us', 'jijij', NULL, '0.00', NULL, NULL, NULL, NULL, NULL, NULL, NULL, NULL, NULL, NULL, NULL, NULL, NULL, '2017-08-31 05:56:24', '2017-08-31 05:56:24', '4d1de2b2-9b6c-41e1-aac3-c64a3a785657'),
 ('31', '33', 'en_us', 'Watermelon', NULL, '0.00', NULL, NULL, NULL, NULL, NULL, NULL, NULL, NULL, NULL, NULL, NULL, NULL, NULL, '2017-08-31 05:58:14', '2017-09-26 21:47:50', '999e6875-bf04-426d-9bda-72520dfa7210'),
 ('32', '34', 'en_us', 'Watermelon', NULL, '0.00', NULL, NULL, NULL, NULL, NULL, NULL, NULL, NULL, NULL, NULL, NULL, NULL, NULL, '2017-08-31 05:58:14', '2017-09-26 21:47:50', '5211a380-3a67-4e9c-ac33-ad39a06611da'),
 ('35', '37', 'en_us', '5627084', NULL, '0.00', NULL, NULL, NULL, NULL, NULL, NULL, NULL, NULL, NULL, NULL, NULL, NULL, NULL, '2017-09-20 19:23:40', '2017-09-20 19:23:40', '1d5fc8a1-c1fe-4f69-a71d-3981e8441d8e'),
 ('36', '38', 'en_us', 'Mamnoonstfbicon', NULL, '0.00', NULL, NULL, NULL, NULL, NULL, NULL, NULL, NULL, NULL, NULL, NULL, NULL, NULL, '2017-09-20 19:23:40', '2017-09-20 19:23:40', '5650fdc5-084c-465d-8c86-7b6d7a4a4dc6'),
 ('37', '39', 'en_us', 'Logo', NULL, '0.00', NULL, NULL, NULL, NULL, NULL, NULL, NULL, NULL, NULL, NULL, NULL, NULL, NULL, '2017-09-20 19:23:41', '2017-09-20 19:23:41', '35fc40d8-5c74-4bfe-973b-e3e9e4df6e46'),
 ('38', '40', 'en_us', 'Mamnoonstinstaicon', NULL, '0.00', NULL, NULL, NULL, NULL, NULL, NULL, NULL, NULL, NULL, NULL, NULL, NULL, NULL, '2017-09-20 19:23:41', '2017-09-20 19:23:41', 'c4303ad2-c9d6-4e2c-ab4e-9c52b6584489'),
 ('39', '41', 'en_us', 'Mamnoonsttwitter', NULL, '0.00', NULL, NULL, NULL, NULL, NULL, NULL, NULL, NULL, NULL, NULL, NULL, NULL, NULL, '2017-09-20 19:23:41', '2017-09-20 19:23:41', '45897cc3-bf01-4528-b519-064c4d6d58c4'),
 ('40', '42', 'en_us', 'Zaatar', NULL, '0.00', NULL, NULL, NULL, NULL, NULL, NULL, NULL, NULL, NULL, NULL, NULL, NULL, NULL, '2017-09-20 19:23:41', '2017-09-20 19:23:41', '72d6f735-c985-474b-b878-61f09355e88f'),
 ('41', '43', 'en_us', 'Zaatar1', NULL, '0.00', NULL, NULL, NULL, NULL, NULL, NULL, NULL, NULL, NULL, NULL, NULL, NULL, NULL, '2017-09-20 19:23:41', '2017-09-20 19:23:41', 'cf3a118b-0a11-40a2-920b-16a3f089ef61'),
 ('42', '44', 'en_us', 'Zaatar3', NULL, '0.00', NULL, NULL, NULL, NULL, NULL, NULL, NULL, NULL, NULL, NULL, NULL, NULL, NULL, '2017-09-20 19:23:41', '2017-09-20 19:23:42', '88f64283-231d-48d1-a8e5-940ee4f50458'),
 ('43', '45', 'en_us', 'Zaatar4', NULL, '0.00', NULL, NULL, NULL, NULL, NULL, NULL, NULL, NULL, NULL, NULL, NULL, NULL, NULL, '2017-09-20 19:23:42', '2017-09-20 19:23:42', '9b6451fd-dd3f-4c1f-abb1-b29cfcc4819f'),
 ('44', '46', 'en_us', 'Mamnoonstfbicon', NULL, '0.00', NULL, NULL, NULL, NULL, NULL, NULL, NULL, NULL, NULL, NULL, NULL, NULL, NULL, '2017-09-20 19:24:57', '2017-09-20 19:24:57', 'b22a441a-795b-4507-83a6-1206121f2701'),
 ('45', '47', 'en_us', 'Mamnoonsttwitter', NULL, '0.00', NULL, NULL, NULL, NULL, NULL, NULL, NULL, NULL, NULL, NULL, NULL, NULL, NULL, '2017-09-20 19:25:02', '2017-09-20 19:25:02', '5c3b70bc-3450-4052-bc69-0f7149c68ed4'),
 ('46', '48', 'en_us', 'Mamnoonstinstaicon', NULL, '0.00', NULL, NULL, NULL, NULL, NULL, NULL, NULL, NULL, NULL, NULL, NULL, NULL, NULL, '2017-09-20 19:25:02', '2017-09-20 19:25:02', 'd6f29d40-5ab7-4baf-b4dc-33631578d300'),
 ('49', '51', 'en_us', NULL, NULL, '0.00', NULL, NULL, NULL, '[]', NULL, NULL, NULL, NULL, NULL, NULL, NULL, NULL, NULL, '2017-09-26 18:50:53', '2017-10-25 20:07:35', '65c76bb8-4554-450c-8e81-8600e6199f52'),
 ('50', '52', 'en_us', 'Za\'atar', NULL, '0.00', NULL, NULL, NULL, '[]', NULL, NULL, NULL, NULL, NULL, NULL, NULL, NULL, NULL, '2017-09-26 22:57:15', '2017-09-26 22:57:15', 'b3b3759c-b990-4097-99d0-7cde68146888'),
 ('51', '53', 'en_us', 'Za\'atar', NULL, '0.00', NULL, NULL, NULL, '[]', NULL, NULL, NULL, NULL, NULL, NULL, NULL, NULL, NULL, '2017-09-26 22:57:15', '2017-09-26 22:57:15', '33225b63-897e-4056-bb6a-f7ff43cc7c5f'),
 ('52', '54', 'en_us', 'about', '<p>hello</p>', '0.00', 'header', NULL, NULL, '[]', NULL, 'we cater!', 'we cater all day long, it is wonderful', '425 442 9308', 'about us', 'Lorem ipsum dolor sit amet, consectetuer adipiscing elit, sed diam nonummy nibh euismod tincidunt ut laoreet dolore magna aliquam erat volutpat. Ut wisi enim ad minim veniam, quis nostrud exerci tation ullamcorper suscipit lobortis nisl ut aliquip ex ea commodo consequat. Duis autem vel eum iriure dolor in hendrerit in vulputate velit esse . Lorem ipsum dolor sit amet, consectetuer adipis.', NULL, NULL, NULL, '2017-10-03 15:43:46', '2017-10-30 01:00:06', '57f1f7c9-1c14-4ef5-9b0d-a9c5b42a901c'),
 ('53', '55', 'en_us', 'globals', NULL, '0.00', NULL, NULL, NULL, '[]', 'TASTY!', NULL, NULL, NULL, NULL, NULL, 'Mon - Sat: 11am - 9pm, Sun: 11am - 8pm', 'Happy Hour: 3 - 6 pm, Dinner: 6pm - Close', '2020 6th Ave Seattle, WA 98121', '2017-10-29 23:46:04', '2017-10-30 00:59:04', '952ae865-9a86-4dff-aa47-36091fff65bc');



DROP TABLE IF EXISTS `craft_deprecationerrors`;


--
-- Schema for table `craft_deprecationerrors`
--
CREATE TABLE `craft_deprecationerrors` (
  `id` int(11) NOT NULL AUTO_INCREMENT,
  `key` varchar(255) COLLATE utf8_unicode_ci NOT NULL,
  `fingerprint` varchar(255) COLLATE utf8_unicode_ci NOT NULL,
  `lastOccurrence` datetime NOT NULL,
  `file` varchar(255) COLLATE utf8_unicode_ci NOT NULL,
  `line` smallint(6) unsigned NOT NULL,
  `class` varchar(255) COLLATE utf8_unicode_ci DEFAULT NULL,
  `method` varchar(255) COLLATE utf8_unicode_ci DEFAULT NULL,
  `template` varchar(255) COLLATE utf8_unicode_ci DEFAULT NULL,
  `templateLine` smallint(6) unsigned DEFAULT NULL,
  `message` varchar(255) COLLATE utf8_unicode_ci DEFAULT NULL,
  `traces` text COLLATE utf8_unicode_ci,
  `dateCreated` datetime NOT NULL,
  `dateUpdated` datetime NOT NULL,
  `uid` char(36) COLLATE utf8_unicode_ci NOT NULL DEFAULT '0',
  PRIMARY KEY (`id`),
  UNIQUE KEY `craft_deprecationerrors_key_fingerprint_unq_idx` (`key`,`fingerprint`)
) ENGINE=InnoDB DEFAULT CHARSET=utf8 COLLATE=utf8_unicode_ci;

DROP TABLE IF EXISTS `craft_elementindexsettings`;


--
-- Schema for table `craft_elementindexsettings`
--
CREATE TABLE `craft_elementindexsettings` (
  `id` int(11) NOT NULL AUTO_INCREMENT,
  `type` varchar(150) COLLATE utf8_unicode_ci NOT NULL,
  `settings` text COLLATE utf8_unicode_ci,
  `dateCreated` datetime NOT NULL,
  `dateUpdated` datetime NOT NULL,
  `uid` char(36) COLLATE utf8_unicode_ci NOT NULL DEFAULT '0',
  PRIMARY KEY (`id`),
  UNIQUE KEY `craft_elementindexsettings_type_unq_idx` (`type`)
) ENGINE=InnoDB DEFAULT CHARSET=utf8 COLLATE=utf8_unicode_ci;

DROP TABLE IF EXISTS `craft_elements`;


--
-- Schema for table `craft_elements`
--
CREATE TABLE `craft_elements` (
  `id` int(11) NOT NULL AUTO_INCREMENT,
  `type` varchar(150) COLLATE utf8_unicode_ci NOT NULL,
  `enabled` tinyint(1) unsigned NOT NULL DEFAULT '1',
  `archived` tinyint(1) unsigned NOT NULL DEFAULT '0',
  `dateCreated` datetime NOT NULL,
  `dateUpdated` datetime NOT NULL,
  `uid` char(36) COLLATE utf8_unicode_ci NOT NULL DEFAULT '0',
  PRIMARY KEY (`id`),
  KEY `craft_elements_type_idx` (`type`),
  KEY `craft_elements_enabled_idx` (`enabled`),
  KEY `craft_elements_archived_dateCreated_idx` (`archived`,`dateCreated`)
) ENGINE=InnoDB AUTO_INCREMENT=63 DEFAULT CHARSET=utf8 COLLATE=utf8_unicode_ci;

--
-- Data for table `craft_elements`
--

INSERT INTO `craft_elements` (`id`, `type`, `enabled`, `archived`, `dateCreated`, `dateUpdated`, `uid`) VALUES
 ('1', 'User', '1', '0', '2017-08-20 18:28:10', '2017-08-20 18:28:10', 'ed713472-2795-42b6-8579-eb62bbfabd2f'),
 ('2', 'Entry', '1', '0', '2017-08-20 18:28:14', '2017-08-20 18:28:14', 'bee01db9-dd25-4b90-93f2-8e7757160eb9'),
 ('3', 'Entry', '1', '0', '2017-08-20 18:28:14', '2017-08-20 18:28:14', '81436993-72bc-44ea-af3b-839d690f3025'),
 ('4', 'Entry', '1', '0', '2017-08-21 19:12:39', '2017-08-21 19:20:55', 'd452d88f-e4d5-43bb-b7f4-b9f50d33da0b'),
 ('5', 'MatrixBlock', '1', '0', '2017-08-21 19:12:39', '2017-08-21 19:20:55', 'ad2aef9e-7542-43f1-8af0-d5af68bc7b8c'),
 ('6', 'Entry', '1', '0', '2017-08-21 19:13:15', '2017-08-21 19:21:23', '4707c4b4-0575-4e28-ac8b-0074f08ae965'),
 ('7', 'Tag', '1', '0', '2017-08-21 19:21:21', '2017-08-21 19:21:21', 'b6930783-5009-461b-ace8-8387b08bff81'),
 ('8', 'Entry', '1', '0', '2017-08-21 19:24:45', '2017-08-21 19:24:45', '485d6e00-4528-46d0-b7f4-7200298c6f8e'),
 ('9', 'MatrixBlock', '1', '0', '2017-08-21 19:24:45', '2017-08-21 19:24:45', 'd73cd5a0-b4f5-4555-a5ad-9b008fb30d8a'),
 ('10', 'Entry', '1', '0', '2017-08-21 19:32:16', '2017-09-20 19:25:09', '42711979-9203-434d-b517-1eff76d62646'),
 ('11', 'Entry', '1', '0', '2017-08-21 19:32:33', '2017-09-20 19:25:19', '62becb20-f435-4d90-b09e-746453fe78b0'),
 ('12', 'Entry', '1', '0', '2017-08-21 19:32:48', '2017-09-20 19:25:29', '37a0a51b-06bf-4f0f-946a-d0b033c66c5b'),
 ('20', 'Entry', '1', '0', '2017-08-21 20:17:19', '2017-08-21 20:17:19', '6a0f23d4-abb0-4f55-9cf9-8f50b944b361'),
 ('21', 'Entry', '1', '0', '2017-08-29 16:10:22', '2017-08-29 16:31:35', '0fa4cee7-0f3b-490f-9a51-5b53d58a6778'),
 ('22', 'Commerce_Product', '1', '0', '2017-08-29 16:10:42', '2017-09-26 21:47:50', '41805c4a-7fb4-495e-b7cd-d4320aed1122'),
 ('23', 'Commerce_Variant', '1', '0', '2017-08-29 16:10:42', '2017-09-26 21:47:50', '38f89671-e4c8-4712-9730-1b2cca704f73'),
 ('24', 'Commerce_Product', '1', '0', '2017-08-29 16:10:42', '2017-09-26 21:47:30', 'eae1657e-61fe-4ef1-9ba3-d3d67b6566ee'),
 ('25', 'Commerce_Variant', '1', '0', '2017-08-29 16:10:42', '2017-09-26 21:47:30', 'fd3c6733-c0e5-4078-8156-01fc161b2270'),
 ('26', 'Commerce_Product', '1', '0', '2017-08-29 16:10:42', '2017-09-26 21:47:38', '13b3b6bc-1ea9-443c-b60b-824b4eb24673'),
 ('27', 'Commerce_Variant', '1', '0', '2017-08-29 16:10:42', '2017-09-26 21:47:38', '44edf517-c16d-4a7e-b2eb-764d185e3de1'),
 ('28', 'Commerce_Product', '1', '0', '2017-08-29 16:10:42', '2017-09-26 22:57:15', '3c949138-859b-4129-8384-9680cb4bbd57'),
 ('29', 'Commerce_Variant', '1', '0', '2017-08-29 16:10:42', '2017-09-26 22:57:15', 'f2c90c0f-3a61-409c-b55c-ad6455d812ba'),
 ('31', 'Commerce_Order', '1', '0', '2017-08-29 17:41:43', '2017-09-20 21:05:06', '41da9b41-1ac2-406d-bb6f-7d60d6798f52'),
 ('32', 'Tag', '1', '0', '2017-08-31 05:56:24', '2017-08-31 05:56:24', 'd0e604f3-6ba8-4d96-846c-fe4a98a03f64'),
 ('33', 'Commerce_Variant', '1', '0', '2017-08-31 05:58:14', '2017-09-26 21:47:50', '7b7c047b-c29b-4a57-b657-b6e8a0691e10'),
 ('34', 'Commerce_Variant', '1', '0', '2017-08-31 05:58:14', '2017-09-26 21:47:50', '8572dc95-c458-49a2-a38e-cd3119a9ca27'),
 ('37', 'Asset', '1', '0', '2017-09-20 19:23:40', '2017-09-20 19:23:40', '709a8e98-0a2b-469b-ad4b-9ba4e51a28eb'),
 ('38', 'Asset', '1', '0', '2017-09-20 19:23:40', '2017-09-20 19:23:40', '0a522050-5443-41df-b61e-654719bdcfc3'),
 ('39', 'Asset', '1', '0', '2017-09-20 19:23:41', '2017-09-20 19:23:41', 'f2c418bc-7538-44b3-b7f4-e01bb9d0cae8'),
 ('40', 'Asset', '1', '0', '2017-09-20 19:23:41', '2017-09-20 19:23:41', '03613024-b680-45c4-9123-b09d853bdbe8'),
 ('41', 'Asset', '1', '0', '2017-09-20 19:23:41', '2017-09-20 19:23:41', '85454348-1a15-4f85-a9e6-42fe56e53d6e'),
 ('42', 'Asset', '1', '0', '2017-09-20 19:23:41', '2017-09-20 19:23:41', '94b316e6-b2df-49f3-aa31-e0f7e18f09d5'),
 ('43', 'Asset', '1', '0', '2017-09-20 19:23:41', '2017-09-20 19:23:41', 'bddca55b-6af5-4e14-b3a4-93d64f544ea6'),
 ('44', 'Asset', '1', '0', '2017-09-20 19:23:41', '2017-09-20 19:23:42', 'bc400a46-4c27-43a5-8e93-2d1316cc9f1d'),
 ('45', 'Asset', '1', '0', '2017-09-20 19:23:42', '2017-09-20 19:23:42', 'c7a09ef0-04f4-4305-aff1-d2111e2f37f9'),
 ('46', 'Asset', '1', '0', '2017-09-20 19:24:57', '2017-09-20 19:24:57', '2a52dd2f-8e75-48ec-8d71-435094ef76da'),
 ('47', 'Asset', '1', '0', '2017-09-20 19:25:02', '2017-09-20 19:25:02', 'c55f8bbf-fe5a-477f-92ce-62df98958776'),
 ('48', 'Asset', '1', '0', '2017-09-20 19:25:02', '2017-09-20 19:25:02', 'fe05bd42-ba55-4820-b92a-065a40ee7c49'),
 ('51', 'Commerce_Order', '1', '0', '2017-09-26 18:50:53', '2017-10-25 20:07:35', '1fe13b12-eeba-4623-8753-23daa9bae757'),
 ('52', 'Commerce_Variant', '1', '0', '2017-09-26 22:57:15', '2017-09-26 22:57:15', '8e0483df-a3ed-4c49-a450-192ba0b0d3d7'),
 ('53', 'Commerce_Variant', '1', '0', '2017-09-26 22:57:15', '2017-09-26 22:57:15', '422d9ce1-1767-4522-93e9-095d9f0a66af'),
 ('54', 'Entry', '1', '0', '2017-10-03 15:43:46', '2017-10-30 01:00:06', 'dc623427-e56f-42eb-9988-cb27d864ea33'),
 ('55', 'Entry', '1', '0', '2017-10-29 23:46:04', '2017-10-30 00:59:04', '1c45cbe2-583c-4a1e-9ba1-b7325454d9ac'),
 ('56', 'MatrixBlock', '1', '0', '2017-10-30 00:05:32', '2017-10-30 01:00:06', '32e7a96d-b5e9-460e-934f-5745bd74af93'),
 ('57', 'MatrixBlock', '1', '0', '2017-10-30 00:05:32', '2017-10-30 01:00:06', 'e11e8449-a1a1-4e13-92ee-3eabd887fb11'),
 ('58', 'MatrixBlock', '1', '0', '2017-10-30 00:05:32', '2017-10-30 01:00:06', '9cdb99a6-880c-4d71-aa7a-efb53291972d'),
 ('59', 'MatrixBlock', '1', '0', '2017-10-30 00:28:27', '2017-10-30 01:00:06', '425f2a1d-eae9-4f79-834d-6a4d88293353'),
 ('60', 'MatrixBlock', '1', '0', '2017-10-30 00:49:48', '2017-10-30 01:00:06', 'da418d34-4bf5-41a4-8344-cba15c224157'),
 ('61', 'MatrixBlock', '1', '0', '2017-10-30 00:49:48', '2017-10-30 01:00:06', 'f73eb266-80fd-43a3-bd71-72202b4fae59'),
 ('62', 'MatrixBlock', '1', '0', '2017-10-30 00:49:48', '2017-10-30 01:00:06', '650270fa-163f-4e39-9cde-9b5fbb167afc');



DROP TABLE IF EXISTS `craft_elements_i18n`;


--
-- Schema for table `craft_elements_i18n`
--
CREATE TABLE `craft_elements_i18n` (
  `id` int(11) NOT NULL AUTO_INCREMENT,
  `elementId` int(11) NOT NULL,
  `locale` char(12) COLLATE utf8_unicode_ci NOT NULL,
  `slug` varchar(255) COLLATE utf8_unicode_ci DEFAULT NULL,
  `uri` varchar(255) COLLATE utf8_unicode_ci DEFAULT NULL,
  `enabled` tinyint(1) unsigned NOT NULL DEFAULT '1',
  `dateCreated` datetime NOT NULL,
  `dateUpdated` datetime NOT NULL,
  `uid` char(36) COLLATE utf8_unicode_ci NOT NULL DEFAULT '0',
  PRIMARY KEY (`id`),
  UNIQUE KEY `craft_elements_i18n_elementId_locale_unq_idx` (`elementId`,`locale`),
  UNIQUE KEY `craft_elements_i18n_uri_locale_unq_idx` (`uri`,`locale`),
  KEY `craft_elements_i18n_slug_locale_idx` (`slug`,`locale`),
  KEY `craft_elements_i18n_enabled_idx` (`enabled`),
  KEY `craft_elements_i18n_locale_fk` (`locale`)
) ENGINE=InnoDB AUTO_INCREMENT=63 DEFAULT CHARSET=utf8 COLLATE=utf8_unicode_ci;

--
-- Data for table `craft_elements_i18n`
--

INSERT INTO `craft_elements_i18n` (`id`, `elementId`, `locale`, `slug`, `uri`, `enabled`, `dateCreated`, `dateUpdated`, `uid`) VALUES
 ('1', '1', 'en_us', '', NULL, '1', '2017-08-20 18:28:10', '2017-08-20 18:28:10', '38b83d04-d7ee-47d1-aad8-77ce6e2e9269'),
 ('2', '2', 'en_us', 'homepage', '__home__', '1', '2017-08-20 18:28:14', '2017-08-20 18:28:14', '3456683b-40fd-4977-95b6-8872346da3c8'),
 ('3', '3', 'en_us', 'we-just-installed-craft', 'news/2017/we-just-installed-craft', '1', '2017-08-20 18:28:14', '2017-08-20 18:28:14', '7fcea599-4db9-4d32-9ffd-47db8e6c29ef'),
 ('4', '4', 'en_us', 'dinner', NULL, '1', '2017-08-21 19:12:39', '2017-08-21 19:20:55', '2c0e72ee-396e-49fa-841b-82de9712ea49'),
 ('5', '5', 'en_us', '', NULL, '1', '2017-08-21 19:12:39', '2017-08-21 19:20:55', 'a482241a-d9d9-4696-95f2-4f40f621b294'),
 ('6', '6', 'en_us', 'batikh-thalej', NULL, '1', '2017-08-21 19:13:15', '2017-08-21 19:21:23', '892aadf2-87e1-47ce-8b9b-5a60d39fa027'),
 ('7', '7', 'en_us', 'watermelon-snow', NULL, '1', '2017-08-21 19:21:21', '2017-08-21 19:21:21', '56dafc6e-d97c-49a0-88f9-2003578ef6ab'),
 ('8', '8', 'en_us', 'lunch', NULL, '1', '2017-08-21 19:24:45', '2017-08-21 19:24:45', '5fe2deaa-edb4-480a-b0f1-239772d0f753'),
 ('9', '9', 'en_us', '', NULL, '1', '2017-08-21 19:24:45', '2017-08-21 19:24:45', 'ccf25ba8-5ef1-4cc4-9c33-55a1b380fd5c'),
 ('10', '10', 'en_us', 'instagram', NULL, '1', '2017-08-21 19:32:16', '2017-09-20 19:25:09', 'ce94831c-e0ff-44a4-b7ee-200e8d09ad12'),
 ('11', '11', 'en_us', 'twitter', NULL, '1', '2017-08-21 19:32:33', '2017-09-20 19:25:19', 'e0123d9c-6845-4486-8fb2-0c1d9f6de7c5'),
 ('12', '12', 'en_us', 'facebook', NULL, '1', '2017-08-21 19:32:48', '2017-09-20 19:25:30', '4c86b6bd-f1ea-4cff-80b5-494deb6988e5'),
 ('20', '20', 'en_us', 'mamnoon-street', NULL, '1', '2017-08-21 20:17:19', '2017-08-21 20:17:19', 'f88123f2-8be3-408c-bd6a-660edad36f3d'),
 ('21', '21', 'en_us', 'order', 'order', '1', '2017-08-29 16:10:22', '2017-08-29 16:31:35', '1c7b3815-6231-4a10-b757-4d92c9a7acda'),
 ('22', '22', 'en_us', 'a-new-toga', 'order/menu/a-new-toga', '1', '2017-08-29 16:10:42', '2017-09-26 21:47:50', '0e7247b3-d4ca-4d58-ba5c-af2b230b776c'),
 ('23', '23', 'en_us', 'a-new-toga', NULL, '1', '2017-08-29 16:10:42', '2017-09-26 21:47:50', 'c7f8e01d-053e-4719-a262-d6d355d37cf5'),
 ('24', '24', 'en_us', 'baba-ghanoush', 'order/menu/baba-ghanoush', '1', '2017-08-29 16:10:42', '2017-09-26 21:47:30', '135b9410-366a-4262-b63a-b0e8c3a13673'),
 ('25', '25', 'en_us', 'parka-with-stripes-on-back', NULL, '1', '2017-08-29 16:10:42', '2017-09-26 21:47:30', '6baaa8e0-47e7-431f-8e45-33d9442ab668'),
 ('26', '26', 'en_us', 'romper-for-a-red-eye', 'order/menu/romper-for-a-red-eye', '1', '2017-08-29 16:10:42', '2017-09-26 21:47:38', '338ec9f2-a2f4-473f-83a7-117456d2ac57'),
 ('27', '27', 'en_us', 'romper-for-a-red-eye', NULL, '1', '2017-08-29 16:10:42', '2017-09-26 21:47:38', 'f8c14772-b4bb-4c73-bea9-e49c2cb0a815'),
 ('28', '28', 'en_us', 'the-fleece-awakens', 'order/menu/the-fleece-awakens', '1', '2017-08-29 16:10:42', '2017-09-26 22:57:15', '8c78ff01-b063-4d9f-9c94-30ffb7b8016f'),
 ('29', '29', 'en_us', 'the-fleece-awakens', NULL, '1', '2017-08-29 16:10:42', '2017-09-26 22:57:15', '59d38988-b47e-4adc-b7b8-fb07c523a1e1'),
 ('31', '31', 'en_us', '', NULL, '1', '2017-08-29 17:41:43', '2017-09-20 21:05:06', '53911832-992a-4b68-ac14-234d988f0ada'),
 ('32', '32', 'en_us', 'jijij', NULL, '1', '2017-08-31 05:56:24', '2017-08-31 05:56:24', '15756dd4-33a0-4e90-b932-2069049f2243'),
 ('33', '33', 'en_us', 'watermelon', NULL, '1', '2017-08-31 05:58:14', '2017-09-26 21:47:50', '13f1fd57-497a-4911-bd94-c26efdc8f47f'),
 ('34', '34', 'en_us', 'watermelon', NULL, '1', '2017-08-31 05:58:14', '2017-09-26 21:47:50', '1e74d9d8-8405-4f82-8d1b-81e5f3aff007'),
 ('37', '37', 'en_us', '5627084', NULL, '1', '2017-09-20 19:23:40', '2017-09-20 19:23:40', 'db5c5978-096a-4a2f-8e08-959b46891cf2'),
 ('38', '38', 'en_us', 'mamnoonstfbicon', NULL, '1', '2017-09-20 19:23:40', '2017-09-20 19:23:40', '6a47348a-0e10-42b9-a13b-4661a9109c8d'),
 ('39', '39', 'en_us', 'logo', NULL, '1', '2017-09-20 19:23:41', '2017-09-20 19:23:41', 'd503298b-d451-46bf-8013-b79a72fe203c'),
 ('40', '40', 'en_us', 'mamnoonstinstaicon', NULL, '1', '2017-09-20 19:23:41', '2017-09-20 19:23:41', '7fc6a7b7-dec5-4f14-a4e9-764eab08919b'),
 ('41', '41', 'en_us', 'mamnoonsttwitter', NULL, '1', '2017-09-20 19:23:41', '2017-09-20 19:23:41', '4fbf7360-6820-4586-b094-b887a056a546'),
 ('42', '42', 'en_us', 'zaatar', NULL, '1', '2017-09-20 19:23:41', '2017-09-20 19:23:41', '5cbe667f-1c89-430b-a0db-f6ca173c5995'),
 ('43', '43', 'en_us', 'zaatar1', NULL, '1', '2017-09-20 19:23:41', '2017-09-20 19:23:41', '6217c065-8cca-48de-8d7e-75ac19e9e712'),
 ('44', '44', 'en_us', 'zaatar3', NULL, '1', '2017-09-20 19:23:41', '2017-09-20 19:23:42', 'e53abaf7-788f-48f3-9081-eea38c3ed0f6'),
 ('45', '45', 'en_us', 'zaatar4', NULL, '1', '2017-09-20 19:23:42', '2017-09-20 19:23:42', '8c15baad-80d9-448a-88a0-ad16a018ae54'),
 ('46', '46', 'en_us', 'mamnoonstfbicon', NULL, '1', '2017-09-20 19:24:57', '2017-09-20 19:24:57', '1cdc8bfa-7bc2-470f-91ed-145ea1520403'),
 ('47', '47', 'en_us', 'mamnoonsttwitter', NULL, '1', '2017-09-20 19:25:02', '2017-09-20 19:25:02', '8bb2b195-7dae-4a0b-8fa6-e3a3004abb12'),
 ('48', '48', 'en_us', 'mamnoonstinstaicon', NULL, '1', '2017-09-20 19:25:02', '2017-09-20 19:25:02', 'f8d9efb6-748b-402e-9361-f09c1e3cebed'),
 ('51', '51', 'en_us', '', NULL, '1', '2017-09-26 18:50:53', '2017-10-25 20:07:35', 'ff262c12-0fc5-43b2-ad54-6262224a86e5'),
 ('52', '52', 'en_us', 'zaatar', NULL, '1', '2017-09-26 22:57:15', '2017-09-26 22:57:15', '4d6d7df9-c6b4-47be-8413-db7815b5b878'),
 ('53', '53', 'en_us', 'zaatar', NULL, '1', '2017-09-26 22:57:15', '2017-09-26 22:57:15', 'e2c20312-da1f-464e-af38-1d85c330eaff'),
 ('54', '54', 'en_us', 'about', 'about', '1', '2017-10-03 15:43:46', '2017-10-30 01:00:06', 'b43b43ca-5563-444a-9859-32bf720eb4fc'),
 ('55', '55', 'en_us', 'globals', 'globals', '1', '2017-10-29 23:46:04', '2017-10-30 00:59:04', 'a4654d02-a25b-48c0-ae8d-990b790ad5f3'),
 ('56', '56', 'en_us', '', NULL, '1', '2017-10-30 00:05:32', '2017-10-30 01:00:06', '88f41758-8ba3-42bb-9749-9cca1315d126'),
 ('57', '57', 'en_us', '', NULL, '1', '2017-10-30 00:05:32', '2017-10-30 01:00:06', '767d052c-3f06-44eb-a333-420dcf7f99e5'),
 ('58', '58', 'en_us', '', NULL, '1', '2017-10-30 00:05:32', '2017-10-30 01:00:06', '22d58431-0623-40e5-b4c9-6914f28ffb30'),
 ('59', '59', 'en_us', '', NULL, '1', '2017-10-30 00:28:27', '2017-10-30 01:00:06', 'c2f60b54-965c-4eff-99f6-0d9112a08ec1'),
 ('60', '60', 'en_us', '', NULL, '1', '2017-10-30 00:49:48', '2017-10-30 01:00:06', 'ed5ce3eb-7e0c-4ec3-a6bb-4460c596ddb3'),
 ('61', '61', 'en_us', '', NULL, '1', '2017-10-30 00:49:48', '2017-10-30 01:00:06', 'ae694e73-8f95-4718-9ec8-5847f1d69c3a'),
 ('62', '62', 'en_us', '', NULL, '1', '2017-10-30 00:49:48', '2017-10-30 01:00:06', '5fb823f4-f383-46a9-b9fd-f8d93d669ce1');



DROP TABLE IF EXISTS `craft_emailmessages`;


--
-- Schema for table `craft_emailmessages`
--
CREATE TABLE `craft_emailmessages` (
  `id` int(11) NOT NULL AUTO_INCREMENT,
  `key` char(150) COLLATE utf8_unicode_ci NOT NULL,
  `locale` char(12) COLLATE utf8_unicode_ci NOT NULL,
  `subject` varchar(1000) COLLATE utf8_unicode_ci NOT NULL,
  `body` text COLLATE utf8_unicode_ci NOT NULL,
  `dateCreated` datetime NOT NULL,
  `dateUpdated` datetime NOT NULL,
  `uid` char(36) COLLATE utf8_unicode_ci NOT NULL DEFAULT '0',
  PRIMARY KEY (`id`),
  UNIQUE KEY `craft_emailmessages_key_locale_unq_idx` (`key`,`locale`),
  KEY `craft_emailmessages_locale_fk` (`locale`)
) ENGINE=InnoDB DEFAULT CHARSET=utf8 COLLATE=utf8_unicode_ci;

DROP TABLE IF EXISTS `craft_entries`;


--
-- Schema for table `craft_entries`
--
CREATE TABLE `craft_entries` (
  `id` int(11) NOT NULL,
  `sectionId` int(11) NOT NULL,
  `typeId` int(11) DEFAULT NULL,
  `authorId` int(11) DEFAULT NULL,
  `postDate` datetime DEFAULT NULL,
  `expiryDate` datetime DEFAULT NULL,
  `dateCreated` datetime NOT NULL,
  `dateUpdated` datetime NOT NULL,
  `uid` char(36) COLLATE utf8_unicode_ci NOT NULL DEFAULT '0',
  PRIMARY KEY (`id`),
  KEY `craft_entries_sectionId_idx` (`sectionId`),
  KEY `craft_entries_typeId_idx` (`typeId`),
  KEY `craft_entries_postDate_idx` (`postDate`),
  KEY `craft_entries_expiryDate_idx` (`expiryDate`),
  KEY `craft_entries_authorId_fk` (`authorId`)
) ENGINE=InnoDB DEFAULT CHARSET=utf8 COLLATE=utf8_unicode_ci;

--
-- Data for table `craft_entries`
--

INSERT INTO `craft_entries` (`id`, `sectionId`, `typeId`, `authorId`, `postDate`, `expiryDate`, `dateCreated`, `dateUpdated`, `uid`) VALUES
 ('2', '1', NULL, NULL, '2017-08-20 18:28:14', NULL, '2017-08-20 18:28:14', '2017-08-20 18:28:14', 'a586bad5-0869-48fc-9346-f31ca48c02ba'),
 ('3', '2', '2', '1', '2017-08-20 18:28:14', NULL, '2017-08-20 18:28:14', '2017-08-20 18:28:14', '6d9736c6-1929-4495-883f-175548ab5e85'),
 ('4', '3', '3', '1', '2017-08-21 19:12:00', NULL, '2017-08-21 19:12:39', '2017-08-21 19:20:55', '47355683-a105-40d3-83a5-80e3884580cb'),
 ('6', '4', '4', '1', '2017-08-21 19:13:00', NULL, '2017-08-21 19:13:15', '2017-08-21 19:21:23', 'a17d5700-3790-455c-bcd4-ef730f737c82'),
 ('8', '3', '3', '1', '2017-08-21 19:24:45', NULL, '2017-08-21 19:24:45', '2017-08-21 19:24:45', '0d560035-28da-4ace-9e4d-ce20052ba3a5'),
 ('10', '5', '5', '1', '2017-08-21 19:32:00', NULL, '2017-08-21 19:32:16', '2017-09-20 19:25:09', '3696b23d-e5c2-48d6-9ca7-88f6022525fb'),
 ('11', '5', '5', '1', '2017-08-21 19:32:00', NULL, '2017-08-21 19:32:33', '2017-09-20 19:25:19', 'c42beeb8-0b29-4c54-801f-ef95b38b29c7'),
 ('12', '5', '5', '1', '2017-08-21 19:32:00', NULL, '2017-08-21 19:32:48', '2017-09-20 19:25:30', '381c0f4a-28a2-4c8f-a160-deb61bd2a8b2'),
 ('20', '6', '6', '1', '2017-08-21 20:17:19', NULL, '2017-08-21 20:17:19', '2017-08-21 20:17:19', '247bdd5c-3ac3-4e52-a9b2-be48df8c497c'),
 ('21', '7', '7', NULL, '2017-08-29 16:31:35', NULL, '2017-08-29 16:10:22', '2017-08-29 16:31:35', 'b32e3956-c7f5-4711-aa1f-aec641a4ea50'),
 ('54', '8', NULL, NULL, '2017-10-03 15:43:46', NULL, '2017-10-03 15:43:46', '2017-10-30 01:00:06', '1a658990-7260-4661-abf6-26974e4f4ef7'),
 ('55', '9', NULL, NULL, '2017-10-29 23:46:04', NULL, '2017-10-29 23:46:05', '2017-10-30 00:59:04', '5d6c3309-93f2-455d-86f8-da12d1a1810e');



DROP TABLE IF EXISTS `craft_entrydrafts`;


--
-- Schema for table `craft_entrydrafts`
--
CREATE TABLE `craft_entrydrafts` (
  `id` int(11) NOT NULL AUTO_INCREMENT,
  `entryId` int(11) NOT NULL,
  `sectionId` int(11) NOT NULL,
  `creatorId` int(11) NOT NULL,
  `locale` char(12) COLLATE utf8_unicode_ci NOT NULL,
  `name` varchar(255) COLLATE utf8_unicode_ci NOT NULL,
  `notes` tinytext COLLATE utf8_unicode_ci,
  `data` mediumtext COLLATE utf8_unicode_ci NOT NULL,
  `dateCreated` datetime NOT NULL,
  `dateUpdated` datetime NOT NULL,
  `uid` char(36) COLLATE utf8_unicode_ci NOT NULL DEFAULT '0',
  PRIMARY KEY (`id`),
  KEY `craft_entrydrafts_entryId_locale_idx` (`entryId`,`locale`),
  KEY `craft_entrydrafts_sectionId_fk` (`sectionId`),
  KEY `craft_entrydrafts_creatorId_fk` (`creatorId`),
  KEY `craft_entrydrafts_locale_fk` (`locale`)
) ENGINE=InnoDB DEFAULT CHARSET=utf8 COLLATE=utf8_unicode_ci;

DROP TABLE IF EXISTS `craft_entrytypes`;


--
-- Schema for table `craft_entrytypes`
--
CREATE TABLE `craft_entrytypes` (
  `id` int(11) NOT NULL AUTO_INCREMENT,
  `sectionId` int(11) NOT NULL,
  `fieldLayoutId` int(11) DEFAULT NULL,
  `name` varchar(255) COLLATE utf8_unicode_ci NOT NULL,
  `handle` varchar(255) COLLATE utf8_unicode_ci NOT NULL,
  `hasTitleField` tinyint(1) unsigned NOT NULL DEFAULT '1',
  `titleLabel` varchar(255) COLLATE utf8_unicode_ci DEFAULT 'Title',
  `titleFormat` varchar(255) COLLATE utf8_unicode_ci DEFAULT NULL,
  `sortOrder` smallint(6) unsigned DEFAULT NULL,
  `dateCreated` datetime NOT NULL,
  `dateUpdated` datetime NOT NULL,
  `uid` char(36) COLLATE utf8_unicode_ci NOT NULL DEFAULT '0',
  PRIMARY KEY (`id`),
  UNIQUE KEY `craft_entrytypes_name_sectionId_unq_idx` (`name`,`sectionId`),
  UNIQUE KEY `craft_entrytypes_handle_sectionId_unq_idx` (`handle`,`sectionId`),
  KEY `craft_entrytypes_sectionId_fk` (`sectionId`),
  KEY `craft_entrytypes_fieldLayoutId_fk` (`fieldLayoutId`)
) ENGINE=InnoDB AUTO_INCREMENT=10 DEFAULT CHARSET=utf8 COLLATE=utf8_unicode_ci;

--
-- Data for table `craft_entrytypes`
--

INSERT INTO `craft_entrytypes` (`id`, `sectionId`, `fieldLayoutId`, `name`, `handle`, `hasTitleField`, `titleLabel`, `titleFormat`, `sortOrder`, `dateCreated`, `dateUpdated`, `uid`) VALUES
 ('1', '1', '3', 'Homepage', 'homepage', '1', 'Title', NULL, '1', '2017-08-20 18:28:14', '2017-08-20 18:28:14', '8e79d340-a84e-4e2b-9ec6-fe274eec8a76'),
 ('2', '2', '5', 'News', 'news', '1', 'Title', NULL, '1', '2017-08-20 18:28:14', '2017-08-20 18:28:14', '36edcbee-6cd6-4e03-967b-c73b06071a29'),
 ('3', '3', '13', 'Menu', 'menu', '1', 'Title', NULL, '1', '2017-08-21 19:08:10', '2017-08-21 19:09:52', 'a63356c3-d89c-4384-b2ed-58f1b1320d08'),
 ('4', '4', '16', 'Menu Item', 'menuItem', '1', 'Title', NULL, '1', '2017-08-21 19:10:25', '2017-08-21 19:20:29', 'cee8cf2c-4965-43e1-bd3b-a7f6a5cfd8b1'),
 ('5', '5', '18', 'social links', 'socialLinks', '1', 'Title', NULL, '1', '2017-08-21 19:28:15', '2017-08-21 19:31:30', '9b3f0897-639e-4892-b953-883faaf31482'),
 ('6', '6', '25', 'site logo', 'siteLogo', '1', 'Title', NULL, '1', '2017-08-21 20:16:05', '2017-08-21 20:16:45', 'c255f0fa-5c2a-4748-8882-c8678b5b42cc'),
 ('7', '7', '26', 'order', 'order', '0', NULL, '{section.name|raw}', '1', '2017-08-29 16:10:22', '2017-08-29 16:31:27', 'fd9f8e05-f9e9-42e5-a8d8-5e0ef93c1f43'),
 ('8', '8', '64', 'about', 'about', '0', NULL, '{section.name|raw}', '1', '2017-10-03 15:43:46', '2017-10-30 00:18:37', '109bcf7a-2bdd-43b8-b894-6caf725c6744'),
 ('9', '9', '65', 'globals', 'globals', '0', NULL, '{section.name|raw}', '1', '2017-10-29 23:46:04', '2017-10-30 00:57:57', '87ac5ba0-8363-4409-afa3-ed7426deb3ab');



DROP TABLE IF EXISTS `craft_entryversions`;


--
-- Schema for table `craft_entryversions`
--
CREATE TABLE `craft_entryversions` (
  `id` int(11) NOT NULL AUTO_INCREMENT,
  `entryId` int(11) NOT NULL,
  `sectionId` int(11) NOT NULL,
  `creatorId` int(11) DEFAULT NULL,
  `locale` char(12) COLLATE utf8_unicode_ci NOT NULL,
  `num` smallint(6) unsigned NOT NULL,
  `notes` tinytext COLLATE utf8_unicode_ci,
  `data` mediumtext COLLATE utf8_unicode_ci NOT NULL,
  `dateCreated` datetime NOT NULL,
  `dateUpdated` datetime NOT NULL,
  `uid` char(36) COLLATE utf8_unicode_ci NOT NULL DEFAULT '0',
  PRIMARY KEY (`id`),
  KEY `craft_entryversions_entryId_locale_idx` (`entryId`,`locale`),
  KEY `craft_entryversions_sectionId_fk` (`sectionId`),
  KEY `craft_entryversions_creatorId_fk` (`creatorId`),
  KEY `craft_entryversions_locale_fk` (`locale`)
) ENGINE=InnoDB AUTO_INCREMENT=35 DEFAULT CHARSET=utf8 COLLATE=utf8_unicode_ci;

--
-- Data for table `craft_entryversions`
--

INSERT INTO `craft_entryversions` (`id`, `entryId`, `sectionId`, `creatorId`, `locale`, `num`, `notes`, `data`, `dateCreated`, `dateUpdated`, `uid`) VALUES
 ('1', '2', '1', '1', 'en_us', '1', NULL, '{\"typeId\":\"1\",\"authorId\":null,\"title\":\"Homepage\",\"slug\":\"homepage\",\"postDate\":1503253694,\"expiryDate\":null,\"enabled\":1,\"parentId\":null,\"fields\":[]}', '2017-08-20 18:28:14', '2017-08-20 18:28:14', 'c9e83c89-a279-4bff-92ca-a2cba7bab13f'),
 ('2', '2', '1', '1', 'en_us', '2', NULL, '{\"typeId\":null,\"authorId\":null,\"title\":\"Welcome to Localhost!\",\"slug\":\"homepage\",\"postDate\":1503253694,\"expiryDate\":null,\"enabled\":\"1\",\"parentId\":null,\"fields\":{\"1\":\"<p>It\\u2019s true, this site doesn\\u2019t have a whole lot of content yet, but don\\u2019t worry. Our web developers have just installed the CMS, and they\\u2019re setting things up for the content editors this very moment. Soon Localhost will be an oasis of fresh perspectives, sharp analyses, and astute opinions that will keep you coming back again and again.<\\/p>\"}}', '2017-08-20 18:28:14', '2017-08-20 18:28:14', '5c5f76d9-dca7-486b-83dc-994bb3b81a1c'),
 ('3', '3', '2', '1', 'en_us', '1', NULL, '{\"typeId\":\"2\",\"authorId\":\"1\",\"title\":\"We just installed Craft!\",\"slug\":\"we-just-installed-craft\",\"postDate\":1503253694,\"expiryDate\":null,\"enabled\":1,\"parentId\":null,\"fields\":[]}', '2017-08-20 18:28:14', '2017-08-20 18:28:14', '88a8251e-d0df-49d0-a75f-1e1d191421a1'),
 ('4', '4', '3', '1', 'en_us', '1', '', '{\"typeId\":null,\"authorId\":\"1\",\"title\":\"dinner\",\"slug\":\"dinner\",\"postDate\":1503342720,\"expiryDate\":null,\"enabled\":1,\"parentId\":null,\"fields\":{\"23\":\"\",\"11\":{\"new1\":{\"type\":\"itemGroup\",\"enabled\":\"1\",\"fields\":{\"groupName\":\"mezze | small plates\",\"caption\":\"\",\"menuItems\":\"\"}}},\"19\":\"\",\"15\":\"\"}}', '2017-08-21 19:12:39', '2017-08-21 19:12:39', '86236b79-ae27-4ac2-9729-3e64856a7a4f'),
 ('5', '6', '4', '1', 'en_us', '1', '', '{\"typeId\":null,\"authorId\":\"1\",\"title\":\"Batikh thalej\",\"slug\":\"batikh-thalej\",\"postDate\":1503342795,\"expiryDate\":null,\"enabled\":1,\"parentId\":null,\"fields\":{\"3\":\"\",\"9\":\"\",\"10\":\"9\"}}', '2017-08-21 19:13:15', '2017-08-21 19:13:15', '3685e118-aeb5-44b2-bd4c-e6f01eb5c476'),
 ('6', '4', '3', '1', 'en_us', '2', '', '{\"typeId\":\"3\",\"authorId\":\"1\",\"title\":\"dinner\",\"slug\":\"dinner\",\"postDate\":1503342720,\"expiryDate\":null,\"enabled\":1,\"parentId\":null,\"fields\":{\"23\":\"\",\"11\":{\"5\":{\"type\":\"itemGroup\",\"enabled\":\"1\",\"fields\":{\"groupName\":\"mezze | small plates\",\"caption\":\"\",\"menuItems\":[\"6\"]}}},\"19\":\"\",\"15\":\"\"}}', '2017-08-21 19:13:25', '2017-08-21 19:13:25', '4760fe53-d6cd-4443-9d51-9421abaae26e'),
 ('7', '4', '3', '1', 'en_us', '3', '', '{\"typeId\":\"3\",\"authorId\":\"1\",\"title\":\"dinner\",\"slug\":\"dinner\",\"postDate\":1503342720,\"expiryDate\":null,\"enabled\":1,\"parentId\":null,\"fields\":{\"23\":\"\",\"11\":{\"5\":{\"type\":\"itemGroup\",\"enabled\":\"1\",\"fields\":{\"groupName\":\"mezze | small plates\",\"caption\":\"\",\"menuItems\":[\"6\"]}}},\"19\":\"\",\"15\":\"\"}}', '2017-08-21 19:20:55', '2017-08-21 19:20:55', 'ac8314fc-8e7d-438e-98b9-1a71ee6a9683'),
 ('8', '6', '4', '1', 'en_us', '2', '', '{\"typeId\":\"4\",\"authorId\":\"1\",\"title\":\"Batikh thalej\",\"slug\":\"batikh-thalej\",\"postDate\":1503342780,\"expiryDate\":null,\"enabled\":1,\"parentId\":null,\"fields\":{\"3\":\"\",\"27\":\"Batikh thalej\",\"9\":\"\",\"10\":\"9\"}}', '2017-08-21 19:21:11', '2017-08-21 19:21:11', '6b0226b8-f608-4ad0-b876-1d9525f652f3'),
 ('9', '6', '4', '1', 'en_us', '3', '', '{\"typeId\":\"4\",\"authorId\":\"1\",\"title\":\"Batikh thalej\",\"slug\":\"batikh-thalej\",\"postDate\":1503342780,\"expiryDate\":null,\"enabled\":1,\"parentId\":null,\"fields\":{\"3\":\"\",\"27\":\"Batikh thalej\",\"9\":[\"7\"],\"10\":\"9\"}}', '2017-08-21 19:21:23', '2017-08-21 19:21:23', '17e82876-57a9-494b-9b9d-93d87668ab80'),
 ('10', '8', '3', '1', 'en_us', '1', '', '{\"typeId\":null,\"authorId\":\"1\",\"title\":\"lunch\",\"slug\":\"lunch\",\"postDate\":1503343485,\"expiryDate\":null,\"enabled\":1,\"parentId\":null,\"fields\":{\"23\":\"\",\"11\":{\"new1\":{\"type\":\"itemGroup\",\"enabled\":\"1\",\"fields\":{\"groupName\":\"lunch mezze\",\"caption\":\"lunch mezze items\",\"menuItems\":[\"6\"]}}},\"19\":\"\",\"15\":\"\"}}', '2017-08-21 19:24:45', '2017-08-21 19:24:45', 'b01b2c87-7724-41cb-9a78-eefb693184dc'),
 ('11', '10', '5', '1', 'en_us', '1', '', '{\"typeId\":null,\"authorId\":\"1\",\"title\":\"instagram\",\"slug\":\"instagram\",\"postDate\":1503343935,\"expiryDate\":null,\"enabled\":1,\"parentId\":\"\",\"fields\":{\"29\":\"https:\\/\\/www.instagram.com\\/explore\\/tags\\/mamnoonstreet\\/\"}}', '2017-08-21 19:32:16', '2017-08-21 19:32:16', 'e65edecb-2861-4b38-abab-2aaa263c2f6f'),
 ('12', '11', '5', '1', 'en_us', '1', '', '{\"typeId\":null,\"authorId\":\"1\",\"title\":\"twitter\",\"slug\":\"twitter\",\"postDate\":1503343953,\"expiryDate\":null,\"enabled\":1,\"parentId\":\"\",\"fields\":{\"29\":\"https:\\/\\/twitter.com\\/mamnoonstreet\"}}', '2017-08-21 19:32:33', '2017-08-21 19:32:33', 'c68cb883-1ea7-45bf-94ef-b3e4abf7812e'),
 ('13', '12', '5', '1', 'en_us', '1', '', '{\"typeId\":null,\"authorId\":\"1\",\"title\":\"facebook\",\"slug\":\"facebook\",\"postDate\":1503343968,\"expiryDate\":null,\"enabled\":1,\"parentId\":\"\",\"fields\":{\"29\":\"https:\\/\\/www.facebook.com\\/mamnoonstreet\\/\"}}', '2017-08-21 19:32:49', '2017-08-21 19:32:49', '378673b2-3722-4c56-8759-598e4d303fa9'),
 ('14', '10', '5', '1', 'en_us', '2', '', '{\"typeId\":\"5\",\"authorId\":\"1\",\"title\":\"instagram\",\"slug\":\"instagram\",\"postDate\":1503343920,\"expiryDate\":null,\"enabled\":1,\"parentId\":\"\",\"fields\":{\"28\":\"\",\"29\":\"https:\\/\\/www.instagram.com\\/explore\\/tags\\/mamnoonstreet\\/\"}}', '2017-08-21 19:37:33', '2017-08-21 19:37:33', 'ed0e375f-89b0-4a30-9cd1-b14332cfba2a'),
 ('15', '10', '5', '1', 'en_us', '3', '', '{\"typeId\":\"5\",\"authorId\":\"1\",\"title\":\"instagram\",\"slug\":\"instagram\",\"postDate\":1503343920,\"expiryDate\":null,\"enabled\":1,\"parentId\":\"\",\"fields\":{\"28\":[\"14\"],\"29\":\"https:\\/\\/www.instagram.com\\/explore\\/tags\\/mamnoonstreet\\/\"}}', '2017-08-21 19:42:40', '2017-08-21 19:42:40', '76f2d473-f304-469d-a4d3-cbe6e6c4b3e9'),
 ('16', '11', '5', '1', 'en_us', '2', '', '{\"typeId\":\"5\",\"authorId\":\"1\",\"title\":\"twitter\",\"slug\":\"twitter\",\"postDate\":1503343920,\"expiryDate\":null,\"enabled\":1,\"parentId\":\"\",\"fields\":{\"28\":[\"16\"],\"29\":\"https:\\/\\/twitter.com\\/mamnoonstreet\"}}', '2017-08-21 19:42:54', '2017-08-21 19:42:54', '95c1fa86-20d5-49b4-8d3b-8b58b7953e3b'),
 ('17', '12', '5', '1', 'en_us', '2', '', '{\"typeId\":\"5\",\"authorId\":\"1\",\"title\":\"facebook\",\"slug\":\"facebook\",\"postDate\":1503343920,\"expiryDate\":null,\"enabled\":1,\"parentId\":\"\",\"fields\":{\"28\":[\"18\"],\"29\":\"https:\\/\\/www.facebook.com\\/mamnoonstreet\\/\"}}', '2017-08-21 19:44:14', '2017-08-21 19:44:14', '8532100a-623d-427f-bcc9-7e9e51de0667'),
 ('18', '20', '6', '1', 'en_us', '1', '', '{\"typeId\":null,\"authorId\":\"1\",\"title\":\"Mamnoon Street\",\"slug\":\"mamnoon-street\",\"postDate\":1503346639,\"expiryDate\":null,\"enabled\":1,\"parentId\":\"\",\"fields\":{\"28\":[\"19\"]}}', '2017-08-21 20:17:19', '2017-08-21 20:17:19', '3c57e317-a357-412a-9b5c-935243ffd4de'),
 ('19', '21', '7', '1', 'en_us', '1', NULL, '{\"typeId\":\"7\",\"authorId\":null,\"title\":\"order\",\"slug\":\"order\",\"postDate\":1504023022,\"expiryDate\":null,\"enabled\":1,\"parentId\":null,\"fields\":[]}', '2017-08-29 16:10:22', '2017-08-29 16:10:22', '0e25c374-a1e3-42a9-895e-e5777802f240'),
 ('20', '10', '5', '1', 'en_us', '4', '', '{\"typeId\":\"5\",\"authorId\":\"1\",\"title\":\"instagram\",\"slug\":\"instagram\",\"postDate\":1503343920,\"expiryDate\":null,\"enabled\":1,\"parentId\":\"\",\"fields\":{\"28\":[\"48\"],\"29\":\"https:\\/\\/www.instagram.com\\/explore\\/tags\\/mamnoonstreet\\/\"}}', '2017-09-20 19:25:09', '2017-09-20 19:25:09', '363c0845-6986-41e9-9f26-c86120b2c6b1'),
 ('21', '11', '5', '1', 'en_us', '3', '', '{\"typeId\":\"5\",\"authorId\":\"1\",\"title\":\"twitter\",\"slug\":\"twitter\",\"postDate\":1503343920,\"expiryDate\":null,\"enabled\":1,\"parentId\":\"\",\"fields\":{\"28\":[\"47\"],\"29\":\"https:\\/\\/twitter.com\\/mamnoonstreet\"}}', '2017-09-20 19:25:19', '2017-09-20 19:25:19', '2d432160-5b1f-457c-9d0b-9bfa0421b05d'),
 ('22', '12', '5', '1', 'en_us', '3', '', '{\"typeId\":\"5\",\"authorId\":\"1\",\"title\":\"facebook\",\"slug\":\"facebook\",\"postDate\":1503343920,\"expiryDate\":null,\"enabled\":1,\"parentId\":\"\",\"fields\":{\"28\":[\"46\"],\"29\":\"https:\\/\\/www.facebook.com\\/mamnoonstreet\\/\"}}', '2017-09-20 19:25:30', '2017-09-20 19:25:30', '1f48e52a-9809-4c61-bad9-59188ddff95d'),
 ('23', '54', '8', '1', 'en_us', '1', NULL, '{\"typeId\":\"8\",\"authorId\":null,\"title\":\"about\",\"slug\":\"about\",\"postDate\":1507045426,\"expiryDate\":null,\"enabled\":1,\"parentId\":null,\"fields\":[]}', '2017-10-03 15:43:46', '2017-10-03 15:43:46', '93b2def5-1a70-4645-a77b-5ce00c34e6ba'),
 ('24', '54', '8', '1', 'en_us', '2', '', '{\"typeId\":null,\"authorId\":null,\"title\":\"about\",\"slug\":\"about\",\"postDate\":1507045426,\"expiryDate\":null,\"enabled\":1,\"parentId\":null,\"fields\":{\"1\":\"<p>hello<\\/p>\",\"27\":\"header\",\"28\":\"\"}}', '2017-10-03 15:45:37', '2017-10-03 15:45:37', 'd8688f6b-965d-4d8e-b825-3d3f50b99f77'),
 ('25', '55', '9', '1', 'en_us', '1', NULL, '{\"typeId\":\"9\",\"authorId\":null,\"title\":\"globals\",\"slug\":\"globals\",\"postDate\":1509320764,\"expiryDate\":null,\"enabled\":1,\"parentId\":null,\"fields\":[]}', '2017-10-29 23:46:05', '2017-10-29 23:46:05', 'd3c9e1e4-11c3-4eef-9dd6-996bfbcbca11'),
 ('26', '55', '9', '1', 'en_us', '2', '', '{\"typeId\":null,\"authorId\":null,\"title\":\"globals\",\"slug\":\"globals\",\"postDate\":1509320764,\"expiryDate\":null,\"enabled\":1,\"parentId\":null,\"fields\":{\"33\":\"TASTY!\"}}', '2017-10-29 23:47:12', '2017-10-29 23:47:12', 'bffc0d25-7a46-4f30-b657-c8658f914919'),
 ('27', '55', '9', '1', 'en_us', '3', '', '{\"typeId\":null,\"authorId\":null,\"title\":\"globals\",\"slug\":\"globals\",\"postDate\":1509320764,\"expiryDate\":null,\"enabled\":1,\"parentId\":null,\"fields\":{\"33\":\"TASTY!\"}}', '2017-10-29 23:50:08', '2017-10-29 23:50:08', '6d38d4de-d71a-4bd8-a095-b941713ebb85'),
 ('28', '54', '8', '1', 'en_us', '3', '', '{\"typeId\":null,\"authorId\":null,\"title\":\"about\",\"slug\":\"about\",\"postDate\":1507045426,\"expiryDate\":null,\"enabled\":1,\"parentId\":null,\"fields\":{\"34\":{\"new1\":{\"type\":\"pressLinks\",\"enabled\":\"1\",\"fields\":{\"linkUrl\":\"hotmail.com\",\"linkTitle\":\"hotmail.com\"}},\"new2\":{\"type\":\"pressLinks\",\"enabled\":\"1\",\"fields\":{\"linkUrl\":\"google.com\",\"linkTitle\":\"google.com\"}},\"new3\":{\"type\":\"pressLinks\",\"enabled\":\"1\",\"fields\":{\"linkUrl\":\"netflix.com\",\"linkTitle\":\"netflix.com\"}}}}}', '2017-10-30 00:05:32', '2017-10-30 00:05:32', 'eded8c6b-21e3-4ba4-a1af-8d73ed955a1c'),
 ('29', '54', '8', '1', 'en_us', '4', '', '{\"typeId\":null,\"authorId\":null,\"title\":\"about\",\"slug\":\"about\",\"postDate\":1507045426,\"expiryDate\":null,\"enabled\":1,\"parentId\":null,\"fields\":{\"38\":\"we cater all day long, it is wonderful\",\"39\":\"425 442 9308\",\"37\":\"we cater!\",\"34\":{\"56\":{\"type\":\"pressLinks\",\"enabled\":\"1\",\"fields\":{\"linkUrl\":\"hotmail.com\",\"linkTitle\":\"hotmail.com\"}},\"57\":{\"type\":\"pressLinks\",\"enabled\":\"1\",\"fields\":{\"linkUrl\":\"google.com\",\"linkTitle\":\"google.com\"}},\"58\":{\"type\":\"pressLinks\",\"enabled\":\"1\",\"fields\":{\"linkUrl\":\"netflix.com\",\"linkTitle\":\"netflix.com\"}}}}}', '2017-10-30 00:12:27', '2017-10-30 00:12:27', '3c9ed28f-6b76-448d-ba43-965456149b72'),
 ('30', '54', '8', '1', 'en_us', '5', '', '{\"typeId\":null,\"authorId\":null,\"title\":\"about\",\"slug\":\"about\",\"postDate\":1507045426,\"expiryDate\":null,\"enabled\":1,\"parentId\":null,\"fields\":{\"43\":\"Lorem ipsum dolor sit amet, consectetuer adipiscing elit, sed diam nonummy nibh euismod tincidunt ut laoreet dolore magna aliquam erat volutpat. Ut wisi enim ad minim veniam, quis nostrud exerci tation ullamcorper suscipit lobortis nisl ut aliquip ex ea commodo consequat. Duis autem vel eum iriure dolor in hendrerit in vulputate velit esse . Lorem ipsum dolor sit amet, consectetuer adipis.\",\"42\":\"about us\",\"38\":\"we cater all day long, it is wonderful\",\"39\":\"425 442 9308\",\"37\":\"we cater!\",\"34\":{\"56\":{\"type\":\"pressLinks\",\"enabled\":\"1\",\"fields\":{\"linkUrl\":\"hotmail.com\",\"linkTitle\":\"hotmail.com\"}},\"57\":{\"type\":\"pressLinks\",\"enabled\":\"1\",\"fields\":{\"linkUrl\":\"google.com\",\"linkTitle\":\"google.com\"}},\"58\":{\"type\":\"pressLinks\",\"enabled\":\"1\",\"fields\":{\"linkUrl\":\"netflix.com\",\"linkTitle\":\"netflix.com\"}}},\"40\":{\"new1\":{\"type\":\"slide\",\"enabled\":\"1\",\"fields\":{\"slideUrl\":\"\"}}}}}', '2017-10-30 00:28:27', '2017-10-30 00:28:27', '46cd7ccf-c39e-48f4-8085-413f55d6e6d6'),
 ('31', '54', '8', '1', 'en_us', '6', '', '{\"typeId\":null,\"authorId\":null,\"title\":\"about\",\"slug\":\"about\",\"postDate\":1507045426,\"expiryDate\":null,\"enabled\":1,\"parentId\":null,\"fields\":{\"43\":\"Lorem ipsum dolor sit amet, consectetuer adipiscing elit, sed diam nonummy nibh euismod tincidunt ut laoreet dolore magna aliquam erat volutpat. Ut wisi enim ad minim veniam, quis nostrud exerci tation ullamcorper suscipit lobortis nisl ut aliquip ex ea commodo consequat. Duis autem vel eum iriure dolor in hendrerit in vulputate velit esse . Lorem ipsum dolor sit amet, consectetuer adipis.\",\"42\":\"about us\",\"38\":\"we cater all day long, it is wonderful\",\"39\":\"425 442 9308\",\"37\":\"we cater!\",\"34\":{\"56\":{\"type\":\"pressLinks\",\"enabled\":\"1\",\"fields\":{\"linkUrl\":\"hotmail.com\",\"linkTitle\":\"hotmail.com\"}},\"57\":{\"type\":\"pressLinks\",\"enabled\":\"1\",\"fields\":{\"linkUrl\":\"google.com\",\"linkTitle\":\"google.com\"}},\"58\":{\"type\":\"pressLinks\",\"enabled\":\"1\",\"fields\":{\"linkUrl\":\"netflix.com\",\"linkTitle\":\"netflix.com\"}}},\"40\":{\"59\":{\"type\":\"slide\",\"enabled\":\"1\",\"fields\":{\"slideUrl\":\"3LmSxqlR3nw\"}},\"new1\":{\"type\":\"slide\",\"enabled\":\"1\",\"fields\":{\"slideUrl\":\"3LmSxqlR3nw\"}},\"new2\":{\"type\":\"slide\",\"enabled\":\"1\",\"fields\":{\"slideUrl\":\"3LmSxqlR3nw\"}},\"new3\":{\"type\":\"slide\",\"enabled\":\"1\",\"fields\":{\"slideUrl\":\"3LmSxqlR3nw\"}}}}}', '2017-10-30 00:49:48', '2017-10-30 00:49:48', '463f6696-bdc1-40b1-b0fa-8d8c49773bbd'),
 ('32', '55', '9', '1', 'en_us', '4', '', '{\"typeId\":null,\"authorId\":null,\"title\":\"globals\",\"slug\":\"globals\",\"postDate\":1509320764,\"expiryDate\":null,\"enabled\":1,\"parentId\":null,\"fields\":{\"46\":\"2020 6th Ave Seattle, WA 98121\",\"33\":\"TASTY!\",\"44\":\"Mon - Sat: 11am - 9pm, Sun: 11am - 8pm\",\"45\":\"Happy Hour: 3 - 6 pm, Dinner: 6pm - Close\"}}', '2017-10-30 00:59:04', '2017-10-30 00:59:04', 'd0f33a15-5ca0-4f88-94be-86e29c81937f'),
 ('33', '55', '9', '1', 'en_us', '5', '', '{\"typeId\":null,\"authorId\":null,\"title\":\"globals\",\"slug\":\"globals\",\"postDate\":1509320764,\"expiryDate\":null,\"enabled\":1,\"parentId\":null,\"fields\":{\"46\":\"2020 6th Ave Seattle, WA 98121\",\"33\":\"TASTY!\",\"44\":\"Mon - Sat: 11am - 9pm, Sun: 11am - 8pm\",\"45\":\"Happy Hour: 3 - 6 pm, Dinner: 6pm - Close\"}}', '2017-10-30 00:59:04', '2017-10-30 00:59:04', 'f4e1445f-3f19-40e9-9ace-651f84d07ce4'),
 ('34', '54', '8', '1', 'en_us', '7', '', '{\"typeId\":null,\"authorId\":null,\"title\":\"about\",\"slug\":\"about\",\"postDate\":1507045426,\"expiryDate\":null,\"enabled\":1,\"parentId\":null,\"fields\":{\"43\":\"Lorem ipsum dolor sit amet, consectetuer adipiscing elit, sed diam nonummy nibh euismod tincidunt ut laoreet dolore magna aliquam erat volutpat. Ut wisi enim ad minim veniam, quis nostrud exerci tation ullamcorper suscipit lobortis nisl ut aliquip ex ea commodo consequat. Duis autem vel eum iriure dolor in hendrerit in vulputate velit esse . Lorem ipsum dolor sit amet, consectetuer adipis.\",\"42\":\"about us\",\"38\":\"we cater all day long, it is wonderful\",\"39\":\"425 442 9308\",\"37\":\"we cater!\",\"34\":{\"56\":{\"type\":\"pressLinks\",\"enabled\":\"1\",\"fields\":{\"linkUrl\":\"hotmail.com\",\"linkTitle\":\"hotmail.com\"}},\"57\":{\"type\":\"pressLinks\",\"enabled\":\"1\",\"fields\":{\"linkUrl\":\"google.com\",\"linkTitle\":\"google.com\"}},\"58\":{\"type\":\"pressLinks\",\"enabled\":\"1\",\"fields\":{\"linkUrl\":\"netflix.com\",\"linkTitle\":\"netflix.com\"}}},\"40\":{\"59\":{\"type\":\"slide\",\"enabled\":\"1\",\"fields\":{\"slideUrl\":\"6fxYe6qMew4\"}},\"60\":{\"type\":\"slide\",\"enabled\":\"1\",\"fields\":{\"slideUrl\":\"6fxYe6qMew4\"}},\"61\":{\"type\":\"slide\",\"enabled\":\"1\",\"fields\":{\"slideUrl\":\"6fxYe6qMew4\"}},\"62\":{\"type\":\"slide\",\"enabled\":\"1\",\"fields\":{\"slideUrl\":\"6fxYe6qMew4\"}}}}}', '2017-10-30 01:00:06', '2017-10-30 01:00:06', 'ceefd73a-6737-4043-95cc-084b947c864e');



DROP TABLE IF EXISTS `craft_fieldgroups`;


--
-- Schema for table `craft_fieldgroups`
--
CREATE TABLE `craft_fieldgroups` (
  `id` int(11) NOT NULL AUTO_INCREMENT,
  `name` varchar(255) COLLATE utf8_unicode_ci NOT NULL,
  `dateCreated` datetime NOT NULL,
  `dateUpdated` datetime NOT NULL,
  `uid` char(36) COLLATE utf8_unicode_ci NOT NULL DEFAULT '0',
  PRIMARY KEY (`id`),
  UNIQUE KEY `craft_fieldgroups_name_unq_idx` (`name`)
) ENGINE=InnoDB AUTO_INCREMENT=3 DEFAULT CHARSET=utf8 COLLATE=utf8_unicode_ci;

--
-- Data for table `craft_fieldgroups`
--

INSERT INTO `craft_fieldgroups` (`id`, `name`, `dateCreated`, `dateUpdated`, `uid`) VALUES
 ('1', 'Default', '2017-08-20 18:28:14', '2017-08-20 18:28:14', '84c60690-fa46-483c-87e4-c5290000738d'),
 ('2', 'Menu Items', '2017-08-21 18:56:05', '2017-08-21 18:56:05', '295b082e-4c50-4298-9d60-23970c6cdce1');



DROP TABLE IF EXISTS `craft_fieldlayoutfields`;


--
-- Schema for table `craft_fieldlayoutfields`
--
CREATE TABLE `craft_fieldlayoutfields` (
  `id` int(11) NOT NULL AUTO_INCREMENT,
  `layoutId` int(11) NOT NULL,
  `tabId` int(11) NOT NULL,
  `fieldId` int(11) NOT NULL,
  `required` tinyint(1) unsigned NOT NULL DEFAULT '0',
  `sortOrder` smallint(6) unsigned DEFAULT NULL,
  `dateCreated` datetime NOT NULL,
  `dateUpdated` datetime NOT NULL,
  `uid` char(36) COLLATE utf8_unicode_ci NOT NULL DEFAULT '0',
  PRIMARY KEY (`id`),
  UNIQUE KEY `craft_fieldlayoutfields_layoutId_fieldId_unq_idx` (`layoutId`,`fieldId`),
  KEY `craft_fieldlayoutfields_sortOrder_idx` (`sortOrder`),
  KEY `craft_fieldlayoutfields_tabId_fk` (`tabId`),
  KEY `craft_fieldlayoutfields_fieldId_fk` (`fieldId`)
) ENGINE=InnoDB AUTO_INCREMENT=74 DEFAULT CHARSET=utf8 COLLATE=utf8_unicode_ci;

--
-- Data for table `craft_fieldlayoutfields`
--

INSERT INTO `craft_fieldlayoutfields` (`id`, `layoutId`, `tabId`, `fieldId`, `required`, `sortOrder`, `dateCreated`, `dateUpdated`, `uid`) VALUES
 ('1', '3', '1', '1', '1', '1', '2017-08-20 18:28:14', '2017-08-20 18:28:14', '75055675-2fa4-40f4-b05b-8b1f85839261'),
 ('2', '5', '2', '1', '1', '1', '2017-08-20 18:28:14', '2017-08-20 18:28:14', '9f0de27f-3cc1-479d-a9f5-404acc455ba3'),
 ('3', '5', '2', '2', '0', '2', '2017-08-20 18:28:14', '2017-08-20 18:28:14', '0c3d7913-00d9-421c-9df8-345e0f62be6b'),
 ('4', '6', '3', '4', '0', '1', '2017-08-21 18:59:18', '2017-08-21 18:59:18', '202c5d9b-e7f5-4a7f-894b-acfbc0b78e6f'),
 ('5', '6', '3', '5', '0', '2', '2017-08-21 18:59:18', '2017-08-21 18:59:18', '07691415-0be6-4088-aa4c-b06a6d77efa5'),
 ('6', '6', '3', '6', '0', '3', '2017-08-21 18:59:18', '2017-08-21 18:59:18', '7541841d-8912-4c41-9f11-49efeacf8216'),
 ('7', '6', '3', '7', '0', '4', '2017-08-21 18:59:18', '2017-08-21 18:59:18', '53edfc9a-7088-44ae-bc3e-fc23c8fc326e'),
 ('8', '7', '4', '8', '0', '1', '2017-08-21 18:59:18', '2017-08-21 18:59:18', '297b62b8-fab6-4515-ba7b-bc799d1b57f8'),
 ('9', '8', '5', '12', '0', '1', '2017-08-21 19:02:35', '2017-08-21 19:02:35', 'd01ab381-c9ad-4859-829b-02eb3cb01015'),
 ('10', '8', '5', '13', '0', '2', '2017-08-21 19:02:35', '2017-08-21 19:02:35', '8dac5fa0-cd33-4958-8a37-348eb66e9873'),
 ('11', '8', '5', '14', '0', '3', '2017-08-21 19:02:35', '2017-08-21 19:02:35', 'cadb7eeb-b6a7-4986-ad40-441cab89eee8'),
 ('12', '9', '6', '16', '0', '1', '2017-08-21 19:04:12', '2017-08-21 19:04:12', '5e720331-4746-489c-afb0-30390b37e683'),
 ('13', '9', '6', '17', '0', '2', '2017-08-21 19:04:12', '2017-08-21 19:04:12', '0233cb92-56ff-41a9-ab68-abdf418a7ee8'),
 ('14', '9', '6', '18', '0', '3', '2017-08-21 19:04:12', '2017-08-21 19:04:12', '5d56f7d8-7197-420d-890f-3a2cc3150364'),
 ('15', '10', '7', '20', '0', '1', '2017-08-21 19:05:19', '2017-08-21 19:05:19', 'e9ab5a73-e051-4333-b78e-4b83f6d78d6b'),
 ('16', '10', '7', '21', '0', '2', '2017-08-21 19:05:19', '2017-08-21 19:05:19', '26ce2e28-c6c8-45b6-bf44-d8fd904c222d'),
 ('17', '10', '7', '22', '0', '3', '2017-08-21 19:05:19', '2017-08-21 19:05:19', '7ad8c43a-66e8-43d1-b464-a0d4e6d4ef96'),
 ('18', '11', '8', '24', '0', '1', '2017-08-21 19:06:12', '2017-08-21 19:06:12', 'b5a660a3-da3d-4618-84d7-02c4996c7361'),
 ('19', '11', '8', '25', '0', '2', '2017-08-21 19:06:12', '2017-08-21 19:06:12', 'e5660153-14ed-4bc6-83a6-96f36e65267d'),
 ('20', '11', '8', '26', '0', '3', '2017-08-21 19:06:12', '2017-08-21 19:06:12', '9962a9fe-5e16-420f-b6cc-e91cf9bd8afa'),
 ('21', '13', '9', '11', '0', '1', '2017-08-21 19:09:52', '2017-08-21 19:09:52', '9a91f7c9-9092-423b-b26a-02a38c540618'),
 ('22', '13', '9', '15', '0', '2', '2017-08-21 19:09:52', '2017-08-21 19:09:52', 'be3271cc-0aa8-433f-bda5-2b69b381326f'),
 ('23', '13', '9', '19', '0', '3', '2017-08-21 19:09:52', '2017-08-21 19:09:52', '07c1e366-0c57-476c-b8f6-acf0d9466d76'),
 ('24', '13', '9', '23', '0', '4', '2017-08-21 19:09:52', '2017-08-21 19:09:52', '6b0f89f5-2a64-4ca9-b04c-1f151e44a1a8'),
 ('28', '16', '11', '27', '1', '1', '2017-08-21 19:20:29', '2017-08-21 19:20:29', '5ba4d4ce-3389-421d-8ce1-17942dc76976'),
 ('29', '16', '11', '10', '0', '2', '2017-08-21 19:20:29', '2017-08-21 19:20:29', 'cb44c292-e42a-43c4-bc7c-a592f5c1b13b'),
 ('30', '16', '11', '9', '0', '3', '2017-08-21 19:20:29', '2017-08-21 19:20:29', 'a2b72f90-c00d-448f-8356-08103346bf40'),
 ('31', '16', '11', '3', '0', '4', '2017-08-21 19:20:29', '2017-08-21 19:20:29', '6db6f3d5-ba5b-4e6a-ac6e-99cd0c56e32c'),
 ('32', '18', '12', '28', '0', '1', '2017-08-21 19:31:30', '2017-08-21 19:31:30', '06068d78-1777-40b3-bc33-00bae55e8faf'),
 ('33', '18', '12', '29', '0', '2', '2017-08-21 19:31:30', '2017-08-21 19:31:30', 'd43bbcff-1671-465d-8a53-9a2db495bf15'),
 ('34', '25', '13', '28', '0', '1', '2017-08-21 20:16:45', '2017-08-21 20:16:45', '6de51652-12cf-4deb-8f69-c3b874814712'),
 ('47', '54', '23', '28', '0', '1', '2017-09-26 17:59:16', '2017-09-26 17:59:16', '527221f8-418a-49bc-91a0-8cc598248562'),
 ('48', '54', '23', '1', '0', '2', '2017-09-26 17:59:16', '2017-09-26 17:59:16', '5176cff4-e69b-40f8-a956-b7702efd954f'),
 ('49', '54', '23', '32', '0', '3', '2017-09-26 17:59:16', '2017-09-26 17:59:16', '6137e9ac-ab5d-4884-baca-8b17bf7f15b9'),
 ('50', '55', '24', '28', '0', '1', '2017-09-26 17:59:16', '2017-09-26 17:59:16', '773d2b10-4576-49f4-a120-377a671401f3'),
 ('55', '60', '27', '35', '0', '1', '2017-10-29 23:58:01', '2017-10-29 23:58:01', 'e8335431-a5d1-4857-a777-20f065375e42'),
 ('56', '60', '27', '36', '0', '2', '2017-10-29 23:58:01', '2017-10-29 23:58:01', '000c6267-9c83-47ad-acab-acb37204bebf'),
 ('62', '63', '30', '41', '0', '1', '2017-10-30 00:17:48', '2017-10-30 00:17:48', '1e059bfb-945f-497c-9ac3-f362c9278043'),
 ('63', '64', '31', '42', '0', '1', '2017-10-30 00:18:37', '2017-10-30 00:18:37', 'bab89477-5407-4431-b86d-96cf326dd991'),
 ('64', '64', '31', '43', '0', '2', '2017-10-30 00:18:37', '2017-10-30 00:18:37', '52ea9a75-b61b-47d7-ad47-2ae978aca65c'),
 ('65', '64', '31', '40', '0', '3', '2017-10-30 00:18:37', '2017-10-30 00:18:37', '11f80890-baf1-435d-b906-64f6393f0b23'),
 ('66', '64', '31', '37', '0', '4', '2017-10-30 00:18:37', '2017-10-30 00:18:37', 'b1fb3846-24c4-4120-b836-9ad210bb7766'),
 ('67', '64', '31', '38', '0', '5', '2017-10-30 00:18:37', '2017-10-30 00:18:37', '6416e1be-1e2d-4d85-9df5-623345c022b9'),
 ('68', '64', '31', '39', '0', '6', '2017-10-30 00:18:37', '2017-10-30 00:18:37', 'e91b7349-196d-48fb-a582-7fbc8078c85d'),
 ('69', '64', '31', '34', '0', '7', '2017-10-30 00:18:37', '2017-10-30 00:18:37', 'cc5a9950-dba5-4e0e-ad35-c10c9dd3c848'),
 ('70', '65', '32', '33', '0', '1', '2017-10-30 00:57:57', '2017-10-30 00:57:57', 'f4ec6f66-68ee-41db-a67f-0ea5649b5a89'),
 ('71', '65', '32', '44', '0', '2', '2017-10-30 00:57:57', '2017-10-30 00:57:57', '8d5deca3-2da2-48a4-a07f-f3af08f12cac'),
 ('72', '65', '32', '45', '0', '3', '2017-10-30 00:57:57', '2017-10-30 00:57:57', 'dee1afa1-1098-4e98-b0ac-7c1e759b1299'),
 ('73', '65', '32', '46', '0', '4', '2017-10-30 00:57:57', '2017-10-30 00:57:57', '1416b471-3b7e-4f49-8993-17d51f0a4905');



DROP TABLE IF EXISTS `craft_fieldlayouts`;


--
-- Schema for table `craft_fieldlayouts`
--
CREATE TABLE `craft_fieldlayouts` (
  `id` int(11) NOT NULL AUTO_INCREMENT,
  `type` varchar(150) COLLATE utf8_unicode_ci NOT NULL,
  `dateCreated` datetime NOT NULL,
  `dateUpdated` datetime NOT NULL,
  `uid` char(36) COLLATE utf8_unicode_ci NOT NULL DEFAULT '0',
  PRIMARY KEY (`id`),
  KEY `craft_fieldlayouts_type_idx` (`type`)
) ENGINE=InnoDB AUTO_INCREMENT=66 DEFAULT CHARSET=utf8 COLLATE=utf8_unicode_ci;

--
-- Data for table `craft_fieldlayouts`
--

INSERT INTO `craft_fieldlayouts` (`id`, `type`, `dateCreated`, `dateUpdated`, `uid`) VALUES
 ('1', 'Tag', '2017-08-20 18:28:14', '2017-08-20 18:28:14', '95abc96b-7bcf-46a5-ac84-611bdb626201'),
 ('3', 'Entry', '2017-08-20 18:28:14', '2017-08-20 18:28:14', '5be073f0-c02c-4fde-b298-b1a6ac5493d2'),
 ('5', 'Entry', '2017-08-20 18:28:14', '2017-08-20 18:28:14', '0fedaac4-d9a0-48ca-aa71-78989b88ba45'),
 ('6', 'MatrixBlock', '2017-08-21 18:59:18', '2017-08-21 18:59:18', '8e85c988-b16a-4a5c-9d35-5d178ce94e42'),
 ('7', 'MatrixBlock', '2017-08-21 18:59:18', '2017-08-21 18:59:18', 'cee8227e-afb6-4740-8238-f13144ed34d0'),
 ('8', 'MatrixBlock', '2017-08-21 19:02:35', '2017-08-21 19:02:35', '68b4d2db-d000-4af9-92a6-880bbdf91c36'),
 ('9', 'MatrixBlock', '2017-08-21 19:04:12', '2017-08-21 19:04:12', '01d59f6c-4a40-4072-8685-4b2a4d0364f4'),
 ('10', 'MatrixBlock', '2017-08-21 19:05:19', '2017-08-21 19:05:19', 'a2a729fc-a314-4654-afad-381bd9a49c8c'),
 ('11', 'MatrixBlock', '2017-08-21 19:06:12', '2017-08-21 19:06:12', 'db573a82-1628-4d9c-823f-ee03de813362'),
 ('13', 'Entry', '2017-08-21 19:09:52', '2017-08-21 19:09:52', '33a10d7d-7baf-47af-9a71-ed4b629c4f46'),
 ('16', 'Entry', '2017-08-21 19:20:29', '2017-08-21 19:20:29', 'af655e62-be66-401e-98e3-8d6a7de92330'),
 ('18', 'Entry', '2017-08-21 19:31:30', '2017-08-21 19:31:30', '572393de-4bb9-4b51-b251-b9feee05b545'),
 ('25', 'Entry', '2017-08-21 20:16:45', '2017-08-21 20:16:45', 'fddac665-e4b1-4bc7-bbe6-aa276428a721'),
 ('26', 'Entry', '2017-08-29 16:10:22', '2017-08-29 16:10:22', 'ca6894af-47ad-463e-805d-ab821f76ae44'),
 ('27', 'Commerce_Order', '2017-08-29 16:10:41', '2017-08-29 16:10:41', '9ed7cbe4-05aa-4a7b-81c8-c2910618d0a2'),
 ('28', 'Commerce_Product', '2017-08-29 16:10:41', '2017-08-29 16:10:41', 'bf525cdb-dcdf-4d39-884e-b0536aa383bf'),
 ('29', 'Commerce_Variant', '2017-08-29 16:10:41', '2017-08-29 16:10:41', '494fc88a-6981-44ab-93b0-177e842d1e24'),
 ('47', 'Asset', '2017-09-20 19:21:27', '2017-09-20 19:21:27', '799d6ac5-5a9f-4a93-94c0-e14d357b0e0b'),
 ('48', 'Asset', '2017-09-20 19:21:33', '2017-09-20 19:21:33', '6571b0e8-990e-4175-b2d7-0c01da82f1f6'),
 ('49', 'Asset', '2017-09-20 19:21:37', '2017-09-20 19:21:37', 'b97bad84-aa22-4d01-8900-ef6a1ba37945'),
 ('54', 'Commerce_Product', '2017-09-26 17:59:16', '2017-09-26 17:59:16', '2fb0337b-693b-460d-a4d2-1513a4011cda'),
 ('55', 'Commerce_Variant', '2017-09-26 17:59:16', '2017-09-26 17:59:16', '58ff8962-001f-4be5-8983-827b4961bdc3'),
 ('60', 'MatrixBlock', '2017-10-29 23:58:01', '2017-10-29 23:58:01', '8f88357e-56bf-48e7-98ac-fa6b89682cd7'),
 ('63', 'MatrixBlock', '2017-10-30 00:17:48', '2017-10-30 00:17:48', 'd43022f6-dbf1-4820-bdae-d925a5752faa'),
 ('64', 'Entry', '2017-10-30 00:18:37', '2017-10-30 00:18:37', 'e05ec4ad-d69b-42a8-9c1f-de4fd21da539'),
 ('65', 'Entry', '2017-10-30 00:57:57', '2017-10-30 00:57:57', '716f4ca6-168f-4f11-8c3e-855dec8c0428');



DROP TABLE IF EXISTS `craft_fieldlayouttabs`;


--
-- Schema for table `craft_fieldlayouttabs`
--
CREATE TABLE `craft_fieldlayouttabs` (
  `id` int(11) NOT NULL AUTO_INCREMENT,
  `layoutId` int(11) NOT NULL,
  `name` varchar(255) COLLATE utf8_unicode_ci NOT NULL,
  `sortOrder` smallint(6) unsigned DEFAULT NULL,
  `dateCreated` datetime NOT NULL,
  `dateUpdated` datetime NOT NULL,
  `uid` char(36) COLLATE utf8_unicode_ci NOT NULL DEFAULT '0',
  PRIMARY KEY (`id`),
  KEY `craft_fieldlayouttabs_sortOrder_idx` (`sortOrder`),
  KEY `craft_fieldlayouttabs_layoutId_fk` (`layoutId`)
) ENGINE=InnoDB AUTO_INCREMENT=33 DEFAULT CHARSET=utf8 COLLATE=utf8_unicode_ci;

--
-- Data for table `craft_fieldlayouttabs`
--

INSERT INTO `craft_fieldlayouttabs` (`id`, `layoutId`, `name`, `sortOrder`, `dateCreated`, `dateUpdated`, `uid`) VALUES
 ('1', '3', 'Content', '1', '2017-08-20 18:28:14', '2017-08-20 18:28:14', '730a3882-d77a-4933-970d-64fd5a6f7531'),
 ('2', '5', 'Content', '1', '2017-08-20 18:28:14', '2017-08-20 18:28:14', '2854c26e-4012-4209-8656-ad83b682aa50'),
 ('3', '6', 'Content', '1', '2017-08-21 18:59:18', '2017-08-21 18:59:18', 'c7deaa56-696a-4dd3-a4d0-1bbc4042e187'),
 ('4', '7', 'Content', '1', '2017-08-21 18:59:18', '2017-08-21 18:59:18', '874bb947-49b3-4d29-b24c-63302cefe210'),
 ('5', '8', 'Content', '1', '2017-08-21 19:02:35', '2017-08-21 19:02:35', '9517b4f3-89f4-4ccc-99cd-db5f411f418b'),
 ('6', '9', 'Content', '1', '2017-08-21 19:04:12', '2017-08-21 19:04:12', '26cd4fe2-e77b-4c15-8e94-3a6a7d4fcf19'),
 ('7', '10', 'Content', '1', '2017-08-21 19:05:19', '2017-08-21 19:05:19', 'dfeaf762-5807-44de-87e4-1494260d9b7d'),
 ('8', '11', 'Content', '1', '2017-08-21 19:06:12', '2017-08-21 19:06:12', 'c9f9e3f0-369e-41dc-955c-f83f50ed3f18'),
 ('9', '13', 'content', '1', '2017-08-21 19:09:52', '2017-08-21 19:09:52', 'f4d1b5f9-4c4e-467b-9270-3810901c9a3d'),
 ('11', '16', 'content', '1', '2017-08-21 19:20:29', '2017-08-21 19:20:29', '270d3fdc-5259-43ae-83e0-895d04e71573'),
 ('12', '18', 'Default', '1', '2017-08-21 19:31:30', '2017-08-21 19:31:30', '8a70168c-32a9-4418-b8a8-c90fc97638d5'),
 ('13', '25', 'Default', '1', '2017-08-21 20:16:45', '2017-08-21 20:16:45', 'b5adf6f2-eaf4-4c8c-9576-990cbe26626f'),
 ('23', '54', 'Default', '1', '2017-09-26 17:59:16', '2017-09-26 17:59:16', '9984fb68-ccb5-4aca-92dd-aec2e96c7afc'),
 ('24', '55', 'Content', '1', '2017-09-26 17:59:16', '2017-09-26 17:59:16', '259757b8-05ba-4c96-95e6-8673f7b48370'),
 ('27', '60', 'Content', '1', '2017-10-29 23:58:01', '2017-10-29 23:58:01', '16c11853-f2c7-47af-afce-8ac25fb7ffa3'),
 ('30', '63', 'Content', '1', '2017-10-30 00:17:48', '2017-10-30 00:17:48', '0fb34f00-530f-418a-9fff-837d7b23d41c'),
 ('31', '64', 'Default', '1', '2017-10-30 00:18:37', '2017-10-30 00:18:37', '29ff4e72-4a59-4e30-ae33-95a2078c8d4f'),
 ('32', '65', 'Default', '1', '2017-10-30 00:57:57', '2017-10-30 00:57:57', '14c68c55-64f0-424e-b482-5a33ab08b14a');



DROP TABLE IF EXISTS `craft_fields`;


--
-- Schema for table `craft_fields`
--
CREATE TABLE `craft_fields` (
  `id` int(11) NOT NULL AUTO_INCREMENT,
  `groupId` int(11) DEFAULT NULL,
  `name` varchar(255) COLLATE utf8_unicode_ci NOT NULL,
  `handle` varchar(58) COLLATE utf8_unicode_ci NOT NULL,
  `context` varchar(255) COLLATE utf8_unicode_ci NOT NULL DEFAULT 'global',
  `instructions` text COLLATE utf8_unicode_ci,
  `translatable` tinyint(1) unsigned NOT NULL DEFAULT '0',
  `type` varchar(150) COLLATE utf8_unicode_ci NOT NULL,
  `settings` text COLLATE utf8_unicode_ci,
  `dateCreated` datetime NOT NULL,
  `dateUpdated` datetime NOT NULL,
  `uid` char(36) COLLATE utf8_unicode_ci NOT NULL DEFAULT '0',
  PRIMARY KEY (`id`),
  UNIQUE KEY `craft_fields_handle_context_unq_idx` (`handle`,`context`),
  KEY `craft_fields_context_idx` (`context`),
  KEY `craft_fields_groupId_fk` (`groupId`)
) ENGINE=InnoDB AUTO_INCREMENT=47 DEFAULT CHARSET=utf8 COLLATE=utf8_unicode_ci;

--
-- Data for table `craft_fields`
--

INSERT INTO `craft_fields` (`id`, `groupId`, `name`, `handle`, `context`, `instructions`, `translatable`, `type`, `settings`, `dateCreated`, `dateUpdated`, `uid`) VALUES
 ('1', '1', 'Body', 'body', 'global', NULL, '1', 'RichText', '{\"configFile\":\"Standard.json\",\"columnType\":\"text\"}', '2017-08-20 18:28:14', '2017-08-20 18:28:14', '38eb5f19-dcf2-4e71-931e-dac97292f6f5'),
 ('2', '1', 'Tags', 'tags', 'global', NULL, '0', 'Tags', '{\"source\":\"taggroup:1\"}', '2017-08-20 18:28:14', '2017-08-20 18:28:14', '0206f9bd-a2d0-46d6-af79-bd71bd3603b0'),
 ('3', '2', 'Comments', 'comments', 'global', '', '0', 'Matrix', '{\"maxBlocks\":null}', '2017-08-21 18:59:18', '2017-08-21 18:59:18', '2837e87e-31a5-4b18-9ad9-514b8d04e656'),
 ('4', NULL, 'Display', 'display', 'matrixBlockType:1', '', '0', 'Lightswitch', '{\"default\":\"\"}', '2017-08-21 18:59:18', '2017-08-21 18:59:18', 'd6b9959f-bb2d-45f2-bfd0-67b3032d9037'),
 ('5', NULL, 'Author', 'user', 'matrixBlockType:1', '', '0', 'Users', '{\"sources\":\"*\",\"limit\":\"\",\"selectionLabel\":\"\"}', '2017-08-21 18:59:18', '2017-08-21 18:59:18', 'bfe9b1c7-93fc-41d0-b3d2-b33d31e26939'),
 ('6', NULL, 'Comment', 'comment', 'matrixBlockType:1', '', '0', 'RichText', '{\"configFile\":\"\",\"availableAssetSources\":\"*\",\"availableTransforms\":\"*\",\"cleanupHtml\":\"1\",\"purifyHtml\":\"1\",\"purifierConfig\":\"\",\"columnType\":\"text\"}', '2017-08-21 18:59:18', '2017-08-21 18:59:18', '1fd15801-686d-45d4-b469-ceaaa23d48de'),
 ('7', NULL, 'Image', 'image', 'matrixBlockType:1', '', '0', 'Assets', '{\"useSingleFolder\":\"1\",\"defaultUploadLocationSubpath\":\"\",\"singleUploadLocationSubpath\":\"\",\"restrictFiles\":\"\",\"limit\":\"\",\"viewMode\":\"list\",\"selectionLabel\":\"\"}', '2017-08-21 18:59:18', '2017-08-21 18:59:18', 'c70c5f5f-323b-4b3c-bd2d-9696cbbe1e71'),
 ('8', NULL, 'Note', 'note', 'matrixBlockType:2', '', '0', 'PlainText', '{\"placeholder\":\"\",\"maxLength\":\"80\",\"multiline\":\"\",\"initialRows\":\"4\"}', '2017-08-21 18:59:18', '2017-08-21 18:59:18', '2af03799-d3e3-4d96-9f57-76dc5cda35c2'),
 ('9', '2', 'Ingredients', 'ingredients', 'global', '', '0', 'Tags', '{\"source\":\"taggroup:1\",\"selectionLabel\":\"\"}', '2017-08-21 19:00:03', '2017-08-21 19:00:03', '1124ebec-cd8c-4953-9a92-91aef27be78e'),
 ('10', '2', 'Price', 'price', 'global', '', '0', 'Number', '{\"min\":\"0\",\"max\":\"\",\"decimals\":\"2\"}', '2017-08-21 19:00:35', '2017-08-21 19:00:35', 'a7f61298-e1df-49c3-b045-9d7e907f8d5e'),
 ('11', '1', 'Menu Column One', 'menuColumnOne', 'global', '', '0', 'Matrix', '{\"maxBlocks\":null}', '2017-08-21 19:02:35', '2017-08-21 19:02:35', '75de4f3d-0669-4e21-80cf-b1cb65c982ce'),
 ('12', NULL, 'Group Name', 'groupName', 'matrixBlockType:3', '', '0', 'PlainText', '{\"placeholder\":\"\",\"maxLength\":\"\",\"multiline\":\"\",\"initialRows\":\"4\"}', '2017-08-21 19:02:35', '2017-08-21 19:02:35', '8192622c-6638-4255-ab28-cf3e05e770cb'),
 ('13', NULL, 'Caption', 'caption', 'matrixBlockType:3', '', '0', 'PlainText', '{\"placeholder\":\"\",\"maxLength\":\"\",\"multiline\":\"\",\"initialRows\":\"4\"}', '2017-08-21 19:02:35', '2017-08-21 19:02:35', '0473c38d-44c9-4571-a331-3fccbade1440'),
 ('14', NULL, 'Menu Items', 'menuItems', 'matrixBlockType:3', '', '0', 'Entries', '{\"sources\":\"*\",\"limit\":\"\",\"selectionLabel\":\"\"}', '2017-08-21 19:02:35', '2017-08-21 19:02:35', '90a0f124-042d-4765-8162-b8ab33b9f278'),
 ('15', '1', 'Menu Column Two', 'menuColumnTwo', 'global', '', '0', 'Matrix', '{\"maxBlocks\":null}', '2017-08-21 19:04:11', '2017-08-21 19:04:11', '984637f1-e415-4dfa-abfd-df477859336a'),
 ('16', NULL, 'Group Name', 'groupName', 'matrixBlockType:4', '', '0', 'PlainText', '{\"placeholder\":\"\",\"maxLength\":\"\",\"multiline\":\"\",\"initialRows\":\"4\"}', '2017-08-21 19:04:11', '2017-08-21 19:04:11', '241c065c-cbe1-4de0-b729-293b02796668'),
 ('17', NULL, 'Caption', 'caption', 'matrixBlockType:4', '', '0', 'PlainText', '{\"placeholder\":\"\",\"maxLength\":\"80\",\"multiline\":\"\",\"initialRows\":\"4\"}', '2017-08-21 19:04:12', '2017-08-21 19:04:12', 'c74fd04d-42b5-4e64-b9b9-d44c14eefb95'),
 ('18', NULL, 'Menu Items', 'menuItems', 'matrixBlockType:4', '', '0', 'Entries', '{\"sources\":\"*\",\"limit\":\"\",\"selectionLabel\":\"\"}', '2017-08-21 19:04:12', '2017-08-21 19:04:12', 'e3c61c2c-258c-478f-96e2-d3f6b4e92b16'),
 ('19', '1', 'Menu Column Three', 'menuColumnThree', 'global', '', '0', 'Matrix', '{\"maxBlocks\":null}', '2017-08-21 19:05:19', '2017-08-21 19:05:19', '33fae5f3-0fac-4eed-872d-53e5be3cf26a'),
 ('20', NULL, 'GroupName', 'groupname', 'matrixBlockType:5', '', '0', 'PlainText', '{\"placeholder\":\"\",\"maxLength\":\"\",\"multiline\":\"\",\"initialRows\":\"4\"}', '2017-08-21 19:05:19', '2017-08-21 19:05:19', '788e8247-0306-4520-a9e2-b57886095455'),
 ('21', NULL, 'Caption', 'caption', 'matrixBlockType:5', '', '0', 'PlainText', '{\"placeholder\":\"\",\"maxLength\":\"\",\"multiline\":\"\",\"initialRows\":\"4\"}', '2017-08-21 19:05:19', '2017-08-21 19:05:19', '13bb56a9-322c-4298-8f39-d0a919651071'),
 ('22', NULL, 'Menu Items', 'menuItems', 'matrixBlockType:5', '', '0', 'Entries', '{\"sources\":\"*\",\"limit\":\"\",\"selectionLabel\":\"\"}', '2017-08-21 19:05:19', '2017-08-21 19:05:19', 'e4c28b36-0918-440b-ab61-91003fcfa50c'),
 ('23', '1', 'Menu Column Four', 'menuColumnFour', 'global', '', '0', 'Matrix', '{\"maxBlocks\":null}', '2017-08-21 19:06:12', '2017-08-21 19:06:12', 'b6efe33e-357f-4dfd-b039-bd5254a5794e'),
 ('24', NULL, 'Group Name', 'groupName', 'matrixBlockType:6', '', '0', 'PlainText', '{\"placeholder\":\"\",\"maxLength\":\"\",\"multiline\":\"\",\"initialRows\":\"4\"}', '2017-08-21 19:06:12', '2017-08-21 19:06:12', '1042b7bb-3754-45ee-a9bc-2fe263848a9c'),
 ('25', NULL, 'Caption', 'caption', 'matrixBlockType:6', '', '0', 'PlainText', '{\"placeholder\":\"\",\"maxLength\":\"\",\"multiline\":\"\",\"initialRows\":\"4\"}', '2017-08-21 19:06:12', '2017-08-21 19:06:12', '2dfde0fa-4386-43b0-b0cc-0371feacbbde'),
 ('26', NULL, 'Menu Items', 'menuItems', 'matrixBlockType:6', '', '0', 'Entries', '{\"sources\":\"*\",\"limit\":\"\",\"selectionLabel\":\"\"}', '2017-08-21 19:06:12', '2017-08-21 19:06:12', '197819a0-7b68-4993-a9a0-b10b5fdb7e0a'),
 ('27', '1', 'Heading', 'heading', 'global', '', '0', 'PlainText', '{\"placeholder\":\"\",\"maxLength\":\"\",\"multiline\":\"\",\"initialRows\":\"4\"}', '2017-08-21 19:18:42', '2017-08-21 19:18:42', '01b3a036-83d3-4183-b5d1-b65faf48ae4d'),
 ('28', '1', 'image', 'image', 'global', '', '0', 'Assets', '{\"useSingleFolder\":\"\",\"sources\":\"*\",\"defaultUploadLocationSource\":\"2\",\"defaultUploadLocationSubpath\":\"\",\"singleUploadLocationSource\":\"2\",\"singleUploadLocationSubpath\":\"\",\"restrictFiles\":\"\",\"limit\":\"\",\"viewMode\":\"list\",\"selectionLabel\":\"\"}', '2017-08-21 19:29:45', '2017-09-20 19:23:33', '4dcc9a0d-5335-4a8d-b228-9b1a7d50c064'),
 ('29', '1', 'social link url', 'linkUrl', 'global', '', '0', 'PlainText', '{\"placeholder\":\"\",\"maxLength\":\"\",\"multiline\":\"\",\"initialRows\":\"4\"}', '2017-08-21 19:30:21', '2017-08-21 19:30:21', 'ea5187fa-177c-44e9-a138-07454ddf0c90'),
 ('30', '1', 'logo image', 'logoImage', 'global', '', '0', 'Assets', '{\"useSingleFolder\":\"\",\"sources\":\"*\",\"defaultUploadLocationSource\":\"2\",\"defaultUploadLocationSubpath\":\"\",\"singleUploadLocationSource\":\"1\",\"singleUploadLocationSubpath\":\"\",\"restrictFiles\":\"\",\"limit\":\"1\",\"viewMode\":\"list\",\"selectionLabel\":\"\"}', '2017-08-21 20:01:59', '2017-08-21 20:01:59', 'f31a9427-4361-49c9-8f88-774068a225ea'),
 ('31', '1', 'zatar choices', 'zatarChoices', 'global', '', '0', 'RadioButtons', '{\"options\":[{\"label\":\"hummus\",\"value\":\"hummus\",\"default\":\"\"},{\"label\":\"sambal\",\"value\":\"sambal\",\"default\":\"\"},{\"label\":\"tabouli\",\"value\":\"tabouli\",\"default\":\"\"}]}', '2017-09-26 17:49:49', '2017-09-26 17:49:49', 'ffbd2983-6ca1-4ebc-81a4-f2d5a806a82b'),
 ('32', '1', 'zatar add ons', 'zatarAddOns', 'global', '', '0', 'Checkboxes', '{\"options\":[{\"label\":\"hummos\",\"value\":\"hummos\",\"default\":\"\"},{\"label\":\"taboule\",\"value\":\"taboule\",\"default\":\"\"},{\"label\":\"ketchup\",\"value\":\"ketchup\",\"default\":\"\"},{\"label\":\"worchestirschire\",\"value\":\"worchestirschire\",\"default\":\"\"}]}', '2017-09-26 17:58:49', '2017-09-26 17:58:49', '18a612c6-f949-4844-bf13-ff50e0415c3c'),
 ('33', '1', 'flashing text', 'flashingText', 'global', '', '0', 'PlainText', '{\"placeholder\":\"\",\"maxLength\":\"\",\"multiline\":\"\",\"initialRows\":\"4\"}', '2017-10-29 23:44:46', '2017-10-29 23:44:46', '123f4dc1-4b7b-4e81-b02e-08e7a1c7e0db'),
 ('34', '1', 'press', 'press', 'global', '', '0', 'Matrix', '{\"maxBlocks\":null}', '2017-10-29 23:58:00', '2017-10-29 23:58:00', '360697d1-2ec1-4ace-80cf-6f0edc98e58c'),
 ('35', NULL, 'link url', 'linkUrl', 'matrixBlockType:7', '', '0', 'PlainText', '{\"placeholder\":\"\",\"maxLength\":\"\",\"multiline\":\"\",\"initialRows\":\"4\"}', '2017-10-29 23:58:01', '2017-10-29 23:58:01', '8782aaba-31aa-4287-8903-01cbc7c6872d'),
 ('36', NULL, 'link title', 'linkTitle', 'matrixBlockType:7', '', '0', 'PlainText', '{\"placeholder\":\"\",\"maxLength\":\"\",\"multiline\":\"\",\"initialRows\":\"4\"}', '2017-10-29 23:58:01', '2017-10-29 23:58:01', '3f62e028-c683-4583-9905-7455a6032f12'),
 ('37', '1', 'catering title', 'cateringTitle', 'global', '', '0', 'PlainText', '{\"placeholder\":\"\",\"maxLength\":\"\",\"multiline\":\"\",\"initialRows\":\"4\"}', '2017-10-30 00:08:12', '2017-10-30 00:08:12', 'a0ea9e0c-25d0-4fa6-af95-b219a21b94d9'),
 ('38', '1', 'catering body', 'cateringBody', 'global', '', '0', 'PlainText', '{\"placeholder\":\"\",\"maxLength\":\"\",\"multiline\":\"\",\"initialRows\":\"4\"}', '2017-10-30 00:08:21', '2017-10-30 00:08:21', '2837f5ae-2016-4638-bc6f-3e2c1effe6b9'),
 ('39', '1', 'catering phone number', 'cateringPhoneNumber', 'global', '', '0', 'PlainText', '{\"placeholder\":\"\",\"maxLength\":\"\",\"multiline\":\"\",\"initialRows\":\"4\"}', '2017-10-30 00:08:30', '2017-10-30 00:08:30', 'cb912a55-7081-4618-b64b-ee6a19342820'),
 ('40', '1', 'video slide show', 'videoSlideShow', 'global', '', '0', 'Matrix', '{\"maxBlocks\":null}', '2017-10-30 00:17:47', '2017-10-30 00:17:47', '392e068b-33ab-4c9e-a45a-bd26e45b05c2'),
 ('41', NULL, 'slide url', 'slideUrl', 'matrixBlockType:8', '', '0', 'PlainText', '{\"placeholder\":\"\",\"maxLength\":\"\",\"multiline\":\"\",\"initialRows\":\"4\"}', '2017-10-30 00:17:48', '2017-10-30 00:17:48', '6abc17d6-bf1b-4900-a719-cac431fc5caf'),
 ('42', '1', 'about header', 'aboutHeader', 'global', '', '0', 'PlainText', '{\"placeholder\":\"\",\"maxLength\":\"\",\"multiline\":\"\",\"initialRows\":\"4\"}', '2017-10-30 00:17:59', '2017-10-30 00:17:59', '8b3380b7-d966-44ad-a56b-f69e8ebe2fb0'),
 ('43', '1', 'about body', 'aboutBody', 'global', '', '0', 'PlainText', '{\"placeholder\":\"\",\"maxLength\":\"\",\"multiline\":\"\",\"initialRows\":\"4\"}', '2017-10-30 00:18:07', '2017-10-30 00:18:07', '1882907d-7a33-41b8-970d-70d7231de21e'),
 ('44', '1', 'hours line one', 'hoursLineOne', 'global', '', '0', 'PlainText', '{\"placeholder\":\"\",\"maxLength\":\"\",\"multiline\":\"\",\"initialRows\":\"4\"}', '2017-10-30 00:57:13', '2017-10-30 00:57:13', 'ea2380bd-a508-4be7-b678-92721fe4978b'),
 ('45', '1', 'hours line two', 'hoursLineTwo', 'global', '', '0', 'PlainText', '{\"placeholder\":\"\",\"maxLength\":\"\",\"multiline\":\"\",\"initialRows\":\"4\"}', '2017-10-30 00:57:22', '2017-10-30 00:57:22', '23b86ad6-947d-48d1-9c5a-7077a3712ed2'),
 ('46', '1', 'address', 'address', 'global', '', '0', 'PlainText', '{\"placeholder\":\"\",\"maxLength\":\"\",\"multiline\":\"\",\"initialRows\":\"4\"}', '2017-10-30 00:57:31', '2017-10-30 00:57:31', 'a6d1346f-36d7-4240-8d80-cec741bc135f');



DROP TABLE IF EXISTS `craft_globalsets`;


--
-- Schema for table `craft_globalsets`
--
CREATE TABLE `craft_globalsets` (
  `id` int(11) NOT NULL,
  `name` varchar(255) COLLATE utf8_unicode_ci NOT NULL,
  `handle` varchar(255) COLLATE utf8_unicode_ci NOT NULL,
  `fieldLayoutId` int(10) DEFAULT NULL,
  `dateCreated` datetime NOT NULL,
  `dateUpdated` datetime NOT NULL,
  `uid` char(36) COLLATE utf8_unicode_ci NOT NULL DEFAULT '0',
  PRIMARY KEY (`id`),
  UNIQUE KEY `craft_globalsets_name_unq_idx` (`name`),
  UNIQUE KEY `craft_globalsets_handle_unq_idx` (`handle`),
  KEY `craft_globalsets_fieldLayoutId_fk` (`fieldLayoutId`)
) ENGINE=InnoDB DEFAULT CHARSET=utf8 COLLATE=utf8_unicode_ci;

DROP TABLE IF EXISTS `craft_info`;


--
-- Schema for table `craft_info`
--
CREATE TABLE `craft_info` (
  `id` int(11) NOT NULL AUTO_INCREMENT,
  `version` varchar(50) COLLATE utf8_unicode_ci NOT NULL,
  `schemaVersion` varchar(15) COLLATE utf8_unicode_ci NOT NULL,
  `edition` tinyint(1) unsigned NOT NULL DEFAULT '0',
  `siteName` varchar(100) COLLATE utf8_unicode_ci NOT NULL,
  `siteUrl` varchar(255) COLLATE utf8_unicode_ci NOT NULL,
  `timezone` varchar(30) COLLATE utf8_unicode_ci DEFAULT NULL,
  `on` tinyint(1) unsigned NOT NULL DEFAULT '0',
  `maintenance` tinyint(1) unsigned NOT NULL DEFAULT '0',
  `dateCreated` datetime NOT NULL,
  `dateUpdated` datetime NOT NULL,
  `uid` char(36) COLLATE utf8_unicode_ci NOT NULL DEFAULT '0',
  PRIMARY KEY (`id`)
) ENGINE=InnoDB AUTO_INCREMENT=2 DEFAULT CHARSET=utf8 COLLATE=utf8_unicode_ci;

--
-- Data for table `craft_info`
--

INSERT INTO `craft_info` (`id`, `version`, `schemaVersion`, `edition`, `siteName`, `siteUrl`, `timezone`, `on`, `maintenance`, `dateCreated`, `dateUpdated`, `uid`) VALUES
 ('1', '2.6.2994', '2.6.10', '0', 'mamnoon street', 'http://testsite.mamnoon.webfactional.com', 'UTC', '1', '0', '2017-08-20 18:28:07', '2017-11-07 22:59:19', 'f33d4a61-5d28-4500-90ad-f726dd674e9e');



DROP TABLE IF EXISTS `craft_locales`;


--
-- Schema for table `craft_locales`
--
CREATE TABLE `craft_locales` (
  `locale` char(12) COLLATE utf8_unicode_ci NOT NULL,
  `sortOrder` smallint(6) unsigned DEFAULT NULL,
  `dateCreated` datetime NOT NULL,
  `dateUpdated` datetime NOT NULL,
  `uid` char(36) COLLATE utf8_unicode_ci NOT NULL DEFAULT '0',
  PRIMARY KEY (`locale`),
  KEY `craft_locales_sortOrder_idx` (`sortOrder`)
) ENGINE=InnoDB DEFAULT CHARSET=utf8 COLLATE=utf8_unicode_ci;

--
-- Data for table `craft_locales`
--

INSERT INTO `craft_locales` (`locale`, `sortOrder`, `dateCreated`, `dateUpdated`, `uid`) VALUES
 ('en_us', '1', '2017-08-20 18:28:08', '2017-08-20 18:28:08', '3f81d1f1-304b-445b-885c-2e7547b71b85');



DROP TABLE IF EXISTS `craft_matrixblocks`;


--
-- Schema for table `craft_matrixblocks`
--
CREATE TABLE `craft_matrixblocks` (
  `id` int(11) NOT NULL,
  `ownerId` int(11) NOT NULL,
  `fieldId` int(11) NOT NULL,
  `typeId` int(11) DEFAULT NULL,
  `sortOrder` smallint(6) unsigned DEFAULT NULL,
  `ownerLocale` char(12) COLLATE utf8_unicode_ci DEFAULT NULL,
  `dateCreated` datetime NOT NULL,
  `dateUpdated` datetime NOT NULL,
  `uid` char(36) COLLATE utf8_unicode_ci NOT NULL DEFAULT '0',
  PRIMARY KEY (`id`),
  KEY `craft_matrixblocks_ownerId_idx` (`ownerId`),
  KEY `craft_matrixblocks_fieldId_idx` (`fieldId`),
  KEY `craft_matrixblocks_typeId_idx` (`typeId`),
  KEY `craft_matrixblocks_sortOrder_idx` (`sortOrder`),
  KEY `craft_matrixblocks_ownerLocale_fk` (`ownerLocale`)
) ENGINE=InnoDB DEFAULT CHARSET=utf8 COLLATE=utf8_unicode_ci;

--
-- Data for table `craft_matrixblocks`
--

INSERT INTO `craft_matrixblocks` (`id`, `ownerId`, `fieldId`, `typeId`, `sortOrder`, `ownerLocale`, `dateCreated`, `dateUpdated`, `uid`) VALUES
 ('5', '4', '11', '3', '1', NULL, '2017-08-21 19:12:39', '2017-08-21 19:20:55', 'fc17ea0d-d918-4372-9a65-b637f6ce4abf'),
 ('9', '8', '11', '3', '1', NULL, '2017-08-21 19:24:45', '2017-08-21 19:24:45', 'f8b4157a-adc5-400e-9166-bfa4c76a81e3'),
 ('56', '54', '34', '7', '1', NULL, '2017-10-30 00:05:32', '2017-10-30 01:00:06', 'ee5d9761-7ba7-456e-91ad-4f3d327511e5'),
 ('57', '54', '34', '7', '2', NULL, '2017-10-30 00:05:32', '2017-10-30 01:00:06', '57d2d1fe-7c98-4879-8611-7e29f9b7336d'),
 ('58', '54', '34', '7', '3', NULL, '2017-10-30 00:05:32', '2017-10-30 01:00:06', '91b7939d-7a32-4226-b94b-b26726a50ff2'),
 ('59', '54', '40', '8', '1', NULL, '2017-10-30 00:28:27', '2017-10-30 01:00:06', '367a1d2e-2616-4270-862e-3bb9c0954758'),
 ('60', '54', '40', '8', '2', NULL, '2017-10-30 00:49:48', '2017-10-30 01:00:06', '1be99af0-e284-4435-ab92-71c9e8f4e5a5'),
 ('61', '54', '40', '8', '3', NULL, '2017-10-30 00:49:48', '2017-10-30 01:00:06', '32bb278f-68fa-465e-87a9-bc4093b8244d'),
 ('62', '54', '40', '8', '4', NULL, '2017-10-30 00:49:48', '2017-10-30 01:00:06', '3b5e5126-f484-48a8-9de6-3468e8090513');



DROP TABLE IF EXISTS `craft_matrixblocktypes`;


--
-- Schema for table `craft_matrixblocktypes`
--
CREATE TABLE `craft_matrixblocktypes` (
  `id` int(11) NOT NULL AUTO_INCREMENT,
  `fieldId` int(11) NOT NULL,
  `fieldLayoutId` int(11) DEFAULT NULL,
  `name` varchar(255) COLLATE utf8_unicode_ci NOT NULL,
  `handle` varchar(255) COLLATE utf8_unicode_ci NOT NULL,
  `sortOrder` smallint(6) unsigned DEFAULT NULL,
  `dateCreated` datetime NOT NULL,
  `dateUpdated` datetime NOT NULL,
  `uid` char(36) COLLATE utf8_unicode_ci NOT NULL DEFAULT '0',
  PRIMARY KEY (`id`),
  UNIQUE KEY `craft_matrixblocktypes_name_fieldId_unq_idx` (`name`,`fieldId`),
  UNIQUE KEY `craft_matrixblocktypes_handle_fieldId_unq_idx` (`handle`,`fieldId`),
  KEY `craft_matrixblocktypes_fieldId_fk` (`fieldId`),
  KEY `craft_matrixblocktypes_fieldLayoutId_fk` (`fieldLayoutId`)
) ENGINE=InnoDB AUTO_INCREMENT=9 DEFAULT CHARSET=utf8 COLLATE=utf8_unicode_ci;

--
-- Data for table `craft_matrixblocktypes`
--

INSERT INTO `craft_matrixblocktypes` (`id`, `fieldId`, `fieldLayoutId`, `name`, `handle`, `sortOrder`, `dateCreated`, `dateUpdated`, `uid`) VALUES
 ('1', '3', '6', 'Comment', 'comment', '1', '2017-08-21 18:59:18', '2017-08-21 18:59:18', 'e2435914-4471-49d4-aa02-d19903549d90'),
 ('2', '3', '7', 'Menu Note', 'menuNote', '2', '2017-08-21 18:59:18', '2017-08-21 18:59:18', 'e3bc92e6-302e-49b6-9cd2-c58015250783'),
 ('3', '11', '8', 'Item Group', 'itemGroup', '1', '2017-08-21 19:02:35', '2017-08-21 19:02:35', '04407744-9648-4207-9fb7-e25cd81e92ab'),
 ('4', '15', '9', 'Item Group', 'itemGroup', '1', '2017-08-21 19:04:11', '2017-08-21 19:04:12', '8cabfb74-950b-4b93-8026-e83f0e3157f7'),
 ('5', '19', '10', 'Item Group', 'itemGroup', '1', '2017-08-21 19:05:19', '2017-08-21 19:05:19', '7e7c8e4d-8389-48bb-9d01-47e2ee3737b8'),
 ('6', '23', '11', 'Item Group', 'itemGroup', '1', '2017-08-21 19:06:12', '2017-08-21 19:06:12', '142cbb59-caa1-4315-9e4f-e6e8c3b0117f'),
 ('7', '34', '60', 'press links', 'pressLinks', '1', '2017-10-29 23:58:00', '2017-10-29 23:58:01', '85909aa9-e315-486f-8603-ffc007ef262d'),
 ('8', '40', '63', 'slide', 'slide', '1', '2017-10-30 00:17:48', '2017-10-30 00:17:48', 'a0b1c00f-74a3-4d1d-8cde-49e0ad1c1c39');



DROP TABLE IF EXISTS `craft_matrixcontent_comments`;


--
-- Schema for table `craft_matrixcontent_comments`
--
CREATE TABLE `craft_matrixcontent_comments` (
  `id` int(11) NOT NULL AUTO_INCREMENT,
  `elementId` int(11) NOT NULL,
  `locale` char(12) COLLATE utf8_unicode_ci NOT NULL,
  `field_comment_display` tinyint(1) unsigned NOT NULL DEFAULT '0',
  `field_comment_comment` text COLLATE utf8_unicode_ci,
  `field_menuNote_note` varchar(80) COLLATE utf8_unicode_ci DEFAULT NULL,
  `dateCreated` datetime NOT NULL,
  `dateUpdated` datetime NOT NULL,
  `uid` char(36) COLLATE utf8_unicode_ci NOT NULL DEFAULT '0',
  PRIMARY KEY (`id`),
  UNIQUE KEY `craft_matrixcontent_comments_elementId_locale_unq_idx` (`elementId`,`locale`),
  KEY `craft_matrixcontent_comments_locale_fk` (`locale`)
) ENGINE=InnoDB DEFAULT CHARSET=utf8 COLLATE=utf8_unicode_ci;

DROP TABLE IF EXISTS `craft_matrixcontent_menucolumnfour`;


--
-- Schema for table `craft_matrixcontent_menucolumnfour`
--
CREATE TABLE `craft_matrixcontent_menucolumnfour` (
  `id` int(11) NOT NULL AUTO_INCREMENT,
  `elementId` int(11) NOT NULL,
  `locale` char(12) COLLATE utf8_unicode_ci NOT NULL,
  `field_itemGroup_groupName` text COLLATE utf8_unicode_ci,
  `field_itemGroup_caption` text COLLATE utf8_unicode_ci,
  `dateCreated` datetime NOT NULL,
  `dateUpdated` datetime NOT NULL,
  `uid` char(36) COLLATE utf8_unicode_ci NOT NULL DEFAULT '0',
  PRIMARY KEY (`id`),
  UNIQUE KEY `craft_matrixcontent_menucolumnfour_elementId_locale_unq_idx` (`elementId`,`locale`),
  KEY `craft_matrixcontent_menucolumnfour_locale_fk` (`locale`)
) ENGINE=InnoDB DEFAULT CHARSET=utf8 COLLATE=utf8_unicode_ci;

DROP TABLE IF EXISTS `craft_matrixcontent_menucolumnone`;


--
-- Schema for table `craft_matrixcontent_menucolumnone`
--
CREATE TABLE `craft_matrixcontent_menucolumnone` (
  `id` int(11) NOT NULL AUTO_INCREMENT,
  `elementId` int(11) NOT NULL,
  `locale` char(12) COLLATE utf8_unicode_ci NOT NULL,
  `field_itemGroup_groupName` text COLLATE utf8_unicode_ci,
  `field_itemGroup_caption` text COLLATE utf8_unicode_ci,
  `dateCreated` datetime NOT NULL,
  `dateUpdated` datetime NOT NULL,
  `uid` char(36) COLLATE utf8_unicode_ci NOT NULL DEFAULT '0',
  PRIMARY KEY (`id`),
  UNIQUE KEY `craft_matrixcontent_menucolumnone_elementId_locale_unq_idx` (`elementId`,`locale`),
  KEY `craft_matrixcontent_menucolumnone_locale_fk` (`locale`)
) ENGINE=InnoDB AUTO_INCREMENT=3 DEFAULT CHARSET=utf8 COLLATE=utf8_unicode_ci;

--
-- Data for table `craft_matrixcontent_menucolumnone`
--

INSERT INTO `craft_matrixcontent_menucolumnone` (`id`, `elementId`, `locale`, `field_itemGroup_groupName`, `field_itemGroup_caption`, `dateCreated`, `dateUpdated`, `uid`) VALUES
 ('1', '5', 'en_us', 'mezze | small plates', '', '2017-08-21 19:12:39', '2017-08-21 19:20:55', '831575a9-cbc5-4474-9a7e-0e708f62ed80'),
 ('2', '9', 'en_us', 'lunch mezze', 'lunch mezze items', '2017-08-21 19:24:45', '2017-08-21 19:24:45', 'd84dc00d-53ad-483c-8e18-18137ae45957');



DROP TABLE IF EXISTS `craft_matrixcontent_menucolumnthree`;


--
-- Schema for table `craft_matrixcontent_menucolumnthree`
--
CREATE TABLE `craft_matrixcontent_menucolumnthree` (
  `id` int(11) NOT NULL AUTO_INCREMENT,
  `elementId` int(11) NOT NULL,
  `locale` char(12) COLLATE utf8_unicode_ci NOT NULL,
  `field_itemGroup_groupname` text COLLATE utf8_unicode_ci,
  `field_itemGroup_caption` text COLLATE utf8_unicode_ci,
  `dateCreated` datetime NOT NULL,
  `dateUpdated` datetime NOT NULL,
  `uid` char(36) COLLATE utf8_unicode_ci NOT NULL DEFAULT '0',
  PRIMARY KEY (`id`),
  UNIQUE KEY `craft_matrixcontent_menucolumnthree_elementId_locale_unq_idx` (`elementId`,`locale`),
  KEY `craft_matrixcontent_menucolumnthree_locale_fk` (`locale`)
) ENGINE=InnoDB DEFAULT CHARSET=utf8 COLLATE=utf8_unicode_ci;

DROP TABLE IF EXISTS `craft_matrixcontent_menucolumntwo`;


--
-- Schema for table `craft_matrixcontent_menucolumntwo`
--
CREATE TABLE `craft_matrixcontent_menucolumntwo` (
  `id` int(11) NOT NULL AUTO_INCREMENT,
  `elementId` int(11) NOT NULL,
  `locale` char(12) COLLATE utf8_unicode_ci NOT NULL,
  `field_itemGroup_groupName` text COLLATE utf8_unicode_ci,
  `field_itemGroup_caption` varchar(80) COLLATE utf8_unicode_ci DEFAULT NULL,
  `dateCreated` datetime NOT NULL,
  `dateUpdated` datetime NOT NULL,
  `uid` char(36) COLLATE utf8_unicode_ci NOT NULL DEFAULT '0',
  PRIMARY KEY (`id`),
  UNIQUE KEY `craft_matrixcontent_menucolumntwo_elementId_locale_unq_idx` (`elementId`,`locale`),
  KEY `craft_matrixcontent_menucolumntwo_locale_fk` (`locale`)
) ENGINE=InnoDB DEFAULT CHARSET=utf8 COLLATE=utf8_unicode_ci;

DROP TABLE IF EXISTS `craft_matrixcontent_press`;


--
-- Schema for table `craft_matrixcontent_press`
--
CREATE TABLE `craft_matrixcontent_press` (
  `id` int(11) NOT NULL AUTO_INCREMENT,
  `elementId` int(11) NOT NULL,
  `locale` char(12) COLLATE utf8_unicode_ci NOT NULL,
  `field_pressLinks_linkUrl` text COLLATE utf8_unicode_ci,
  `field_pressLinks_linkTitle` text COLLATE utf8_unicode_ci,
  `dateCreated` datetime NOT NULL,
  `dateUpdated` datetime NOT NULL,
  `uid` char(36) COLLATE utf8_unicode_ci NOT NULL DEFAULT '0',
  PRIMARY KEY (`id`),
  UNIQUE KEY `craft_matrixcontent_press_elementId_locale_unq_idx` (`elementId`,`locale`),
  KEY `craft_matrixcontent_press_locale_fk` (`locale`)
) ENGINE=InnoDB AUTO_INCREMENT=4 DEFAULT CHARSET=utf8 COLLATE=utf8_unicode_ci;

--
-- Data for table `craft_matrixcontent_press`
--

INSERT INTO `craft_matrixcontent_press` (`id`, `elementId`, `locale`, `field_pressLinks_linkUrl`, `field_pressLinks_linkTitle`, `dateCreated`, `dateUpdated`, `uid`) VALUES
 ('1', '56', 'en_us', 'hotmail.com', 'hotmail.com', '2017-10-30 00:05:32', '2017-10-30 01:00:06', 'ca5544b3-fa91-4ab9-a09f-3f04837a892e'),
 ('2', '57', 'en_us', 'google.com', 'google.com', '2017-10-30 00:05:32', '2017-10-30 01:00:06', '012a0b4f-1a5d-4aaa-8168-e7fcbe36c995'),
 ('3', '58', 'en_us', 'netflix.com', 'netflix.com', '2017-10-30 00:05:32', '2017-10-30 01:00:06', 'd8c8f5d6-034e-42da-b0c2-c425b263db5e');



DROP TABLE IF EXISTS `craft_matrixcontent_videoslideshow`;


--
-- Schema for table `craft_matrixcontent_videoslideshow`
--
CREATE TABLE `craft_matrixcontent_videoslideshow` (
  `id` int(11) NOT NULL AUTO_INCREMENT,
  `elementId` int(11) NOT NULL,
  `locale` char(12) COLLATE utf8_unicode_ci NOT NULL,
  `field_slide_slideUrl` text COLLATE utf8_unicode_ci,
  `dateCreated` datetime NOT NULL,
  `dateUpdated` datetime NOT NULL,
  `uid` char(36) COLLATE utf8_unicode_ci NOT NULL DEFAULT '0',
  PRIMARY KEY (`id`),
  UNIQUE KEY `craft_matrixcontent_videoslideshow_elementId_locale_unq_idx` (`elementId`,`locale`),
  KEY `craft_matrixcontent_videoslideshow_locale_fk` (`locale`)
) ENGINE=InnoDB AUTO_INCREMENT=5 DEFAULT CHARSET=utf8 COLLATE=utf8_unicode_ci;

--
-- Data for table `craft_matrixcontent_videoslideshow`
--

INSERT INTO `craft_matrixcontent_videoslideshow` (`id`, `elementId`, `locale`, `field_slide_slideUrl`, `dateCreated`, `dateUpdated`, `uid`) VALUES
 ('1', '59', 'en_us', '6fxYe6qMew4', '2017-10-30 00:28:27', '2017-10-30 01:00:06', '3c386a97-00c0-4949-8ec5-be28ee618409'),
 ('2', '60', 'en_us', '6fxYe6qMew4', '2017-10-30 00:49:48', '2017-10-30 01:00:06', '8197df16-3c21-45ee-b852-fb8bfb6fa8db'),
 ('3', '61', 'en_us', '6fxYe6qMew4', '2017-10-30 00:49:48', '2017-10-30 01:00:06', 'e9c982da-e650-454d-942d-c86776babf36'),
 ('4', '62', 'en_us', '6fxYe6qMew4', '2017-10-30 00:49:48', '2017-10-30 01:00:06', '7c2410bf-77a3-4e8c-9f49-51f7eea5b157');



DROP TABLE IF EXISTS `craft_migrations`;


--
-- Schema for table `craft_migrations`
--
CREATE TABLE `craft_migrations` (
  `id` int(11) NOT NULL AUTO_INCREMENT,
  `pluginId` int(11) DEFAULT NULL,
  `version` varchar(255) COLLATE utf8_unicode_ci NOT NULL,
  `applyTime` datetime NOT NULL,
  `dateCreated` datetime NOT NULL,
  `dateUpdated` datetime NOT NULL,
  `uid` char(36) COLLATE utf8_unicode_ci NOT NULL DEFAULT '0',
  PRIMARY KEY (`id`),
  UNIQUE KEY `craft_migrations_version_unq_idx` (`version`),
  KEY `craft_migrations_pluginId_fk` (`pluginId`)
) ENGINE=InnoDB AUTO_INCREMENT=100 DEFAULT CHARSET=utf8 COLLATE=utf8_unicode_ci;

--
-- Data for table `craft_migrations`
--

INSERT INTO `craft_migrations` (`id`, `pluginId`, `version`, `applyTime`, `dateCreated`, `dateUpdated`, `uid`) VALUES
 ('1', NULL, 'm000000_000000_base', '2017-08-20 18:28:07', '2017-08-20 18:28:07', '2017-08-20 18:28:07', '95745f64-ded5-4872-93d5-1f483ee03a53'),
 ('2', NULL, 'm140730_000001_add_filename_and_format_to_transformindex', '2017-08-20 18:28:07', '2017-08-20 18:28:07', '2017-08-20 18:28:07', '55518a08-05df-4eb7-8cd0-a8edf9985158'),
 ('3', NULL, 'm140815_000001_add_format_to_transforms', '2017-08-20 18:28:07', '2017-08-20 18:28:07', '2017-08-20 18:28:07', 'f35701d8-00d8-4df9-be5b-27985328359c'),
 ('4', NULL, 'm140822_000001_allow_more_than_128_items_per_field', '2017-08-20 18:28:07', '2017-08-20 18:28:07', '2017-08-20 18:28:07', 'cfd5e841-7741-46a9-83eb-01ba81d5b63c'),
 ('5', NULL, 'm140829_000001_single_title_formats', '2017-08-20 18:28:07', '2017-08-20 18:28:07', '2017-08-20 18:28:07', 'ce7b3063-875c-4941-a0c6-7bc8b5f93c1d'),
 ('6', NULL, 'm140831_000001_extended_cache_keys', '2017-08-20 18:28:07', '2017-08-20 18:28:07', '2017-08-20 18:28:07', '73159a81-4520-4154-a472-44c13e53e65d'),
 ('7', NULL, 'm140922_000001_delete_orphaned_matrix_blocks', '2017-08-20 18:28:07', '2017-08-20 18:28:07', '2017-08-20 18:28:07', 'c83a96d3-0841-4eae-990d-d202229fce30'),
 ('8', NULL, 'm141008_000001_elements_index_tune', '2017-08-20 18:28:07', '2017-08-20 18:28:07', '2017-08-20 18:28:07', '4911c428-fa5e-4e2b-a342-f6ec6ae16c9a'),
 ('9', NULL, 'm141009_000001_assets_source_handle', '2017-08-20 18:28:07', '2017-08-20 18:28:07', '2017-08-20 18:28:07', '28267f60-6cdb-416b-8f6c-7e6f9625d5c1'),
 ('10', NULL, 'm141024_000001_field_layout_tabs', '2017-08-20 18:28:07', '2017-08-20 18:28:07', '2017-08-20 18:28:07', '7aeaeecc-ded8-441a-b898-e0b9ce570934'),
 ('11', NULL, 'm141030_000000_plugin_schema_versions', '2017-08-20 18:28:07', '2017-08-20 18:28:07', '2017-08-20 18:28:07', 'e8416047-5516-4efe-b994-534dceac10af'),
 ('12', NULL, 'm141030_000001_drop_structure_move_permission', '2017-08-20 18:28:07', '2017-08-20 18:28:07', '2017-08-20 18:28:07', '19e7a783-748e-4462-a420-fe4ad2a887fa'),
 ('13', NULL, 'm141103_000001_tag_titles', '2017-08-20 18:28:07', '2017-08-20 18:28:07', '2017-08-20 18:28:07', 'a3b16dcf-0de4-45fc-8f43-01a1a5019fba'),
 ('14', NULL, 'm141109_000001_user_status_shuffle', '2017-08-20 18:28:07', '2017-08-20 18:28:07', '2017-08-20 18:28:07', '38bd52c3-1542-4673-805e-3ba47d89dd77'),
 ('15', NULL, 'm141126_000001_user_week_start_day', '2017-08-20 18:28:07', '2017-08-20 18:28:07', '2017-08-20 18:28:07', '4f352885-556d-4ea2-8093-236ac238f5a0'),
 ('16', NULL, 'm150210_000001_adjust_user_photo_size', '2017-08-20 18:28:07', '2017-08-20 18:28:07', '2017-08-20 18:28:07', 'e0ab6ee5-87a1-4f54-ac02-ed145a3adb66'),
 ('17', NULL, 'm150724_000001_adjust_quality_settings', '2017-08-20 18:28:07', '2017-08-20 18:28:07', '2017-08-20 18:28:07', '9daad223-4b52-4a48-be26-6fdc27fcd36f'),
 ('18', NULL, 'm150827_000000_element_index_settings', '2017-08-20 18:28:07', '2017-08-20 18:28:07', '2017-08-20 18:28:07', '0cc96836-6dcc-4f11-a5c9-a35d57fe3911'),
 ('19', NULL, 'm150918_000001_add_colspan_to_widgets', '2017-08-20 18:28:07', '2017-08-20 18:28:07', '2017-08-20 18:28:07', '0b657fc7-ef7a-4b01-92f2-20da62a3288e'),
 ('20', NULL, 'm151007_000000_clear_asset_caches', '2017-08-20 18:28:07', '2017-08-20 18:28:07', '2017-08-20 18:28:07', '1133dc62-c753-4dba-b80e-2d096213b0c6'),
 ('21', NULL, 'm151109_000000_text_url_formats', '2017-08-20 18:28:07', '2017-08-20 18:28:07', '2017-08-20 18:28:07', 'b1ddbc87-4f22-4dcb-9852-943756ac396c'),
 ('22', NULL, 'm151110_000000_move_logo', '2017-08-20 18:28:07', '2017-08-20 18:28:07', '2017-08-20 18:28:07', '2476b15f-20cb-4327-bbd0-7ede04f7c082'),
 ('23', NULL, 'm151117_000000_adjust_image_widthheight', '2017-08-20 18:28:07', '2017-08-20 18:28:07', '2017-08-20 18:28:07', '43cf5140-53dd-4303-8591-791cb31d9246'),
 ('24', NULL, 'm151127_000000_clear_license_key_status', '2017-08-20 18:28:07', '2017-08-20 18:28:07', '2017-08-20 18:28:07', 'f2575097-5b5f-4a37-a1d5-ac13b3021986'),
 ('25', NULL, 'm151127_000000_plugin_license_keys', '2017-08-20 18:28:07', '2017-08-20 18:28:07', '2017-08-20 18:28:07', '0b2907c2-4af5-43ce-aed1-8581d5076947'),
 ('26', NULL, 'm151130_000000_update_pt_widget_feeds', '2017-08-20 18:28:07', '2017-08-20 18:28:07', '2017-08-20 18:28:07', '5831cb84-2c3f-4292-8ecc-7cdf98d7a1f6'),
 ('27', NULL, 'm160114_000000_asset_sources_public_url_default_true', '2017-08-20 18:28:07', '2017-08-20 18:28:07', '2017-08-20 18:28:07', '263b5b73-b39a-4086-85f2-a7949ab4abf2'),
 ('28', NULL, 'm160223_000000_sortorder_to_smallint', '2017-08-20 18:28:07', '2017-08-20 18:28:07', '2017-08-20 18:28:07', '64893a31-8baa-4622-b534-43389e10ec48'),
 ('29', NULL, 'm160229_000000_set_default_entry_statuses', '2017-08-20 18:28:07', '2017-08-20 18:28:07', '2017-08-20 18:28:07', '80564f2a-924f-45fc-a50c-758852cf6ac0'),
 ('30', NULL, 'm160304_000000_client_permissions', '2017-08-20 18:28:07', '2017-08-20 18:28:07', '2017-08-20 18:28:07', '8326abf4-e332-4705-a7a2-7bd077cc72b3'),
 ('31', NULL, 'm160322_000000_asset_filesize', '2017-08-20 18:28:07', '2017-08-20 18:28:07', '2017-08-20 18:28:07', '9203bbad-6f88-43cf-b284-d06c3130dda1'),
 ('32', NULL, 'm160503_000000_orphaned_fieldlayouts', '2017-08-20 18:28:07', '2017-08-20 18:28:07', '2017-08-20 18:28:07', 'a76a7ca0-019b-4e92-96e4-74c401f74b66'),
 ('33', NULL, 'm160510_000000_tasksettings', '2017-08-20 18:28:07', '2017-08-20 18:28:07', '2017-08-20 18:28:07', '55c70183-f093-47d1-a49d-04689c9cf9a1'),
 ('34', NULL, 'm160829_000000_pending_user_content_cleanup', '2017-08-20 18:28:07', '2017-08-20 18:28:07', '2017-08-20 18:28:07', '34d25ca2-44e7-4222-8370-5c554ef1d5ad'),
 ('35', NULL, 'm160830_000000_asset_index_uri_increase', '2017-08-20 18:28:07', '2017-08-20 18:28:07', '2017-08-20 18:28:07', '7c8c2b4b-1ab3-4854-b468-67a5d846f72f'),
 ('36', NULL, 'm160919_000000_usergroup_handle_title_unique', '2017-08-20 18:28:07', '2017-08-20 18:28:07', '2017-08-20 18:28:07', '2c31b1ed-4b3f-4196-81f7-3eee276bc3b3'),
 ('37', NULL, 'm161108_000000_new_version_format', '2017-08-20 18:28:07', '2017-08-20 18:28:07', '2017-08-20 18:28:07', '23cc1846-9240-4907-967e-48d026f39252'),
 ('38', NULL, 'm161109_000000_index_shuffle', '2017-08-20 18:28:07', '2017-08-20 18:28:07', '2017-08-20 18:28:07', '7a9a208e-472a-4f96-abab-18c786b16576'),
 ('39', NULL, 'm170612_000000_route_index_shuffle', '2017-08-20 18:28:07', '2017-08-20 18:28:07', '2017-08-20 18:28:07', 'fd4c5203-014a-4b05-953f-94fdc74e3c94'),
 ('40', '1', 'm150916_010101_Commerce_Rename', '2017-08-29 16:10:38', '2017-08-29 16:10:38', '2017-08-29 16:10:38', '924e3b97-c768-48eb-8e94-c8b9a637c16c'),
 ('41', '1', 'm150917_010101_Commerce_DropEmailTypeColumn', '2017-08-29 16:10:38', '2017-08-29 16:10:38', '2017-08-29 16:10:38', '21b30228-a5ea-4954-af29-b009c979826c'),
 ('42', '1', 'm150917_010102_Commerce_RenameCodeToHandletaxCatColumn', '2017-08-29 16:10:38', '2017-08-29 16:10:38', '2017-08-29 16:10:38', 'e6d1329f-0945-462d-9705-c23d4a964720'),
 ('43', '1', 'm150918_010101_Commerce_AddProductTypeLocales', '2017-08-29 16:10:38', '2017-08-29 16:10:38', '2017-08-29 16:10:38', '2431a908-69c7-4e8d-9080-b28cccf5ecea'),
 ('44', '1', 'm150918_010102_Commerce_RemoveNonLocaleBasedUrlFormat', '2017-08-29 16:10:38', '2017-08-29 16:10:38', '2017-08-29 16:10:38', 'e90d1610-a5d6-456e-a462-7dfeb7a5e855'),
 ('45', '1', 'm150919_010101_Commerce_AddHasDimensionsToProductType', '2017-08-29 16:10:38', '2017-08-29 16:10:38', '2017-08-29 16:10:38', '071432cc-cdfd-4f07-bd13-319e3959d682'),
 ('46', '1', 'm151004_142113_commerce_PaymentMethods_name_unique', '2017-08-29 16:10:38', '2017-08-29 16:10:38', '2017-08-29 16:10:38', 'c56194f9-8ddc-41b4-ac7a-ff65aab83ba0'),
 ('47', '1', 'm151018_010101_Commerce_DiscountCodeNull', '2017-08-29 16:10:38', '2017-08-29 16:10:38', '2017-08-29 16:10:38', '75609586-b04d-4310-82c4-9642a3e70038'),
 ('48', '1', 'm151025_010101_Commerce_AddHandleToShippingMethod', '2017-08-29 16:10:38', '2017-08-29 16:10:38', '2017-08-29 16:10:38', '99e408aa-cc64-4f0c-9147-80e6475608cc'),
 ('49', '1', 'm151027_010101_Commerce_NewVariantUI', '2017-08-29 16:10:38', '2017-08-29 16:10:38', '2017-08-29 16:10:38', '7db3c85a-2e10-4321-b758-4ee456cea209'),
 ('50', '1', 'm151027_010102_Commerce_ProductDateNames', '2017-08-29 16:10:38', '2017-08-29 16:10:38', '2017-08-29 16:10:38', '0e61735d-1f56-41e3-b494-2af7ecbfd85a'),
 ('51', '1', 'm151102_010101_Commerce_PaymentTypeInMethodNotSettings', '2017-08-29 16:10:38', '2017-08-29 16:10:38', '2017-08-29 16:10:38', 'ebf51b1f-b12d-4e20-a76c-5a4376a4d323'),
 ('52', '1', 'm151103_010101_Commerce_DefaultVariant', '2017-08-29 16:10:38', '2017-08-29 16:10:38', '2017-08-29 16:10:38', '16691008-350a-4cbb-a05d-914b7390ca45'),
 ('53', '1', 'm151109_010101_Commerce_AddCompanyNumberToAddress', '2017-08-29 16:10:38', '2017-08-29 16:10:38', '2017-08-29 16:10:38', '59d32206-ea2c-440b-b02e-957a6ded6640'),
 ('54', '1', 'm151109_010102_Commerce_AddOptionsToLineItems', '2017-08-29 16:10:38', '2017-08-29 16:10:38', '2017-08-29 16:10:38', '1d648da7-d7b4-47bd-837d-a32402d56423'),
 ('55', '1', 'm151110_010101_Commerce_RenameCompanyToAddress', '2017-08-29 16:10:38', '2017-08-29 16:10:38', '2017-08-29 16:10:38', '02bf0c2a-c047-41be-94d9-a2b9c4d5f079'),
 ('56', '1', 'm151111_010101_Commerce_ShowVariantTitleField', '2017-08-29 16:10:38', '2017-08-29 16:10:38', '2017-08-29 16:10:38', 'fa14e68c-0148-46ca-ad13-7f3501970170'),
 ('57', '1', 'm151112_010101_Commerce_AutoSkuFormat', '2017-08-29 16:10:38', '2017-08-29 16:10:38', '2017-08-29 16:10:38', '564ce8d3-3aab-4ba8-bf92-feb2bd74dabc'),
 ('58', '1', 'm151117_010101_Commerce_TaxIncluded', '2017-08-29 16:10:38', '2017-08-29 16:10:38', '2017-08-29 16:10:38', '8e1d9cfa-d702-4968-82e4-b3e75b24bbe6'),
 ('59', '1', 'm151124_010101_Commerce_AddressManagement', '2017-08-29 16:10:38', '2017-08-29 16:10:38', '2017-08-29 16:10:38', 'da9ff003-8fe6-44c7-9ae2-127d3572df42'),
 ('60', '1', 'm151127_010101_Commerce_TaxRateTaxableOptions', '2017-08-29 16:10:38', '2017-08-29 16:10:38', '2017-08-29 16:10:38', 'd20ecc39-34f7-454f-ad6b-8c3a943ac784'),
 ('61', '1', 'm151210_010101_Commerce_FixMissingLineItemDimensionData', '2017-08-29 16:10:38', '2017-08-29 16:10:38', '2017-08-29 16:10:38', 'b54a1bb4-29d0-45e3-9417-7341cd2f3796'),
 ('62', '1', 'm160215_010101_Commerce_ConsistentDecimalType', '2017-08-29 16:10:38', '2017-08-29 16:10:38', '2017-08-29 16:10:38', 'ed4e7c58-38f6-4242-ab62-16a0e906155b'),
 ('63', '1', 'm160226_010101_Commerce_OrderStatusSortOrder', '2017-08-29 16:10:38', '2017-08-29 16:10:38', '2017-08-29 16:10:38', 'da09fdb9-3ea5-4491-842e-7da17500bc4e'),
 ('64', '1', 'm160226_010102_Commerce_isCompleted', '2017-08-29 16:10:38', '2017-08-29 16:10:38', '2017-08-29 16:10:38', '5e7dcaf9-c7d1-4da7-87f2-f52af40956dd'),
 ('65', '1', 'm160227_010101_Commerce_OrderAdjustmentIncludedFlag', '2017-08-29 16:10:38', '2017-08-29 16:10:38', '2017-08-29 16:10:38', 'bc7483f8-2a0b-4e8c-a7ba-e679f79e8618'),
 ('66', '1', 'm160229_010101_Commerce_ShippingZone', '2017-08-29 16:10:38', '2017-08-29 16:10:38', '2017-08-29 16:10:38', 'cab00d98-2a9a-4e0e-9059-2ffb2dcef408'),
 ('67', '1', 'm160229_010104_Commerce_SoftDeleteAndReorderPaymentMethod', '2017-08-29 16:10:38', '2017-08-29 16:10:38', '2017-08-29 16:10:38', '85292000-e2f3-4c2f-9571-524baaec76c6'),
 ('68', '1', 'm160401_010101_Commerce_KeepAllTransactions', '2017-08-29 16:10:38', '2017-08-29 16:10:38', '2017-08-29 16:10:38', '3d580c3f-2bbc-46de-978b-e7a4876afdfc'),
 ('69', '1', 'm160405_010101_Commerce_FixDefaultVariantId', '2017-08-29 16:10:38', '2017-08-29 16:10:38', '2017-08-29 16:10:38', '2896c1cc-37d6-4325-a626-47831e121ee8'),
 ('70', '1', 'm160406_010101_Commerce_RemoveUnusedAuthorId', '2017-08-29 16:10:38', '2017-08-29 16:10:38', '2017-08-29 16:10:38', 'c1ad1084-0818-4379-83ef-dbe1330edd25'),
 ('71', '1', 'm160425_010101_Commerce_DeleteCountriesAndStates', '2017-08-29 16:10:38', '2017-08-29 16:10:38', '2017-08-29 16:10:38', 'c8bf3798-9989-4d51-a2e2-cf040656e6e0'),
 ('72', '1', 'm160510_010101_Commerce_EmailRecipientType', '2017-08-29 16:10:38', '2017-08-29 16:10:38', '2017-08-29 16:10:38', 'a73b36bb-76be-4f8f-af91-ff1d83653791'),
 ('73', '1', 'm160606_010101_Commerce_PerEmailLimitOnDiscount', '2017-08-29 16:10:38', '2017-08-29 16:10:38', '2017-08-29 16:10:38', 'e6989ea1-e4c1-454f-9842-14f0ef6292e9'),
 ('74', '1', 'm160706_010101_Commerce_Currencies', '2017-08-29 16:10:38', '2017-08-29 16:10:38', '2017-08-29 16:10:38', 'a76459b1-c9a5-4592-a70d-62133a7929d7'),
 ('75', '1', 'm160806_010101_Commerce_RemoveShowInLabel', '2017-08-29 16:10:38', '2017-08-29 16:10:38', '2017-08-29 16:10:38', '08342e40-96ba-42a0-a492-3582c34bfaca'),
 ('76', '1', 'm160806_010102_Commerce_AddVatTaxRateOption', '2017-08-29 16:10:38', '2017-08-29 16:10:38', '2017-08-29 16:10:38', '791663e0-a76a-4fb5-994c-5e24367de71a'),
 ('77', '1', 'm160825_010101_Commerce_AddMaxQtyToDiscount', '2017-08-29 16:10:38', '2017-08-29 16:10:38', '2017-08-29 16:10:38', '8a1a64d5-64e7-4dd5-b8db-f8d200a0a2de'),
 ('78', '1', 'm160826_010101_Commerce_NewAddressFields', '2017-08-29 16:10:38', '2017-08-29 16:10:38', '2017-08-29 16:10:38', '057a48ef-e2c6-4aa3-95c5-131e37f8c182'),
 ('79', '1', 'm160915_010101_Commerce_RenameCurrencies', '2017-08-29 16:10:38', '2017-08-29 16:10:38', '2017-08-29 16:10:38', 'cd6d53f5-d053-4371-a91d-d58fb63a1405'),
 ('80', '1', 'm160916_010102_Commerce_PdfFilenameFormat', '2017-08-29 16:10:38', '2017-08-29 16:10:38', '2017-08-29 16:10:38', '6e2c9a63-07c4-44a9-9964-5f85083ba27e'),
 ('81', '1', 'm160917_010103_Commerce_DescriptionFormat', '2017-08-29 16:10:38', '2017-08-29 16:10:38', '2017-08-29 16:10:38', '52aa891b-1673-444a-957c-372a78ba18a1'),
 ('82', '1', 'm160917_010104_Commerce_ShippingCategories', '2017-08-29 16:10:38', '2017-08-29 16:10:38', '2017-08-29 16:10:38', 'c04d64df-9a7e-48c3-a8fb-491643a3166c'),
 ('83', '1', 'm160923_010101_Commerce_OrderLocale', '2017-08-29 16:10:38', '2017-08-29 16:10:38', '2017-08-29 16:10:38', '35eb7e6a-dfd9-48c6-9a72-0bbcb3e60a01'),
 ('84', '1', 'm160927_010101_Commerce_ProductTypeShippingTaxCategories', '2017-08-29 16:10:38', '2017-08-29 16:10:38', '2017-08-29 16:10:38', '555f9ee4-4f20-45bf-9a27-3ea1efd95fe6'),
 ('85', '1', 'm160927_010101_Commerce_ShippingRuleCategories', '2017-08-29 16:10:38', '2017-08-29 16:10:38', '2017-08-29 16:10:38', '582c52dc-86cf-4ae3-b779-2b5a8a54646e'),
 ('86', '1', 'm160930_010101_Commerce_RenameDefaultCurrencyToPrimary', '2017-08-29 16:10:38', '2017-08-29 16:10:38', '2017-08-29 16:10:38', 'dff8d1b9-09d7-4995-91a3-71ce48826cf5'),
 ('87', '1', 'm161001_010101_Commerce_LineItemShippingCat', '2017-08-29 16:10:38', '2017-08-29 16:10:38', '2017-08-29 16:10:38', '729c0d38-2fc6-4ac0-8b80-f8e8da6a7479'),
 ('88', '1', 'm161001_010102_Commerce_DiscountOrdering', '2017-08-29 16:10:38', '2017-08-29 16:10:38', '2017-08-29 16:10:38', '5b9e039b-28ee-4602-b471-d55e06a51d0b'),
 ('89', '1', 'm161001_010103_Commerce_DiscountStopProcessing', '2017-08-29 16:10:38', '2017-08-29 16:10:38', '2017-08-29 16:10:38', '8c965217-7283-4e49-a40a-6e314f0d0353'),
 ('90', '1', 'm161001_010104_Commerce_SaveTransactionCode', '2017-08-29 16:10:38', '2017-08-29 16:10:38', '2017-08-29 16:10:38', 'a9b0d5af-1a15-4f77-beb8-b5f3abe1c252'),
 ('91', '1', 'm161001_010105_Commerce_RemovePaymentCurrencyName', '2017-08-29 16:10:38', '2017-08-29 16:10:38', '2017-08-29 16:10:38', 'ede7ce8c-6682-4ba0-9a1c-555fc8f0a9b7'),
 ('92', '1', 'm161024_010101_Commerce_FixDefaultShippingAndTaxCategoriesOnProducts', '2017-08-29 16:10:38', '2017-08-29 16:10:38', '2017-08-29 16:10:38', '2e49031d-656b-4965-bb6c-25abfa31178f'),
 ('93', '1', 'm161101_010101_Commerce_AddBaseTaxToOrder', '2017-08-29 16:10:38', '2017-08-29 16:10:38', '2017-08-29 16:10:38', '86e5fb11-42bb-461a-8c74-bc7f5802e589'),
 ('94', '1', 'm170227_010101_Commerce_RemoveNameUniquenessFromShippingRules', '2017-08-29 16:10:38', '2017-08-29 16:10:38', '2017-08-29 16:10:38', 'f70d8b5f-0cd0-4ce8-b496-dcd1713628b8'),
 ('95', '1', 'm170411_010101_Commerce_AdditionalTaxRateTaxables', '2017-08-29 16:10:38', '2017-08-29 16:10:38', '2017-08-29 16:10:38', '09cae2a6-4e6e-4031-ab2b-80cca578fbde'),
 ('96', '1', 'm170411_010102_Commerce_OrderBaseTaxIncluded', '2017-08-29 16:10:38', '2017-08-29 16:10:38', '2017-08-29 16:10:38', '90a3229d-b035-44eb-b5aa-f9dea0f4263d'),
 ('97', '1', 'm170426_010101_Commerce_IncreaseTaxRateDecimal', '2017-08-29 16:10:38', '2017-08-29 16:10:38', '2017-08-29 16:10:38', 'c2da8d9c-007d-4c1e-ac6a-a7489b919629'),
 ('98', '1', 'm170609_010101_Commerce_AddRecieptEmailSettingToStripeGateway', '2017-08-29 16:10:38', '2017-08-29 16:10:38', '2017-08-29 16:10:38', 'd189fb7f-476f-4f56-875c-6bc2a183c8b0'),
 ('99', '1', 'm170727_010101_Commerce_AddPercentageOffOption', '2017-08-29 16:10:38', '2017-08-29 16:10:38', '2017-08-29 16:10:38', 'fa8c0404-cba6-461d-9455-dfedf762a0d5');



DROP TABLE IF EXISTS `craft_plugins`;


--
-- Schema for table `craft_plugins`
--
CREATE TABLE `craft_plugins` (
  `id` int(11) NOT NULL AUTO_INCREMENT,
  `class` varchar(150) COLLATE utf8_unicode_ci NOT NULL,
  `version` varchar(15) COLLATE utf8_unicode_ci NOT NULL,
  `schemaVersion` varchar(15) COLLATE utf8_unicode_ci DEFAULT NULL,
  `licenseKey` char(24) COLLATE utf8_unicode_ci DEFAULT NULL,
  `licenseKeyStatus` enum('valid','invalid','mismatched','unknown') COLLATE utf8_unicode_ci NOT NULL DEFAULT 'unknown',
  `enabled` tinyint(1) unsigned NOT NULL DEFAULT '0',
  `settings` text COLLATE utf8_unicode_ci,
  `installDate` datetime NOT NULL,
  `dateCreated` datetime NOT NULL,
  `dateUpdated` datetime NOT NULL,
  `uid` char(36) COLLATE utf8_unicode_ci NOT NULL DEFAULT '0',
  PRIMARY KEY (`id`)
) ENGINE=InnoDB AUTO_INCREMENT=2 DEFAULT CHARSET=utf8 COLLATE=utf8_unicode_ci;

--
-- Data for table `craft_plugins`
--

INSERT INTO `craft_plugins` (`id`, `class`, `version`, `schemaVersion`, `licenseKey`, `licenseKeyStatus`, `enabled`, `settings`, `installDate`, `dateCreated`, `dateUpdated`, `uid`) VALUES
 ('1', 'Commerce', '1.2.1346', '1.2.79', NULL, 'unknown', '1', '{\"weightUnits\":\"g\",\"dimensionUnits\":\"mm\",\"emailSenderAddress\":null,\"emailSenderName\":null,\"orderPdfPath\":\"shop\\/_pdf\\/order\",\"orderPdfFilenameFormat\":\"Order-{number}\"}', '2017-08-29 16:10:38', '2017-08-29 16:10:38', '2017-10-30 01:34:24', '9a6a16de-b8e1-4ad7-8776-bd430e5e20af');



DROP TABLE IF EXISTS `craft_rackspaceaccess`;


--
-- Schema for table `craft_rackspaceaccess`
--
CREATE TABLE `craft_rackspaceaccess` (
  `id` int(11) NOT NULL AUTO_INCREMENT,
  `connectionKey` varchar(255) COLLATE utf8_unicode_ci NOT NULL,
  `token` varchar(255) COLLATE utf8_unicode_ci NOT NULL,
  `storageUrl` varchar(255) COLLATE utf8_unicode_ci NOT NULL,
  `cdnUrl` varchar(255) COLLATE utf8_unicode_ci NOT NULL,
  `dateCreated` datetime NOT NULL,
  `dateUpdated` datetime NOT NULL,
  `uid` char(36) COLLATE utf8_unicode_ci NOT NULL DEFAULT '0',
  PRIMARY KEY (`id`),
  UNIQUE KEY `craft_rackspaceaccess_connectionKey_unq_idx` (`connectionKey`)
) ENGINE=InnoDB DEFAULT CHARSET=utf8 COLLATE=utf8_unicode_ci;

DROP TABLE IF EXISTS `craft_relations`;


--
-- Schema for table `craft_relations`
--
CREATE TABLE `craft_relations` (
  `id` int(11) NOT NULL AUTO_INCREMENT,
  `fieldId` int(11) NOT NULL,
  `sourceId` int(11) NOT NULL,
  `sourceLocale` char(12) COLLATE utf8_unicode_ci DEFAULT NULL,
  `targetId` int(11) NOT NULL,
  `sortOrder` smallint(6) DEFAULT NULL,
  `dateCreated` datetime NOT NULL,
  `dateUpdated` datetime NOT NULL,
  `uid` char(36) COLLATE utf8_unicode_ci NOT NULL DEFAULT '0',
  PRIMARY KEY (`id`),
  UNIQUE KEY `craft_relations_fieldId_sourceId_sourceLocale_targetId_unq_idx` (`fieldId`,`sourceId`,`sourceLocale`,`targetId`),
  KEY `craft_relations_sourceId_fk` (`sourceId`),
  KEY `craft_relations_sourceLocale_fk` (`sourceLocale`),
  KEY `craft_relations_targetId_fk` (`targetId`)
) ENGINE=InnoDB AUTO_INCREMENT=41 DEFAULT CHARSET=utf8 COLLATE=utf8_unicode_ci;

--
-- Data for table `craft_relations`
--

INSERT INTO `craft_relations` (`id`, `fieldId`, `sourceId`, `sourceLocale`, `targetId`, `sortOrder`, `dateCreated`, `dateUpdated`, `uid`) VALUES
 ('2', '14', '5', NULL, '6', '1', '2017-08-21 19:20:55', '2017-08-21 19:20:55', '1f88f877-7fbd-47ee-b6b2-7e4d29c9f7fc'),
 ('3', '9', '6', NULL, '7', '1', '2017-08-21 19:21:23', '2017-08-21 19:21:23', 'f116b145-9d1c-4fcb-83c9-bb42b1507588'),
 ('4', '14', '9', NULL, '6', '1', '2017-08-21 19:24:45', '2017-08-21 19:24:45', 'b61d5ad4-d8f2-429a-9517-2f5c53ed8732'),
 ('10', '9', '23', NULL, '32', '1', '2017-08-31 05:58:14', '2017-08-31 05:58:14', '3d08bad2-3a24-4d4f-8280-99e54d482f7d'),
 ('23', '28', '10', NULL, '48', '1', '2017-09-20 19:25:09', '2017-09-20 19:25:09', 'a5044f5b-29e1-4460-950b-d81d13405269'),
 ('24', '28', '11', NULL, '47', '1', '2017-09-20 19:25:19', '2017-09-20 19:25:19', '305d4d71-1a7f-4cd5-88c9-f1e7648d566c'),
 ('25', '28', '12', NULL, '46', '1', '2017-09-20 19:25:30', '2017-09-20 19:25:30', '7db92792-c4b4-4f0d-823a-590792fd34da'),
 ('36', '28', '24', NULL, '42', '1', '2017-09-26 21:47:30', '2017-09-26 21:47:30', '1a990aa8-bcbc-42da-b841-88ba82b5b591'),
 ('37', '28', '26', NULL, '43', '1', '2017-09-26 21:47:38', '2017-09-26 21:47:38', '9172a5c3-385e-4bf5-99dc-fae23d0d51fc'),
 ('38', '28', '22', NULL, '44', '1', '2017-09-26 21:47:50', '2017-09-26 21:47:50', '31d6a211-eef8-40ba-bbf9-6bfbb21df700'),
 ('40', '28', '28', NULL, '45', '1', '2017-09-26 22:57:15', '2017-09-26 22:57:15', 'eaace092-89fa-42a4-b872-d93721cb7003');



DROP TABLE IF EXISTS `craft_routes`;


--
-- Schema for table `craft_routes`
--
CREATE TABLE `craft_routes` (
  `id` int(11) NOT NULL AUTO_INCREMENT,
  `locale` char(12) COLLATE utf8_unicode_ci DEFAULT NULL,
  `urlParts` varchar(255) COLLATE utf8_unicode_ci NOT NULL,
  `urlPattern` varchar(255) COLLATE utf8_unicode_ci NOT NULL,
  `template` varchar(255) COLLATE utf8_unicode_ci NOT NULL,
  `sortOrder` smallint(6) unsigned DEFAULT NULL,
  `dateCreated` datetime NOT NULL,
  `dateUpdated` datetime NOT NULL,
  `uid` char(36) COLLATE utf8_unicode_ci NOT NULL DEFAULT '0',
  PRIMARY KEY (`id`),
  KEY `craft_routes_locale_idx` (`locale`),
  KEY `craft_routes_urlPattern_idx` (`urlPattern`)
) ENGINE=InnoDB DEFAULT CHARSET=utf8 COLLATE=utf8_unicode_ci;

DROP TABLE IF EXISTS `craft_searchindex`;


--
-- Schema for table `craft_searchindex`
--
CREATE TABLE `craft_searchindex` (
  `elementId` int(11) NOT NULL,
  `attribute` varchar(25) COLLATE utf8_unicode_ci NOT NULL,
  `fieldId` int(11) NOT NULL,
  `locale` char(12) COLLATE utf8_unicode_ci NOT NULL,
  `keywords` text COLLATE utf8_unicode_ci NOT NULL,
  PRIMARY KEY (`elementId`,`attribute`,`fieldId`,`locale`),
  FULLTEXT KEY `craft_searchindex_keywords_idx` (`keywords`)
) ENGINE=MyISAM DEFAULT CHARSET=utf8 COLLATE=utf8_unicode_ci;

--
-- Data for table `craft_searchindex`
--

INSERT INTO `craft_searchindex` (`elementId`, `attribute`, `fieldId`, `locale`, `keywords`) VALUES
 ('1', 'username', '0', 'en_us', ' mamnoon_street '),
 ('1', 'firstname', '0', 'en_us', ''),
 ('1', 'lastname', '0', 'en_us', ''),
 ('1', 'fullname', '0', 'en_us', ''),
 ('1', 'email', '0', 'en_us', ' joe waine gmail com '),
 ('1', 'slug', '0', 'en_us', ''),
 ('2', 'slug', '0', 'en_us', ' homepage '),
 ('2', 'title', '0', 'en_us', ' welcome to localhost '),
 ('2', 'field', '1', 'en_us', ' it s true this site doesn t have a whole lot of content yet but don t worry our web developers have just installed the cms and they re setting things up for the content editors this very moment soon localhost will be an oasis of fresh perspectives sharp analyses and astute opinions that will keep you coming back again and again '),
 ('3', 'field', '1', 'en_us', ' craft is the cms that s powering localhost it s beautiful powerful flexible and easy to use and it s made by pixel tonic we can t wait to dive in and see what it s capable of this is even more captivating content which you couldn t see on the news index page because it was entered after a page break and the news index template only likes to show the content on the first page craft a nice alternative to word if you re making a website '),
 ('3', 'field', '2', 'en_us', ''),
 ('3', 'slug', '0', 'en_us', ' we just installed craft '),
 ('3', 'title', '0', 'en_us', ' we just installed craft '),
 ('4', 'field', '11', 'en_us', ' mezze small plates batikh thalej '),
 ('4', 'field', '15', 'en_us', ''),
 ('4', 'field', '19', 'en_us', ''),
 ('4', 'field', '23', 'en_us', ''),
 ('4', 'slug', '0', 'en_us', ' dinner '),
 ('4', 'title', '0', 'en_us', ' dinner '),
 ('5', 'field', '12', 'en_us', ' mezze small plates '),
 ('5', 'field', '13', 'en_us', ''),
 ('5', 'field', '14', 'en_us', ' batikh thalej '),
 ('5', 'slug', '0', 'en_us', ''),
 ('6', 'field', '10', 'en_us', ' 9 '),
 ('6', 'field', '9', 'en_us', ' watermelon snow '),
 ('6', 'field', '3', 'en_us', ''),
 ('6', 'slug', '0', 'en_us', ' batikh thalej '),
 ('6', 'title', '0', 'en_us', ' batikh thalej '),
 ('6', 'field', '27', 'en_us', ' batikh thalej '),
 ('7', 'name', '0', 'en_us', ' watermelon snow '),
 ('7', 'slug', '0', 'en_us', ' watermelon snow '),
 ('7', 'title', '0', 'en_us', ' watermelon snow '),
 ('8', 'field', '11', 'en_us', ' lunch mezze items lunch mezze batikh thalej '),
 ('8', 'field', '15', 'en_us', ''),
 ('8', 'field', '19', 'en_us', ''),
 ('8', 'field', '23', 'en_us', ''),
 ('8', 'slug', '0', 'en_us', ' lunch '),
 ('8', 'title', '0', 'en_us', ' lunch '),
 ('9', 'field', '12', 'en_us', ' lunch mezze '),
 ('9', 'field', '13', 'en_us', ' lunch mezze items '),
 ('9', 'field', '14', 'en_us', ' batikh thalej '),
 ('9', 'slug', '0', 'en_us', ''),
 ('10', 'field', '28', 'en_us', ' mamnoonstinstaicon '),
 ('10', 'field', '29', 'en_us', ' https www instagram com explore tags mamnoonstreet '),
 ('10', 'slug', '0', 'en_us', ' instagram '),
 ('10', 'title', '0', 'en_us', ' instagram '),
 ('11', 'field', '28', 'en_us', ' mamnoonsttwitter '),
 ('11', 'field', '29', 'en_us', ' https twitter com mamnoonstreet '),
 ('11', 'slug', '0', 'en_us', ' twitter '),
 ('11', 'title', '0', 'en_us', ' twitter '),
 ('12', 'field', '28', 'en_us', ' mamnoonstfbicon '),
 ('12', 'field', '29', 'en_us', ' https www facebook com mamnoonstreet '),
 ('12', 'slug', '0', 'en_us', ' facebook '),
 ('12', 'title', '0', 'en_us', ' facebook '),
 ('38', 'filename', '0', 'en_us', ' mamnoonstfbicon svg '),
 ('40', 'extension', '0', 'en_us', ' svg '),
 ('40', 'kind', '0', 'en_us', ' image '),
 ('39', 'title', '0', 'en_us', ' logo '),
 ('40', 'filename', '0', 'en_us', ' mamnoonstinstaicon svg '),
 ('37', 'title', '0', 'en_us', ' 5627084 '),
 ('39', 'kind', '0', 'en_us', ' image '),
 ('39', 'slug', '0', 'en_us', ' logo '),
 ('39', 'extension', '0', 'en_us', ' png '),
 ('39', 'filename', '0', 'en_us', ' logo png '),
 ('38', 'extension', '0', 'en_us', ' svg '),
 ('38', 'title', '0', 'en_us', ' mamnoonstfbicon '),
 ('38', 'slug', '0', 'en_us', ' mamnoonstfbicon '),
 ('38', 'kind', '0', 'en_us', ' image '),
 ('37', 'slug', '0', 'en_us', ' 5627084 '),
 ('20', 'field', '28', 'en_us', ' logo '),
 ('20', 'slug', '0', 'en_us', ' mamnoon street '),
 ('20', 'title', '0', 'en_us', ' mamnoon street '),
 ('21', 'slug', '0', 'en_us', ' order '),
 ('21', 'title', '0', 'en_us', ' order '),
 ('22', 'title', '0', 'en_us', ' watermelon '),
 ('22', 'defaultsku', '0', 'en_us', ' basic '),
 ('22', 'slug', '0', 'en_us', ' a new toga '),
 ('23', 'sku', '0', 'en_us', ' basic '),
 ('23', 'price', '0', 'en_us', ' 20 25 '),
 ('23', 'width', '0', 'en_us', ' 0 '),
 ('23', 'height', '0', 'en_us', ' 0 '),
 ('23', 'length', '0', 'en_us', ' 0 '),
 ('23', 'weight', '0', 'en_us', ' 0 '),
 ('23', 'stock', '0', 'en_us', ' 0 '),
 ('23', 'unlimitedstock', '0', 'en_us', ' 1 '),
 ('23', 'minqty', '0', 'en_us', ''),
 ('23', 'maxqty', '0', 'en_us', ''),
 ('23', 'slug', '0', 'en_us', ' a new toga '),
 ('23', 'title', '0', 'en_us', ' watermelon '),
 ('24', 'title', '0', 'en_us', ' baba ghanoush '),
 ('24', 'defaultsku', '0', 'en_us', ' basic baba ghanoush '),
 ('24', 'slug', '0', 'en_us', ' baba ghanoush '),
 ('25', 'sku', '0', 'en_us', ' basic baba ghanoush '),
 ('25', 'price', '0', 'en_us', ' 7 06 '),
 ('25', 'width', '0', 'en_us', ' 0 '),
 ('25', 'height', '0', 'en_us', ' 0 '),
 ('25', 'length', '0', 'en_us', ' 0 '),
 ('25', 'weight', '0', 'en_us', ' 0 '),
 ('25', 'stock', '0', 'en_us', ' 0 '),
 ('25', 'unlimitedstock', '0', 'en_us', ' 1 ');
INSERT INTO `craft_searchindex` (`elementId`, `attribute`, `fieldId`, `locale`, `keywords`) VALUES
 ('25', 'minqty', '0', 'en_us', ''),
 ('25', 'maxqty', '0', 'en_us', ''),
 ('25', 'slug', '0', 'en_us', ' parka with stripes on back '),
 ('25', 'title', '0', 'en_us', ' baba ghanoush '),
 ('26', 'title', '0', 'en_us', ' hummus '),
 ('26', 'defaultsku', '0', 'en_us', ' basic hummus '),
 ('26', 'slug', '0', 'en_us', ' romper for a red eye '),
 ('27', 'sku', '0', 'en_us', ' basic hummus '),
 ('27', 'price', '0', 'en_us', ' 30 24 '),
 ('27', 'width', '0', 'en_us', ' 0 '),
 ('27', 'height', '0', 'en_us', ' 0 '),
 ('27', 'length', '0', 'en_us', ' 0 '),
 ('27', 'weight', '0', 'en_us', ' 0 '),
 ('27', 'stock', '0', 'en_us', ' 0 '),
 ('27', 'unlimitedstock', '0', 'en_us', ' 1 '),
 ('27', 'minqty', '0', 'en_us', ''),
 ('27', 'maxqty', '0', 'en_us', ''),
 ('27', 'slug', '0', 'en_us', ' romper for a red eye '),
 ('27', 'title', '0', 'en_us', ' hummus '),
 ('28', 'title', '0', 'en_us', ' za atar '),
 ('28', 'defaultsku', '0', 'en_us', ' za atar '),
 ('28', 'slug', '0', 'en_us', ' the fleece awakens '),
 ('29', 'sku', '0', 'en_us', ' za atar '),
 ('29', 'price', '0', 'en_us', ' 10 '),
 ('29', 'width', '0', 'en_us', ''),
 ('29', 'height', '0', 'en_us', ''),
 ('29', 'length', '0', 'en_us', ''),
 ('29', 'weight', '0', 'en_us', ''),
 ('29', 'stock', '0', 'en_us', ' 0 '),
 ('29', 'unlimitedstock', '0', 'en_us', ' 1 '),
 ('29', 'minqty', '0', 'en_us', ''),
 ('29', 'maxqty', '0', 'en_us', ''),
 ('29', 'slug', '0', 'en_us', ' the fleece awakens '),
 ('29', 'title', '0', 'en_us', ' za atar '),
 ('24', 'field', '1', 'en_us', ' king of lebanese street food house made bread baked with wild thyme sesame olive labneh tomato parsley and mint great with garlic grilled chicken '),
 ('26', 'field', '1', 'en_us', ' king of lebanese street food house made bread baked with wild thyme sesame olive labneh tomato parsley and mint great with garlic grilled chicken '),
 ('22', 'field', '1', 'en_us', ' king of lebanese street food house made bread baked with wild thyme sesame olive labneh tomato parsley and mint great with garlic grilled chicken '),
 ('31', 'number', '0', 'en_us', ' 082b10f689d20e72e83a2d800f629118 '),
 ('31', 'email', '0', 'en_us', ''),
 ('31', 'slug', '0', 'en_us', ''),
 ('26', 'field', '31', 'en_us', ''),
 ('33', 'sku', '0', 'en_us', ' ono '),
 ('33', 'field', '9', 'en_us', ''),
 ('52', 'sku', '0', 'en_us', ' za atar gluten free '),
 ('52', 'field', '28', 'en_us', ''),
 ('32', 'name', '0', 'en_us', ' jijij '),
 ('32', 'slug', '0', 'en_us', ' jijij '),
 ('32', 'title', '0', 'en_us', ' jijij '),
 ('23', 'field', '9', 'en_us', ' jijij '),
 ('33', 'price', '0', 'en_us', ' 56 '),
 ('33', 'width', '0', 'en_us', ' 0 '),
 ('33', 'height', '0', 'en_us', ' 0 '),
 ('33', 'length', '0', 'en_us', ' 0 '),
 ('33', 'weight', '0', 'en_us', ' 0 '),
 ('33', 'stock', '0', 'en_us', ' 0 '),
 ('33', 'unlimitedstock', '0', 'en_us', ' 1 '),
 ('33', 'minqty', '0', 'en_us', ''),
 ('33', 'maxqty', '0', 'en_us', ''),
 ('33', 'slug', '0', 'en_us', ' watermelon '),
 ('33', 'title', '0', 'en_us', ' watermelon '),
 ('34', 'field', '9', 'en_us', ''),
 ('34', 'sku', '0', 'en_us', ' pop '),
 ('34', 'price', '0', 'en_us', ' 90 '),
 ('34', 'width', '0', 'en_us', ' 0 '),
 ('34', 'height', '0', 'en_us', ' 0 '),
 ('34', 'length', '0', 'en_us', ' 0 '),
 ('34', 'weight', '0', 'en_us', ' 0 '),
 ('34', 'stock', '0', 'en_us', ' 0 '),
 ('34', 'unlimitedstock', '0', 'en_us', ' 1 '),
 ('34', 'minqty', '0', 'en_us', ''),
 ('34', 'maxqty', '0', 'en_us', ''),
 ('34', 'slug', '0', 'en_us', ' watermelon '),
 ('34', 'title', '0', 'en_us', ' watermelon '),
 ('25', 'field', '28', 'en_us', ''),
 ('40', 'slug', '0', 'en_us', ' mamnoonstinstaicon '),
 ('22', 'field', '28', 'en_us', ' zaatar3 '),
 ('24', 'field', '28', 'en_us', ' zaatar '),
 ('26', 'field', '28', 'en_us', ' zaatar1 '),
 ('28', 'field', '28', 'en_us', ' zaatar4 '),
 ('27', 'field', '28', 'en_us', ''),
 ('41', 'filename', '0', 'en_us', ' mamnoonsttwitter svg '),
 ('40', 'title', '0', 'en_us', ' mamnoonstinstaicon '),
 ('37', 'kind', '0', 'en_us', ' image '),
 ('37', 'extension', '0', 'en_us', ' png '),
 ('37', 'filename', '0', 'en_us', ' 5627084 png '),
 ('41', 'extension', '0', 'en_us', ' svg '),
 ('41', 'kind', '0', 'en_us', ' image '),
 ('41', 'slug', '0', 'en_us', ' mamnoonsttwitter '),
 ('41', 'title', '0', 'en_us', ' mamnoonsttwitter '),
 ('42', 'filename', '0', 'en_us', ' zaatar jpg '),
 ('42', 'extension', '0', 'en_us', ' jpg '),
 ('42', 'kind', '0', 'en_us', ' image '),
 ('42', 'slug', '0', 'en_us', ' zaatar '),
 ('42', 'title', '0', 'en_us', ' zaatar '),
 ('43', 'filename', '0', 'en_us', ' zaatar1 jpg '),
 ('43', 'extension', '0', 'en_us', ' jpg '),
 ('43', 'kind', '0', 'en_us', ' image '),
 ('43', 'slug', '0', 'en_us', ' zaatar1 '),
 ('43', 'title', '0', 'en_us', ' zaatar1 '),
 ('44', 'filename', '0', 'en_us', ' zaatar3 jpg ');
INSERT INTO `craft_searchindex` (`elementId`, `attribute`, `fieldId`, `locale`, `keywords`) VALUES
 ('44', 'extension', '0', 'en_us', ' jpg '),
 ('44', 'kind', '0', 'en_us', ' image '),
 ('44', 'slug', '0', 'en_us', ' zaatar3 '),
 ('44', 'title', '0', 'en_us', ' zaatar3 '),
 ('45', 'filename', '0', 'en_us', ' zaatar4 jpg '),
 ('45', 'extension', '0', 'en_us', ' jpg '),
 ('45', 'kind', '0', 'en_us', ' image '),
 ('45', 'slug', '0', 'en_us', ' zaatar4 '),
 ('45', 'title', '0', 'en_us', ' zaatar4 '),
 ('23', 'field', '28', 'en_us', ''),
 ('33', 'field', '28', 'en_us', ''),
 ('34', 'field', '28', 'en_us', ''),
 ('29', 'field', '28', 'en_us', ''),
 ('46', 'filename', '0', 'en_us', ' mamnoonstfbicon svg '),
 ('46', 'extension', '0', 'en_us', ' svg '),
 ('46', 'kind', '0', 'en_us', ' image '),
 ('46', 'slug', '0', 'en_us', ' mamnoonstfbicon '),
 ('46', 'title', '0', 'en_us', ' mamnoonstfbicon '),
 ('47', 'filename', '0', 'en_us', ' mamnoonsttwitter svg '),
 ('47', 'extension', '0', 'en_us', ' svg '),
 ('47', 'kind', '0', 'en_us', ' image '),
 ('47', 'slug', '0', 'en_us', ' mamnoonsttwitter '),
 ('47', 'title', '0', 'en_us', ' mamnoonsttwitter '),
 ('48', 'filename', '0', 'en_us', ' mamnoonstinstaicon svg '),
 ('48', 'extension', '0', 'en_us', ' svg '),
 ('48', 'kind', '0', 'en_us', ' image '),
 ('48', 'slug', '0', 'en_us', ' mamnoonstinstaicon '),
 ('48', 'title', '0', 'en_us', ' mamnoonstinstaicon '),
 ('24', 'field', '31', 'en_us', ''),
 ('22', 'field', '31', 'en_us', ''),
 ('28', 'field', '1', 'en_us', ' king of lebanese street food house made bread baked with wild thyme sesame olive labneh tomato parsley and mint great with garlic grilled chicken '),
 ('51', 'email', '0', 'en_us', ''),
 ('51', 'number', '0', 'en_us', ' 31ed9b881be09b81bbf1beec070ca2b4 '),
 ('28', 'field', '31', 'en_us', ''),
 ('22', 'field', '32', 'en_us', ''),
 ('24', 'field', '32', 'en_us', ''),
 ('26', 'field', '32', 'en_us', ''),
 ('28', 'field', '32', 'en_us', ''),
 ('51', 'slug', '0', 'en_us', ''),
 ('52', 'price', '0', 'en_us', ' 13 '),
 ('52', 'width', '0', 'en_us', ''),
 ('52', 'height', '0', 'en_us', ''),
 ('52', 'length', '0', 'en_us', ''),
 ('52', 'weight', '0', 'en_us', ''),
 ('52', 'stock', '0', 'en_us', ' 0 '),
 ('52', 'unlimitedstock', '0', 'en_us', ' 1 '),
 ('52', 'minqty', '0', 'en_us', ''),
 ('52', 'maxqty', '0', 'en_us', ''),
 ('52', 'slug', '0', 'en_us', ' zaatar '),
 ('52', 'title', '0', 'en_us', ' za atar '),
 ('53', 'field', '28', 'en_us', ''),
 ('53', 'sku', '0', 'en_us', ' za atar dairy free '),
 ('53', 'price', '0', 'en_us', ' 10 '),
 ('53', 'width', '0', 'en_us', ''),
 ('53', 'height', '0', 'en_us', ''),
 ('53', 'length', '0', 'en_us', ''),
 ('53', 'weight', '0', 'en_us', ''),
 ('53', 'stock', '0', 'en_us', ' 0 '),
 ('53', 'unlimitedstock', '0', 'en_us', ' 1 '),
 ('53', 'minqty', '0', 'en_us', ''),
 ('53', 'maxqty', '0', 'en_us', ''),
 ('53', 'slug', '0', 'en_us', ' zaatar '),
 ('53', 'title', '0', 'en_us', ' za atar '),
 ('54', 'slug', '0', 'en_us', ' about '),
 ('54', 'title', '0', 'en_us', ' about '),
 ('54', 'field', '1', 'en_us', ' hello '),
 ('54', 'field', '27', 'en_us', ' header '),
 ('54', 'field', '28', 'en_us', ''),
 ('55', 'slug', '0', 'en_us', ' globals '),
 ('55', 'title', '0', 'en_us', ' globals '),
 ('55', 'field', '33', 'en_us', ' tasty '),
 ('54', 'field', '34', 'en_us', ' hotmail com hotmail com google com google com netflix com netflix com '),
 ('56', 'field', '35', 'en_us', ' hotmail com '),
 ('56', 'field', '36', 'en_us', ' hotmail com '),
 ('56', 'slug', '0', 'en_us', ''),
 ('57', 'field', '35', 'en_us', ' google com '),
 ('57', 'field', '36', 'en_us', ' google com '),
 ('57', 'slug', '0', 'en_us', ''),
 ('58', 'field', '35', 'en_us', ' netflix com '),
 ('58', 'field', '36', 'en_us', ' netflix com '),
 ('58', 'slug', '0', 'en_us', ''),
 ('54', 'field', '37', 'en_us', ' we cater '),
 ('54', 'field', '38', 'en_us', ' we cater all day long it is wonderful '),
 ('54', 'field', '39', 'en_us', ' 425 442 9308 '),
 ('54', 'field', '42', 'en_us', ' about us '),
 ('54', 'field', '43', 'en_us', ' lorem ipsum dolor sit amet consectetuer adipiscing elit sed diam nonummy nibh euismod tincidunt ut laoreet dolore magna aliquam erat volutpat ut wisi enim ad minim veniam quis nostrud exerci tation ullamcorper suscipit lobortis nisl ut aliquip ex ea commodo consequat duis autem vel eum iriure dolor in hendrerit in vulputate velit esse lorem ipsum dolor sit amet consectetuer adipis '),
 ('54', 'field', '40', 'en_us', ' 6fxye6qmew4 6fxye6qmew4 6fxye6qmew4 6fxye6qmew4 '),
 ('59', 'field', '41', 'en_us', ' 6fxye6qmew4 '),
 ('59', 'slug', '0', 'en_us', ''),
 ('60', 'field', '41', 'en_us', ' 6fxye6qmew4 '),
 ('60', 'slug', '0', 'en_us', ''),
 ('61', 'field', '41', 'en_us', ' 6fxye6qmew4 '),
 ('61', 'slug', '0', 'en_us', ''),
 ('62', 'field', '41', 'en_us', ' 6fxye6qmew4 '),
 ('62', 'slug', '0', 'en_us', ''),
 ('55', 'field', '44', 'en_us', ' mon sat 11am 9pm sun 11am 8pm '),
 ('55', 'field', '45', 'en_us', ' happy hour 3 6 pm dinner 6pm close '),
 ('55', 'field', '46', 'en_us', ' 2020 6th ave seattle wa 98121 ');



DROP TABLE IF EXISTS `craft_sections`;


--
-- Schema for table `craft_sections`
--
CREATE TABLE `craft_sections` (
  `id` int(11) NOT NULL AUTO_INCREMENT,
  `structureId` int(11) DEFAULT NULL,
  `name` varchar(255) COLLATE utf8_unicode_ci NOT NULL,
  `handle` varchar(255) COLLATE utf8_unicode_ci NOT NULL,
  `type` enum('single','channel','structure') COLLATE utf8_unicode_ci NOT NULL DEFAULT 'channel',
  `hasUrls` tinyint(1) unsigned NOT NULL DEFAULT '1',
  `template` varchar(500) COLLATE utf8_unicode_ci DEFAULT NULL,
  `enableVersioning` tinyint(1) unsigned NOT NULL DEFAULT '0',
  `dateCreated` datetime NOT NULL,
  `dateUpdated` datetime NOT NULL,
  `uid` char(36) COLLATE utf8_unicode_ci NOT NULL DEFAULT '0',
  PRIMARY KEY (`id`),
  UNIQUE KEY `craft_sections_name_unq_idx` (`name`),
  UNIQUE KEY `craft_sections_handle_unq_idx` (`handle`),
  KEY `craft_sections_structureId_fk` (`structureId`)
) ENGINE=InnoDB AUTO_INCREMENT=10 DEFAULT CHARSET=utf8 COLLATE=utf8_unicode_ci;

--
-- Data for table `craft_sections`
--

INSERT INTO `craft_sections` (`id`, `structureId`, `name`, `handle`, `type`, `hasUrls`, `template`, `enableVersioning`, `dateCreated`, `dateUpdated`, `uid`) VALUES
 ('1', NULL, 'Homepage', 'homepage', 'single', '1', 'index', '1', '2017-08-20 18:28:14', '2017-08-20 18:28:14', '58931c4e-3fbf-4ec0-b356-9a36a034469e'),
 ('2', NULL, 'News', 'news', 'channel', '1', 'news/_entry', '1', '2017-08-20 18:28:14', '2017-08-20 18:28:14', '4e772c39-189d-44d7-a305-98cebaedb275'),
 ('3', '1', 'Menus', 'menus', 'structure', '0', NULL, '1', '2017-08-21 19:08:10', '2017-08-21 19:08:10', '5ec29b46-9292-4536-a4b2-c0f4dced219e'),
 ('4', NULL, 'Menu Items', 'menuItems', 'channel', '0', NULL, '1', '2017-08-21 19:10:25', '2017-08-21 19:10:25', '17b571f0-1a8c-4adb-8007-1e88030bbdd1'),
 ('5', '2', 'social links', 'socialLinks', 'structure', '0', NULL, '1', '2017-08-21 19:28:15', '2017-08-21 19:28:15', 'e225a0b5-10b6-4ba8-b023-474cd227fc47'),
 ('6', '3', 'site logo', 'siteLogo', 'structure', '0', NULL, '1', '2017-08-21 20:16:05', '2017-08-21 20:16:05', 'fc0df256-f450-4369-bbca-a2f24ae3245e'),
 ('7', NULL, 'order', 'order', 'single', '1', 'order', '1', '2017-08-29 16:10:22', '2017-08-29 16:31:35', '39192198-4c2f-47ab-be92-2f785cf9a1a6'),
 ('8', NULL, 'about', 'about', 'single', '1', 'about', '1', '2017-10-03 15:43:46', '2017-10-03 15:43:46', '442eb298-cc9a-433b-b794-70474150a5e7'),
 ('9', NULL, 'globals', 'globals', 'single', '1', 'globals', '1', '2017-10-29 23:46:04', '2017-10-29 23:46:04', '029cf4dd-ec20-483b-8899-3af9a628f17f');



DROP TABLE IF EXISTS `craft_sections_i18n`;


--
-- Schema for table `craft_sections_i18n`
--
CREATE TABLE `craft_sections_i18n` (
  `id` int(11) NOT NULL AUTO_INCREMENT,
  `sectionId` int(11) NOT NULL,
  `locale` char(12) COLLATE utf8_unicode_ci NOT NULL,
  `enabledByDefault` tinyint(1) unsigned NOT NULL DEFAULT '1',
  `urlFormat` text COLLATE utf8_unicode_ci,
  `nestedUrlFormat` text COLLATE utf8_unicode_ci,
  `dateCreated` datetime NOT NULL,
  `dateUpdated` datetime NOT NULL,
  `uid` char(36) COLLATE utf8_unicode_ci NOT NULL DEFAULT '0',
  PRIMARY KEY (`id`),
  UNIQUE KEY `craft_sections_i18n_sectionId_locale_unq_idx` (`sectionId`,`locale`),
  KEY `craft_sections_i18n_locale_fk` (`locale`)
) ENGINE=InnoDB AUTO_INCREMENT=10 DEFAULT CHARSET=utf8 COLLATE=utf8_unicode_ci;

--
-- Data for table `craft_sections_i18n`
--

INSERT INTO `craft_sections_i18n` (`id`, `sectionId`, `locale`, `enabledByDefault`, `urlFormat`, `nestedUrlFormat`, `dateCreated`, `dateUpdated`, `uid`) VALUES
 ('1', '1', 'en_us', '1', '__home__', NULL, '2017-08-20 18:28:14', '2017-08-20 18:28:14', 'b33bc6f8-1aea-447b-b465-8da864047a1a'),
 ('2', '2', 'en_us', '1', 'news/{postDate.year}/{slug}', NULL, '2017-08-20 18:28:14', '2017-08-20 18:28:14', 'ad077215-487e-4d49-af35-d9dce1d02ac8'),
 ('3', '3', 'en_us', '1', NULL, NULL, '2017-08-21 19:08:10', '2017-08-21 19:08:10', 'ffa449bb-51f8-48a0-89fc-5687b613cb0c'),
 ('4', '4', 'en_us', '1', NULL, NULL, '2017-08-21 19:10:25', '2017-08-21 19:10:25', '94536d1c-b52e-47ab-b6f1-00287f2a8bfe'),
 ('5', '5', 'en_us', '1', NULL, NULL, '2017-08-21 19:28:15', '2017-08-21 19:28:15', '1d3bbf61-22ee-4b91-9c3e-e2d27bb5be78'),
 ('6', '6', 'en_us', '1', NULL, NULL, '2017-08-21 20:16:05', '2017-08-21 20:16:05', '113e13a2-11df-4ea2-8e8f-31b7069258b5'),
 ('7', '7', 'en_us', '1', 'order', NULL, '2017-08-29 16:10:22', '2017-08-29 16:31:35', 'defcbcf8-1b7f-4889-a319-dd60254b0c41'),
 ('8', '8', 'en_us', '1', 'about', NULL, '2017-10-03 15:43:46', '2017-10-03 15:43:46', 'd79215bf-e560-4dd7-b575-6e217d17b11b'),
 ('9', '9', 'en_us', '1', 'globals', NULL, '2017-10-29 23:46:04', '2017-10-29 23:46:04', '2c3325ea-83a4-47d9-8648-b479a5e9d812');



DROP TABLE IF EXISTS `craft_sessions`;


--
-- Schema for table `craft_sessions`
--
CREATE TABLE `craft_sessions` (
  `id` int(11) NOT NULL AUTO_INCREMENT,
  `userId` int(11) NOT NULL,
  `token` char(100) COLLATE utf8_unicode_ci NOT NULL,
  `dateCreated` datetime NOT NULL,
  `dateUpdated` datetime NOT NULL,
  `uid` char(36) COLLATE utf8_unicode_ci NOT NULL DEFAULT '0',
  PRIMARY KEY (`id`),
  KEY `craft_sessions_uid_idx` (`uid`),
  KEY `craft_sessions_token_idx` (`token`),
  KEY `craft_sessions_dateUpdated_idx` (`dateUpdated`),
  KEY `craft_sessions_userId_fk` (`userId`)
) ENGINE=InnoDB AUTO_INCREMENT=20 DEFAULT CHARSET=utf8 COLLATE=utf8_unicode_ci;

DROP TABLE IF EXISTS `craft_shunnedmessages`;


--
-- Schema for table `craft_shunnedmessages`
--
CREATE TABLE `craft_shunnedmessages` (
  `id` int(11) NOT NULL AUTO_INCREMENT,
  `userId` int(11) NOT NULL,
  `message` varchar(255) COLLATE utf8_unicode_ci NOT NULL,
  `expiryDate` datetime DEFAULT NULL,
  `dateCreated` datetime NOT NULL,
  `dateUpdated` datetime NOT NULL,
  `uid` char(36) COLLATE utf8_unicode_ci NOT NULL DEFAULT '0',
  PRIMARY KEY (`id`),
  UNIQUE KEY `craft_shunnedmessages_userId_message_unq_idx` (`userId`,`message`)
) ENGINE=InnoDB DEFAULT CHARSET=utf8 COLLATE=utf8_unicode_ci;

DROP TABLE IF EXISTS `craft_structureelements`;


--
-- Schema for table `craft_structureelements`
--
CREATE TABLE `craft_structureelements` (
  `id` int(11) NOT NULL AUTO_INCREMENT,
  `structureId` int(11) NOT NULL,
  `elementId` int(11) DEFAULT NULL,
  `root` int(11) unsigned DEFAULT NULL,
  `lft` int(11) unsigned NOT NULL,
  `rgt` int(11) unsigned NOT NULL,
  `level` smallint(6) unsigned NOT NULL,
  `dateCreated` datetime NOT NULL,
  `dateUpdated` datetime NOT NULL,
  `uid` char(36) COLLATE utf8_unicode_ci NOT NULL DEFAULT '0',
  PRIMARY KEY (`id`),
  UNIQUE KEY `craft_structureelements_structureId_elementId_unq_idx` (`structureId`,`elementId`),
  KEY `craft_structureelements_root_idx` (`root`),
  KEY `craft_structureelements_lft_idx` (`lft`),
  KEY `craft_structureelements_rgt_idx` (`rgt`),
  KEY `craft_structureelements_level_idx` (`level`),
  KEY `craft_structureelements_elementId_fk` (`elementId`)
) ENGINE=InnoDB AUTO_INCREMENT=10 DEFAULT CHARSET=utf8 COLLATE=utf8_unicode_ci;

--
-- Data for table `craft_structureelements`
--

INSERT INTO `craft_structureelements` (`id`, `structureId`, `elementId`, `root`, `lft`, `rgt`, `level`, `dateCreated`, `dateUpdated`, `uid`) VALUES
 ('1', '1', NULL, '1', '1', '6', '0', '2017-08-21 19:12:39', '2017-08-21 19:12:39', 'f7340e55-4dd7-4dc0-b728-c22023d391b2'),
 ('2', '1', '4', '1', '2', '3', '1', '2017-08-21 19:12:39', '2017-08-21 19:12:39', '1556c685-0532-4183-8505-c14a3c9b9972'),
 ('3', '1', '8', '1', '4', '5', '1', '2017-08-21 19:24:45', '2017-08-21 19:24:45', '53fe1fe8-fef9-4609-902f-041cef347ba6'),
 ('4', '2', NULL, '4', '1', '8', '0', '2017-08-21 19:32:16', '2017-08-21 19:32:16', '9870f5a7-86b1-418d-8489-13b567714785'),
 ('5', '2', '10', '4', '2', '3', '1', '2017-08-21 19:32:16', '2017-08-21 19:32:16', '8d659f6c-f736-497f-93f6-136bed14e927'),
 ('6', '2', '11', '4', '4', '5', '1', '2017-08-21 19:32:33', '2017-08-21 19:32:33', 'b02545ac-6e64-4502-96f8-8774db1d36aa'),
 ('7', '2', '12', '4', '6', '7', '1', '2017-08-21 19:32:48', '2017-08-21 19:32:48', '807f1422-748d-42ca-8e17-8ba2595b0130'),
 ('8', '3', NULL, '8', '1', '4', '0', '2017-08-21 20:17:19', '2017-08-21 20:17:19', 'a0a7804e-5407-44ac-a292-a94ea01e8628'),
 ('9', '3', '20', '8', '2', '3', '1', '2017-08-21 20:17:19', '2017-08-21 20:17:19', '4702762f-5398-4f10-bc2b-e55d86649cc2');



DROP TABLE IF EXISTS `craft_structures`;


--
-- Schema for table `craft_structures`
--
CREATE TABLE `craft_structures` (
  `id` int(11) NOT NULL AUTO_INCREMENT,
  `maxLevels` smallint(6) unsigned DEFAULT NULL,
  `dateCreated` datetime NOT NULL,
  `dateUpdated` datetime NOT NULL,
  `uid` char(36) COLLATE utf8_unicode_ci NOT NULL DEFAULT '0',
  PRIMARY KEY (`id`)
) ENGINE=InnoDB AUTO_INCREMENT=4 DEFAULT CHARSET=utf8 COLLATE=utf8_unicode_ci;

--
-- Data for table `craft_structures`
--

INSERT INTO `craft_structures` (`id`, `maxLevels`, `dateCreated`, `dateUpdated`, `uid`) VALUES
 ('1', '1', '2017-08-21 19:08:10', '2017-08-21 19:08:10', 'b0b33337-46a0-4431-bd47-adec722bc2f0'),
 ('2', '3', '2017-08-21 19:28:15', '2017-08-21 19:28:15', '9608a77f-f068-4c19-9a8d-14d13f4c60bd'),
 ('3', NULL, '2017-08-21 20:16:05', '2017-08-21 20:16:05', 'e15f4d4f-d6c2-43d0-89c5-2a3098969eee');



DROP TABLE IF EXISTS `craft_systemsettings`;


--
-- Schema for table `craft_systemsettings`
--
CREATE TABLE `craft_systemsettings` (
  `id` int(11) NOT NULL AUTO_INCREMENT,
  `category` varchar(15) COLLATE utf8_unicode_ci NOT NULL,
  `settings` text COLLATE utf8_unicode_ci,
  `dateCreated` datetime NOT NULL,
  `dateUpdated` datetime NOT NULL,
  `uid` char(36) COLLATE utf8_unicode_ci NOT NULL DEFAULT '0',
  PRIMARY KEY (`id`),
  UNIQUE KEY `craft_systemsettings_category_unq_idx` (`category`)
) ENGINE=InnoDB AUTO_INCREMENT=2 DEFAULT CHARSET=utf8 COLLATE=utf8_unicode_ci;

--
-- Data for table `craft_systemsettings`
--

INSERT INTO `craft_systemsettings` (`id`, `category`, `settings`, `dateCreated`, `dateUpdated`, `uid`) VALUES
 ('1', 'email', '{\"protocol\":\"php\",\"emailAddress\":\"joe.waine@gmail.com\",\"senderName\":\"mamnoon street\"}', '2017-08-20 18:28:14', '2017-08-20 18:28:14', '468e3825-f2c4-484d-b011-db8e36199743');



DROP TABLE IF EXISTS `craft_taggroups`;


--
-- Schema for table `craft_taggroups`
--
CREATE TABLE `craft_taggroups` (
  `id` int(11) NOT NULL AUTO_INCREMENT,
  `name` varchar(255) COLLATE utf8_unicode_ci NOT NULL,
  `handle` varchar(255) COLLATE utf8_unicode_ci NOT NULL,
  `fieldLayoutId` int(10) DEFAULT NULL,
  `dateCreated` datetime NOT NULL,
  `dateUpdated` datetime NOT NULL,
  `uid` char(36) COLLATE utf8_unicode_ci NOT NULL DEFAULT '0',
  PRIMARY KEY (`id`),
  UNIQUE KEY `craft_taggroups_name_unq_idx` (`name`),
  UNIQUE KEY `craft_taggroups_handle_unq_idx` (`handle`),
  KEY `craft_taggroups_fieldLayoutId_fk` (`fieldLayoutId`)
) ENGINE=InnoDB AUTO_INCREMENT=2 DEFAULT CHARSET=utf8 COLLATE=utf8_unicode_ci;

--
-- Data for table `craft_taggroups`
--

INSERT INTO `craft_taggroups` (`id`, `name`, `handle`, `fieldLayoutId`, `dateCreated`, `dateUpdated`, `uid`) VALUES
 ('1', 'Default', 'default', '1', '2017-08-20 18:28:14', '2017-08-20 18:28:14', '7242db78-e0e6-4718-a90b-3cb0fd94d239');



DROP TABLE IF EXISTS `craft_tags`;


--
-- Schema for table `craft_tags`
--
CREATE TABLE `craft_tags` (
  `id` int(11) NOT NULL,
  `groupId` int(11) NOT NULL,
  `dateCreated` datetime NOT NULL,
  `dateUpdated` datetime NOT NULL,
  `uid` char(36) COLLATE utf8_unicode_ci NOT NULL DEFAULT '0',
  PRIMARY KEY (`id`),
  KEY `craft_tags_groupId_fk` (`groupId`)
) ENGINE=InnoDB DEFAULT CHARSET=utf8 COLLATE=utf8_unicode_ci;

--
-- Data for table `craft_tags`
--

INSERT INTO `craft_tags` (`id`, `groupId`, `dateCreated`, `dateUpdated`, `uid`) VALUES
 ('7', '1', '2017-08-21 19:21:21', '2017-08-21 19:21:21', '45315c14-7bab-4387-b772-294c266e5cd8'),
 ('32', '1', '2017-08-31 05:56:24', '2017-08-31 05:56:24', '2630f860-0f47-4f30-8baa-78c04af44058');



DROP TABLE IF EXISTS `craft_tasks`;


--
-- Schema for table `craft_tasks`
--
CREATE TABLE `craft_tasks` (
  `id` int(11) NOT NULL AUTO_INCREMENT,
  `root` int(11) unsigned DEFAULT NULL,
  `lft` int(11) unsigned NOT NULL,
  `rgt` int(11) unsigned NOT NULL,
  `level` smallint(6) unsigned NOT NULL,
  `currentStep` int(11) unsigned DEFAULT NULL,
  `totalSteps` int(11) unsigned DEFAULT NULL,
  `status` enum('pending','error','running') COLLATE utf8_unicode_ci DEFAULT NULL,
  `type` varchar(150) COLLATE utf8_unicode_ci NOT NULL,
  `description` varchar(255) COLLATE utf8_unicode_ci DEFAULT NULL,
  `settings` mediumtext COLLATE utf8_unicode_ci,
  `dateCreated` datetime NOT NULL,
  `dateUpdated` datetime NOT NULL,
  `uid` char(36) COLLATE utf8_unicode_ci NOT NULL DEFAULT '0',
  PRIMARY KEY (`id`),
  KEY `craft_tasks_root_idx` (`root`),
  KEY `craft_tasks_lft_idx` (`lft`),
  KEY `craft_tasks_rgt_idx` (`rgt`),
  KEY `craft_tasks_level_idx` (`level`)
) ENGINE=InnoDB AUTO_INCREMENT=11 DEFAULT CHARSET=utf8 COLLATE=utf8_unicode_ci;

DROP TABLE IF EXISTS `craft_templatecachecriteria`;


--
-- Schema for table `craft_templatecachecriteria`
--
CREATE TABLE `craft_templatecachecriteria` (
  `id` int(11) NOT NULL AUTO_INCREMENT,
  `cacheId` int(11) NOT NULL,
  `type` varchar(150) COLLATE utf8_unicode_ci NOT NULL,
  `criteria` text COLLATE utf8_unicode_ci NOT NULL,
  PRIMARY KEY (`id`),
  KEY `craft_templatecachecriteria_cacheId_fk` (`cacheId`),
  KEY `craft_templatecachecriteria_type_idx` (`type`)
) ENGINE=InnoDB DEFAULT CHARSET=utf8 COLLATE=utf8_unicode_ci;

DROP TABLE IF EXISTS `craft_templatecacheelements`;


--
-- Schema for table `craft_templatecacheelements`
--
CREATE TABLE `craft_templatecacheelements` (
  `cacheId` int(11) NOT NULL,
  `elementId` int(11) NOT NULL,
  KEY `craft_templatecacheelements_cacheId_fk` (`cacheId`),
  KEY `craft_templatecacheelements_elementId_fk` (`elementId`)
) ENGINE=InnoDB DEFAULT CHARSET=utf8 COLLATE=utf8_unicode_ci;

DROP TABLE IF EXISTS `craft_templatecaches`;


--
-- Schema for table `craft_templatecaches`
--
CREATE TABLE `craft_templatecaches` (
  `id` int(11) NOT NULL AUTO_INCREMENT,
  `cacheKey` varchar(255) COLLATE utf8_unicode_ci NOT NULL,
  `locale` char(12) COLLATE utf8_unicode_ci NOT NULL,
  `path` varchar(255) COLLATE utf8_unicode_ci DEFAULT NULL,
  `expiryDate` datetime NOT NULL,
  `body` mediumtext COLLATE utf8_unicode_ci NOT NULL,
  PRIMARY KEY (`id`),
  KEY `craft_templatecaches_expiryDate_cacheKey_locale_path_idx` (`expiryDate`,`cacheKey`,`locale`,`path`),
  KEY `craft_templatecaches_locale_fk` (`locale`)
) ENGINE=InnoDB DEFAULT CHARSET=utf8 COLLATE=utf8_unicode_ci;

DROP TABLE IF EXISTS `craft_tokens`;


--
-- Schema for table `craft_tokens`
--
CREATE TABLE `craft_tokens` (
  `id` int(11) NOT NULL AUTO_INCREMENT,
  `token` char(32) COLLATE utf8_unicode_ci NOT NULL,
  `route` text COLLATE utf8_unicode_ci,
  `usageLimit` tinyint(3) unsigned DEFAULT NULL,
  `usageCount` tinyint(3) unsigned DEFAULT NULL,
  `expiryDate` datetime NOT NULL,
  `dateCreated` datetime NOT NULL,
  `dateUpdated` datetime NOT NULL,
  `uid` char(36) COLLATE utf8_unicode_ci NOT NULL DEFAULT '0',
  PRIMARY KEY (`id`),
  UNIQUE KEY `craft_tokens_token_unq_idx` (`token`),
  KEY `craft_tokens_expiryDate_idx` (`expiryDate`)
) ENGINE=InnoDB DEFAULT CHARSET=utf8 COLLATE=utf8_unicode_ci;

DROP TABLE IF EXISTS `craft_usergroups`;


--
-- Schema for table `craft_usergroups`
--
CREATE TABLE `craft_usergroups` (
  `id` int(11) NOT NULL AUTO_INCREMENT,
  `name` varchar(255) COLLATE utf8_unicode_ci NOT NULL,
  `handle` varchar(255) COLLATE utf8_unicode_ci NOT NULL,
  `dateCreated` datetime NOT NULL,
  `dateUpdated` datetime NOT NULL,
  `uid` char(36) COLLATE utf8_unicode_ci NOT NULL DEFAULT '0',
  PRIMARY KEY (`id`),
  UNIQUE KEY `craft_usergroups_name_unq_idx` (`name`),
  UNIQUE KEY `craft_usergroups_handle_unq_idx` (`handle`)
) ENGINE=InnoDB DEFAULT CHARSET=utf8 COLLATE=utf8_unicode_ci;

DROP TABLE IF EXISTS `craft_usergroups_users`;


--
-- Schema for table `craft_usergroups_users`
--
CREATE TABLE `craft_usergroups_users` (
  `id` int(11) NOT NULL AUTO_INCREMENT,
  `groupId` int(11) NOT NULL,
  `userId` int(11) NOT NULL,
  `dateCreated` datetime NOT NULL,
  `dateUpdated` datetime NOT NULL,
  `uid` char(36) COLLATE utf8_unicode_ci NOT NULL DEFAULT '0',
  PRIMARY KEY (`id`),
  UNIQUE KEY `craft_usergroups_users_groupId_userId_unq_idx` (`groupId`,`userId`),
  KEY `craft_usergroups_users_userId_fk` (`userId`)
) ENGINE=InnoDB DEFAULT CHARSET=utf8 COLLATE=utf8_unicode_ci;

DROP TABLE IF EXISTS `craft_userpermissions`;


--
-- Schema for table `craft_userpermissions`
--
CREATE TABLE `craft_userpermissions` (
  `id` int(11) NOT NULL AUTO_INCREMENT,
  `name` varchar(255) COLLATE utf8_unicode_ci NOT NULL,
  `dateCreated` datetime NOT NULL,
  `dateUpdated` datetime NOT NULL,
  `uid` char(36) COLLATE utf8_unicode_ci NOT NULL DEFAULT '0',
  PRIMARY KEY (`id`),
  UNIQUE KEY `craft_userpermissions_name_unq_idx` (`name`)
) ENGINE=InnoDB DEFAULT CHARSET=utf8 COLLATE=utf8_unicode_ci;

DROP TABLE IF EXISTS `craft_userpermissions_usergroups`;


--
-- Schema for table `craft_userpermissions_usergroups`
--
CREATE TABLE `craft_userpermissions_usergroups` (
  `id` int(11) NOT NULL AUTO_INCREMENT,
  `permissionId` int(11) NOT NULL,
  `groupId` int(11) NOT NULL,
  `dateCreated` datetime NOT NULL,
  `dateUpdated` datetime NOT NULL,
  `uid` char(36) COLLATE utf8_unicode_ci NOT NULL DEFAULT '0',
  PRIMARY KEY (`id`),
  UNIQUE KEY `craft_userpermissions_usergroups_permissionId_groupId_unq_idx` (`permissionId`,`groupId`),
  KEY `craft_userpermissions_usergroups_groupId_fk` (`groupId`)
) ENGINE=InnoDB DEFAULT CHARSET=utf8 COLLATE=utf8_unicode_ci;

DROP TABLE IF EXISTS `craft_userpermissions_users`;


--
-- Schema for table `craft_userpermissions_users`
--
CREATE TABLE `craft_userpermissions_users` (
  `id` int(11) NOT NULL AUTO_INCREMENT,
  `permissionId` int(11) NOT NULL,
  `userId` int(11) NOT NULL,
  `dateCreated` datetime NOT NULL,
  `dateUpdated` datetime NOT NULL,
  `uid` char(36) COLLATE utf8_unicode_ci NOT NULL DEFAULT '0',
  PRIMARY KEY (`id`),
  UNIQUE KEY `craft_userpermissions_users_permissionId_userId_unq_idx` (`permissionId`,`userId`),
  KEY `craft_userpermissions_users_userId_fk` (`userId`)
) ENGINE=InnoDB DEFAULT CHARSET=utf8 COLLATE=utf8_unicode_ci;

DROP TABLE IF EXISTS `craft_users`;


--
-- Schema for table `craft_users`
--
CREATE TABLE `craft_users` (
  `id` int(11) NOT NULL,
  `username` varchar(100) COLLATE utf8_unicode_ci NOT NULL,
  `photo` varchar(100) COLLATE utf8_unicode_ci DEFAULT NULL,
  `firstName` varchar(100) COLLATE utf8_unicode_ci DEFAULT NULL,
  `lastName` varchar(100) COLLATE utf8_unicode_ci DEFAULT NULL,
  `email` varchar(255) COLLATE utf8_unicode_ci NOT NULL,
  `password` char(255) COLLATE utf8_unicode_ci DEFAULT NULL,
  `preferredLocale` char(12) COLLATE utf8_unicode_ci DEFAULT NULL,
  `weekStartDay` tinyint(1) unsigned NOT NULL DEFAULT '0',
  `admin` tinyint(1) unsigned NOT NULL DEFAULT '0',
  `client` tinyint(1) unsigned NOT NULL DEFAULT '0',
  `locked` tinyint(1) unsigned NOT NULL DEFAULT '0',
  `suspended` tinyint(1) unsigned NOT NULL DEFAULT '0',
  `pending` tinyint(1) unsigned NOT NULL DEFAULT '0',
  `archived` tinyint(1) unsigned NOT NULL DEFAULT '0',
  `lastLoginDate` datetime DEFAULT NULL,
  `lastLoginAttemptIPAddress` varchar(45) COLLATE utf8_unicode_ci DEFAULT NULL,
  `invalidLoginWindowStart` datetime DEFAULT NULL,
  `invalidLoginCount` tinyint(4) unsigned DEFAULT NULL,
  `lastInvalidLoginDate` datetime DEFAULT NULL,
  `lockoutDate` datetime DEFAULT NULL,
  `verificationCode` char(100) COLLATE utf8_unicode_ci DEFAULT NULL,
  `verificationCodeIssuedDate` datetime DEFAULT NULL,
  `unverifiedEmail` varchar(255) COLLATE utf8_unicode_ci DEFAULT NULL,
  `passwordResetRequired` tinyint(1) unsigned NOT NULL DEFAULT '0',
  `lastPasswordChangeDate` datetime DEFAULT NULL,
  `dateCreated` datetime NOT NULL,
  `dateUpdated` datetime NOT NULL,
  `uid` char(36) COLLATE utf8_unicode_ci NOT NULL DEFAULT '0',
  PRIMARY KEY (`id`),
  UNIQUE KEY `craft_users_username_unq_idx` (`username`),
  UNIQUE KEY `craft_users_email_unq_idx` (`email`),
  KEY `craft_users_verificationCode_idx` (`verificationCode`),
  KEY `craft_users_uid_idx` (`uid`),
  KEY `craft_users_preferredLocale_fk` (`preferredLocale`)
) ENGINE=InnoDB DEFAULT CHARSET=utf8 COLLATE=utf8_unicode_ci;

--
-- Data for table `craft_users`
--

INSERT INTO `craft_users` (`id`, `username`, `photo`, `firstName`, `lastName`, `email`, `password`, `preferredLocale`, `weekStartDay`, `admin`, `client`, `locked`, `suspended`, `pending`, `archived`, `lastLoginDate`, `lastLoginAttemptIPAddress`, `invalidLoginWindowStart`, `invalidLoginCount`, `lastInvalidLoginDate`, `lockoutDate`, `verificationCode`, `verificationCodeIssuedDate`, `unverifiedEmail`, `passwordResetRequired`, `lastPasswordChangeDate`, `dateCreated`, `dateUpdated`, `uid`) VALUES
 ('1', 'mamnoon_street', NULL, NULL, NULL, 'joe.waine@gmail.com', '$2y$13$JlI6kXWPzej/KU3kGYx7Je.IHe0lu.BrQ4zKeYUyLdOoNTkHhInOO', NULL, '0', '1', '0', '0', '0', '0', '0', '2017-10-30 01:34:19', '24.56.247.152', NULL, NULL, NULL, NULL, NULL, NULL, NULL, '0', '2017-08-20 18:28:10', '2017-08-20 18:28:10', '2017-10-30 01:34:19', 'b8ae87da-54fa-44a7-becc-09d5d9d6725a');



DROP TABLE IF EXISTS `craft_widgets`;


--
-- Schema for table `craft_widgets`
--
CREATE TABLE `craft_widgets` (
  `id` int(11) NOT NULL AUTO_INCREMENT,
  `userId` int(11) NOT NULL,
  `type` varchar(150) COLLATE utf8_unicode_ci NOT NULL,
  `sortOrder` smallint(6) unsigned DEFAULT NULL,
  `colspan` tinyint(4) unsigned DEFAULT NULL,
  `settings` text COLLATE utf8_unicode_ci,
  `enabled` tinyint(1) unsigned NOT NULL DEFAULT '1',
  `dateCreated` datetime NOT NULL,
  `dateUpdated` datetime NOT NULL,
  `uid` char(36) COLLATE utf8_unicode_ci NOT NULL DEFAULT '0',
  PRIMARY KEY (`id`),
  KEY `craft_widgets_userId_fk` (`userId`)
) ENGINE=InnoDB AUTO_INCREMENT=5 DEFAULT CHARSET=utf8 COLLATE=utf8_unicode_ci;

--
-- Data for table `craft_widgets`
--

INSERT INTO `craft_widgets` (`id`, `userId`, `type`, `sortOrder`, `colspan`, `settings`, `enabled`, `dateCreated`, `dateUpdated`, `uid`) VALUES
 ('1', '1', 'RecentEntries', '1', NULL, NULL, '1', '2017-08-20 18:28:16', '2017-08-20 18:28:16', '61f3dce6-3888-47ff-84fd-8594520f3f20'),
 ('2', '1', 'GetHelp', '2', NULL, NULL, '1', '2017-08-20 18:28:16', '2017-08-20 18:28:16', 'ccc1bb2a-5ef9-4885-9e01-fc72a3b7e2e0'),
 ('3', '1', 'Updates', '3', NULL, NULL, '1', '2017-08-20 18:28:16', '2017-08-20 18:28:16', '39f03a22-a5c8-43eb-a9d3-2497d09c05f6'),
 ('4', '1', 'Feed', '4', NULL, '{\"url\":\"https:\\/\\/craftcms.com\\/news.rss\",\"title\":\"Craft News\"}', '1', '2017-08-20 18:28:16', '2017-08-20 18:28:16', '9379040c-ad35-47c6-8c0e-1f478b7c7338');


--
-- Constraints for tables
--


--
-- Constraints for table `craft_assetfiles`
--
ALTER TABLE `craft_assetfiles`
	ADD CONSTRAINT `craft_assetfiles_folderId_fk` FOREIGN KEY (`folderId`) REFERENCES `craft_assetfolders` (`id`) ON DELETE CASCADE,
	ADD CONSTRAINT `craft_assetfiles_id_fk` FOREIGN KEY (`id`) REFERENCES `craft_elements` (`id`) ON DELETE CASCADE,
	ADD CONSTRAINT `craft_assetfiles_sourceId_fk` FOREIGN KEY (`sourceId`) REFERENCES `craft_assetsources` (`id`) ON DELETE CASCADE;

--
-- Constraints for table `craft_assetfolders`
--
ALTER TABLE `craft_assetfolders`
	ADD CONSTRAINT `craft_assetfolders_parentId_fk` FOREIGN KEY (`parentId`) REFERENCES `craft_assetfolders` (`id`) ON DELETE CASCADE,
	ADD CONSTRAINT `craft_assetfolders_sourceId_fk` FOREIGN KEY (`sourceId`) REFERENCES `craft_assetsources` (`id`) ON DELETE CASCADE;

--
-- Constraints for table `craft_assetindexdata`
--
ALTER TABLE `craft_assetindexdata`
	ADD CONSTRAINT `craft_assetindexdata_sourceId_fk` FOREIGN KEY (`sourceId`) REFERENCES `craft_assetsources` (`id`) ON DELETE CASCADE;

--
-- Constraints for table `craft_assetsources`
--
ALTER TABLE `craft_assetsources`
	ADD CONSTRAINT `craft_assetsources_fieldLayoutId_fk` FOREIGN KEY (`fieldLayoutId`) REFERENCES `craft_fieldlayouts` (`id`) ON DELETE SET NULL;

--
-- Constraints for table `craft_categories`
--
ALTER TABLE `craft_categories`
	ADD CONSTRAINT `craft_categories_groupId_fk` FOREIGN KEY (`groupId`) REFERENCES `craft_categorygroups` (`id`) ON DELETE CASCADE,
	ADD CONSTRAINT `craft_categories_id_fk` FOREIGN KEY (`id`) REFERENCES `craft_elements` (`id`) ON DELETE CASCADE;

--
-- Constraints for table `craft_categorygroups`
--
ALTER TABLE `craft_categorygroups`
	ADD CONSTRAINT `craft_categorygroups_fieldLayoutId_fk` FOREIGN KEY (`fieldLayoutId`) REFERENCES `craft_fieldlayouts` (`id`) ON DELETE SET NULL,
	ADD CONSTRAINT `craft_categorygroups_structureId_fk` FOREIGN KEY (`structureId`) REFERENCES `craft_structures` (`id`) ON DELETE CASCADE;

--
-- Constraints for table `craft_categorygroups_i18n`
--
ALTER TABLE `craft_categorygroups_i18n`
	ADD CONSTRAINT `craft_categorygroups_i18n_groupId_fk` FOREIGN KEY (`groupId`) REFERENCES `craft_categorygroups` (`id`) ON DELETE CASCADE,
	ADD CONSTRAINT `craft_categorygroups_i18n_locale_fk` FOREIGN KEY (`locale`) REFERENCES `craft_locales` (`locale`) ON DELETE CASCADE ON UPDATE CASCADE;

--
-- Constraints for table `craft_commerce_addresses`
--
ALTER TABLE `craft_commerce_addresses`
	ADD CONSTRAINT `craft_commerce_addresses_countryId_fk` FOREIGN KEY (`countryId`) REFERENCES `craft_commerce_countries` (`id`) ON DELETE SET NULL,
	ADD CONSTRAINT `craft_commerce_addresses_stateId_fk` FOREIGN KEY (`stateId`) REFERENCES `craft_commerce_states` (`id`) ON DELETE SET NULL;

--
-- Constraints for table `craft_commerce_customer_discountuses`
--
ALTER TABLE `craft_commerce_customer_discountuses`
	ADD CONSTRAINT `craft_commerce_customer_discountuses_customerId_fk` FOREIGN KEY (`customerId`) REFERENCES `craft_commerce_customers` (`id`) ON DELETE CASCADE ON UPDATE CASCADE,
	ADD CONSTRAINT `craft_commerce_customer_discountuses_discountId_fk` FOREIGN KEY (`discountId`) REFERENCES `craft_commerce_discounts` (`id`) ON DELETE CASCADE ON UPDATE CASCADE;

--
-- Constraints for table `craft_commerce_customers`
--
ALTER TABLE `craft_commerce_customers`
	ADD CONSTRAINT `craft_commerce_customers_userId_fk` FOREIGN KEY (`userId`) REFERENCES `craft_users` (`id`) ON DELETE SET NULL;

--
-- Constraints for table `craft_commerce_customers_addresses`
--
ALTER TABLE `craft_commerce_customers_addresses`
	ADD CONSTRAINT `craft_commerce_customers_addresses_addressId_fk` FOREIGN KEY (`addressId`) REFERENCES `craft_commerce_addresses` (`id`) ON DELETE CASCADE ON UPDATE CASCADE,
	ADD CONSTRAINT `craft_commerce_customers_addresses_customerId_fk` FOREIGN KEY (`customerId`) REFERENCES `craft_commerce_customers` (`id`) ON DELETE CASCADE ON UPDATE CASCADE;

--
-- Constraints for table `craft_commerce_discount_products`
--
ALTER TABLE `craft_commerce_discount_products`
	ADD CONSTRAINT `craft_commerce_discount_products_discountId_fk` FOREIGN KEY (`discountId`) REFERENCES `craft_commerce_discounts` (`id`) ON DELETE CASCADE ON UPDATE CASCADE,
	ADD CONSTRAINT `craft_commerce_discount_products_productId_fk` FOREIGN KEY (`productId`) REFERENCES `craft_commerce_products` (`id`) ON DELETE CASCADE ON UPDATE CASCADE;

--
-- Constraints for table `craft_commerce_discount_producttypes`
--
ALTER TABLE `craft_commerce_discount_producttypes`
	ADD CONSTRAINT `craft_commerce_discount_producttypes_discountId_fk` FOREIGN KEY (`discountId`) REFERENCES `craft_commerce_discounts` (`id`) ON DELETE CASCADE ON UPDATE CASCADE,
	ADD CONSTRAINT `craft_commerce_discount_producttypes_productTypeId_fk` FOREIGN KEY (`productTypeId`) REFERENCES `craft_commerce_producttypes` (`id`) ON DELETE CASCADE ON UPDATE CASCADE;

--
-- Constraints for table `craft_commerce_discount_usergroups`
--
ALTER TABLE `craft_commerce_discount_usergroups`
	ADD CONSTRAINT `craft_commerce_discount_usergroups_discountId_fk` FOREIGN KEY (`discountId`) REFERENCES `craft_commerce_discounts` (`id`) ON DELETE CASCADE ON UPDATE CASCADE,
	ADD CONSTRAINT `craft_commerce_discount_usergroups_userGroupId_fk` FOREIGN KEY (`userGroupId`) REFERENCES `craft_usergroups` (`id`) ON DELETE CASCADE ON UPDATE CASCADE;

--
-- Constraints for table `craft_commerce_lineitems`
--
ALTER TABLE `craft_commerce_lineitems`
	ADD CONSTRAINT `craft_commerce_lineitems_orderId_fk` FOREIGN KEY (`orderId`) REFERENCES `craft_commerce_orders` (`id`) ON DELETE CASCADE,
	ADD CONSTRAINT `craft_commerce_lineitems_purchasableId_fk` FOREIGN KEY (`purchasableId`) REFERENCES `craft_elements` (`id`) ON DELETE SET NULL ON UPDATE CASCADE,
	ADD CONSTRAINT `craft_commerce_lineitems_shippingCategoryId_fk` FOREIGN KEY (`shippingCategoryId`) REFERENCES `craft_commerce_shippingcategories` (`id`) ON UPDATE CASCADE,
	ADD CONSTRAINT `craft_commerce_lineitems_taxCategoryId_fk` FOREIGN KEY (`taxCategoryId`) REFERENCES `craft_commerce_taxcategories` (`id`) ON UPDATE CASCADE;

--
-- Constraints for table `craft_commerce_orderadjustments`
--
ALTER TABLE `craft_commerce_orderadjustments`
	ADD CONSTRAINT `craft_commerce_orderadjustments_orderId_fk` FOREIGN KEY (`orderId`) REFERENCES `craft_commerce_orders` (`id`) ON DELETE CASCADE;

--
-- Constraints for table `craft_commerce_orderhistories`
--
ALTER TABLE `craft_commerce_orderhistories`
	ADD CONSTRAINT `craft_commerce_orderhistories_customerId_fk` FOREIGN KEY (`customerId`) REFERENCES `craft_commerce_customers` (`id`) ON DELETE CASCADE ON UPDATE CASCADE,
	ADD CONSTRAINT `craft_commerce_orderhistories_newStatusId_fk` FOREIGN KEY (`newStatusId`) REFERENCES `craft_commerce_orderstatuses` (`id`) ON UPDATE CASCADE,
	ADD CONSTRAINT `craft_commerce_orderhistories_orderId_fk` FOREIGN KEY (`orderId`) REFERENCES `craft_commerce_orders` (`id`) ON DELETE CASCADE ON UPDATE CASCADE,
	ADD CONSTRAINT `craft_commerce_orderhistories_prevStatusId_fk` FOREIGN KEY (`prevStatusId`) REFERENCES `craft_commerce_orderstatuses` (`id`) ON UPDATE CASCADE;

--
-- Constraints for table `craft_commerce_orders`
--
ALTER TABLE `craft_commerce_orders`
	ADD CONSTRAINT `craft_commerce_orders_billingAddressId_fk` FOREIGN KEY (`billingAddressId`) REFERENCES `craft_commerce_addresses` (`id`) ON DELETE SET NULL,
	ADD CONSTRAINT `craft_commerce_orders_customerId_fk` FOREIGN KEY (`customerId`) REFERENCES `craft_commerce_customers` (`id`) ON DELETE SET NULL,
	ADD CONSTRAINT `craft_commerce_orders_id_fk` FOREIGN KEY (`id`) REFERENCES `craft_elements` (`id`) ON DELETE CASCADE,
	ADD CONSTRAINT `craft_commerce_orders_orderStatusId_fk` FOREIGN KEY (`orderStatusId`) REFERENCES `craft_commerce_orderstatuses` (`id`) ON UPDATE CASCADE,
	ADD CONSTRAINT `craft_commerce_orders_paymentMethodId_fk` FOREIGN KEY (`paymentMethodId`) REFERENCES `craft_commerce_paymentmethods` (`id`) ON DELETE SET NULL,
	ADD CONSTRAINT `craft_commerce_orders_shippingAddressId_fk` FOREIGN KEY (`shippingAddressId`) REFERENCES `craft_commerce_addresses` (`id`) ON DELETE SET NULL;

--
-- Constraints for table `craft_commerce_ordersettings`
--
ALTER TABLE `craft_commerce_ordersettings`
	ADD CONSTRAINT `craft_commerce_ordersettings_fieldLayoutId_fk` FOREIGN KEY (`fieldLayoutId`) REFERENCES `craft_fieldlayouts` (`id`) ON DELETE SET NULL;

--
-- Constraints for table `craft_commerce_orderstatus_emails`
--
ALTER TABLE `craft_commerce_orderstatus_emails`
	ADD CONSTRAINT `craft_commerce_orderstatus_emails_emailId_fk` FOREIGN KEY (`emailId`) REFERENCES `craft_commerce_emails` (`id`) ON DELETE CASCADE ON UPDATE CASCADE,
	ADD CONSTRAINT `craft_commerce_orderstatus_emails_orderStatusId_fk` FOREIGN KEY (`orderStatusId`) REFERENCES `craft_commerce_orderstatuses` (`id`) ON DELETE CASCADE ON UPDATE CASCADE;

--
-- Constraints for table `craft_commerce_products`
--
ALTER TABLE `craft_commerce_products`
	ADD CONSTRAINT `craft_commerce_products_id_fk` FOREIGN KEY (`id`) REFERENCES `craft_elements` (`id`) ON DELETE CASCADE,
	ADD CONSTRAINT `craft_commerce_products_shippingCategoryId_fk` FOREIGN KEY (`shippingCategoryId`) REFERENCES `craft_commerce_shippingcategories` (`id`),
	ADD CONSTRAINT `craft_commerce_products_taxCategoryId_fk` FOREIGN KEY (`taxCategoryId`) REFERENCES `craft_commerce_taxcategories` (`id`),
	ADD CONSTRAINT `craft_commerce_products_typeId_fk` FOREIGN KEY (`typeId`) REFERENCES `craft_commerce_producttypes` (`id`) ON DELETE CASCADE;

--
-- Constraints for table `craft_commerce_producttypes`
--
ALTER TABLE `craft_commerce_producttypes`
	ADD CONSTRAINT `craft_commerce_producttypes_fieldLayoutId_fk` FOREIGN KEY (`fieldLayoutId`) REFERENCES `craft_fieldlayouts` (`id`) ON DELETE SET NULL,
	ADD CONSTRAINT `craft_commerce_producttypes_variantFieldLayoutId_fk` FOREIGN KEY (`variantFieldLayoutId`) REFERENCES `craft_fieldlayouts` (`id`) ON DELETE SET NULL;

--
-- Constraints for table `craft_commerce_producttypes_i18n`
--
ALTER TABLE `craft_commerce_producttypes_i18n`
	ADD CONSTRAINT `craft_commerce_producttypes_i18n_locale_fk` FOREIGN KEY (`locale`) REFERENCES `craft_locales` (`locale`) ON DELETE CASCADE ON UPDATE CASCADE,
	ADD CONSTRAINT `craft_commerce_producttypes_i18n_productTypeId_fk` FOREIGN KEY (`productTypeId`) REFERENCES `craft_commerce_producttypes` (`id`) ON DELETE CASCADE;

--
-- Constraints for table `craft_commerce_producttypes_shippingcategories`
--
ALTER TABLE `craft_commerce_producttypes_shippingcategories`
	ADD CONSTRAINT `craft_commerc_producttype_shippingcategorie_shippingCategoryI_fk` FOREIGN KEY (`shippingCategoryId`) REFERENCES `craft_commerce_shippingcategories` (`id`) ON DELETE CASCADE ON UPDATE CASCADE,
	ADD CONSTRAINT `craft_commerce_producttypes_shippingcategories_productTypeId_fk` FOREIGN KEY (`productTypeId`) REFERENCES `craft_commerce_producttypes` (`id`) ON DELETE CASCADE ON UPDATE CASCADE;

--
-- Constraints for table `craft_commerce_producttypes_taxcategories`
--
ALTER TABLE `craft_commerce_producttypes_taxcategories`
	ADD CONSTRAINT `craft_commerce_producttypes_taxcategories_productTypeId_fk` FOREIGN KEY (`productTypeId`) REFERENCES `craft_commerce_producttypes` (`id`) ON DELETE CASCADE,
	ADD CONSTRAINT `craft_commerce_producttypes_taxcategories_taxCategoryId_fk` FOREIGN KEY (`taxCategoryId`) REFERENCES `craft_commerce_taxcategories` (`id`) ON DELETE CASCADE;

--
-- Constraints for table `craft_commerce_purchasables`
--
ALTER TABLE `craft_commerce_purchasables`
	ADD CONSTRAINT `craft_commerce_purchasables_id_fk` FOREIGN KEY (`id`) REFERENCES `craft_elements` (`id`) ON DELETE CASCADE;

--
-- Constraints for table `craft_commerce_sale_products`
--
ALTER TABLE `craft_commerce_sale_products`
	ADD CONSTRAINT `craft_commerce_sale_products_productId_fk` FOREIGN KEY (`productId`) REFERENCES `craft_commerce_products` (`id`) ON DELETE CASCADE ON UPDATE CASCADE,
	ADD CONSTRAINT `craft_commerce_sale_products_saleId_fk` FOREIGN KEY (`saleId`) REFERENCES `craft_commerce_sales` (`id`) ON DELETE CASCADE ON UPDATE CASCADE;

--
-- Constraints for table `craft_commerce_sale_producttypes`
--
ALTER TABLE `craft_commerce_sale_producttypes`
	ADD CONSTRAINT `craft_commerce_sale_producttypes_productTypeId_fk` FOREIGN KEY (`productTypeId`) REFERENCES `craft_commerce_producttypes` (`id`) ON DELETE CASCADE ON UPDATE CASCADE,
	ADD CONSTRAINT `craft_commerce_sale_producttypes_saleId_fk` FOREIGN KEY (`saleId`) REFERENCES `craft_commerce_sales` (`id`) ON DELETE CASCADE ON UPDATE CASCADE;

--
-- Constraints for table `craft_commerce_sale_usergroups`
--
ALTER TABLE `craft_commerce_sale_usergroups`
	ADD CONSTRAINT `craft_commerce_sale_usergroups_saleId_fk` FOREIGN KEY (`saleId`) REFERENCES `craft_commerce_sales` (`id`) ON DELETE CASCADE ON UPDATE CASCADE,
	ADD CONSTRAINT `craft_commerce_sale_usergroups_userGroupId_fk` FOREIGN KEY (`userGroupId`) REFERENCES `craft_usergroups` (`id`) ON DELETE CASCADE ON UPDATE CASCADE;

--
-- Constraints for table `craft_commerce_shippingrule_categories`
--
ALTER TABLE `craft_commerce_shippingrule_categories`
	ADD CONSTRAINT `craft_commerce_shippingrule_categories_shippingCategoryId_fk` FOREIGN KEY (`shippingCategoryId`) REFERENCES `craft_commerce_shippingcategories` (`id`) ON DELETE CASCADE,
	ADD CONSTRAINT `craft_commerce_shippingrule_categories_shippingRuleId_fk` FOREIGN KEY (`shippingRuleId`) REFERENCES `craft_commerce_shippingrules` (`id`) ON DELETE CASCADE;

--
-- Constraints for table `craft_commerce_shippingrules`
--
ALTER TABLE `craft_commerce_shippingrules`
	ADD CONSTRAINT `craft_commerce_shippingrules_methodId_fk` FOREIGN KEY (`methodId`) REFERENCES `craft_commerce_shippingmethods` (`id`),
	ADD CONSTRAINT `craft_commerce_shippingrules_shippingZoneId_fk` FOREIGN KEY (`shippingZoneId`) REFERENCES `craft_commerce_shippingzones` (`id`) ON DELETE SET NULL;

--
-- Constraints for table `craft_commerce_shippingzone_countries`
--
ALTER TABLE `craft_commerce_shippingzone_countries`
	ADD CONSTRAINT `craft_commerce_shippingzone_countries_countryId_fk` FOREIGN KEY (`countryId`) REFERENCES `craft_commerce_countries` (`id`) ON DELETE CASCADE ON UPDATE CASCADE,
	ADD CONSTRAINT `craft_commerce_shippingzone_countries_shippingZoneId_fk` FOREIGN KEY (`shippingZoneId`) REFERENCES `craft_commerce_shippingzones` (`id`) ON DELETE CASCADE ON UPDATE CASCADE;

--
-- Constraints for table `craft_commerce_shippingzone_states`
--
ALTER TABLE `craft_commerce_shippingzone_states`
	ADD CONSTRAINT `craft_commerce_shippingzone_states_shippingZoneId_fk` FOREIGN KEY (`shippingZoneId`) REFERENCES `craft_commerce_shippingzones` (`id`) ON DELETE CASCADE ON UPDATE CASCADE,
	ADD CONSTRAINT `craft_commerce_shippingzone_states_stateId_fk` FOREIGN KEY (`stateId`) REFERENCES `craft_commerce_states` (`id`) ON DELETE CASCADE ON UPDATE CASCADE;

--
-- Constraints for table `craft_commerce_states`
--
ALTER TABLE `craft_commerce_states`
	ADD CONSTRAINT `craft_commerce_states_countryId_fk` FOREIGN KEY (`countryId`) REFERENCES `craft_commerce_countries` (`id`) ON DELETE CASCADE ON UPDATE CASCADE;

--
-- Constraints for table `craft_commerce_taxrates`
--
ALTER TABLE `craft_commerce_taxrates`
	ADD CONSTRAINT `craft_commerce_taxrates_taxCategoryId_fk` FOREIGN KEY (`taxCategoryId`) REFERENCES `craft_commerce_taxcategories` (`id`) ON UPDATE CASCADE,
	ADD CONSTRAINT `craft_commerce_taxrates_taxZoneId_fk` FOREIGN KEY (`taxZoneId`) REFERENCES `craft_commerce_taxzones` (`id`) ON UPDATE CASCADE;

--
-- Constraints for table `craft_commerce_taxzone_countries`
--
ALTER TABLE `craft_commerce_taxzone_countries`
	ADD CONSTRAINT `craft_commerce_taxzone_countries_countryId_fk` FOREIGN KEY (`countryId`) REFERENCES `craft_commerce_countries` (`id`) ON DELETE CASCADE ON UPDATE CASCADE,
	ADD CONSTRAINT `craft_commerce_taxzone_countries_taxZoneId_fk` FOREIGN KEY (`taxZoneId`) REFERENCES `craft_commerce_taxzones` (`id`) ON DELETE CASCADE ON UPDATE CASCADE;

--
-- Constraints for table `craft_commerce_taxzone_states`
--
ALTER TABLE `craft_commerce_taxzone_states`
	ADD CONSTRAINT `craft_commerce_taxzone_states_stateId_fk` FOREIGN KEY (`stateId`) REFERENCES `craft_commerce_states` (`id`) ON DELETE CASCADE ON UPDATE CASCADE,
	ADD CONSTRAINT `craft_commerce_taxzone_states_taxZoneId_fk` FOREIGN KEY (`taxZoneId`) REFERENCES `craft_commerce_taxzones` (`id`) ON DELETE CASCADE ON UPDATE CASCADE;

--
-- Constraints for table `craft_commerce_transactions`
--
ALTER TABLE `craft_commerce_transactions`
	ADD CONSTRAINT `craft_commerce_transactions_orderId_fk` FOREIGN KEY (`orderId`) REFERENCES `craft_commerce_orders` (`id`) ON DELETE CASCADE,
	ADD CONSTRAINT `craft_commerce_transactions_parentId_fk` FOREIGN KEY (`parentId`) REFERENCES `craft_commerce_transactions` (`id`) ON DELETE CASCADE ON UPDATE CASCADE,
	ADD CONSTRAINT `craft_commerce_transactions_paymentMethodId_fk` FOREIGN KEY (`paymentMethodId`) REFERENCES `craft_commerce_paymentmethods` (`id`) ON UPDATE CASCADE,
	ADD CONSTRAINT `craft_commerce_transactions_userId_fk` FOREIGN KEY (`userId`) REFERENCES `craft_users` (`id`) ON DELETE SET NULL;

--
-- Constraints for table `craft_commerce_variants`
--
ALTER TABLE `craft_commerce_variants`
	ADD CONSTRAINT `craft_commerce_variants_id_fk` FOREIGN KEY (`id`) REFERENCES `craft_elements` (`id`) ON DELETE CASCADE,
	ADD CONSTRAINT `craft_commerce_variants_productId_fk` FOREIGN KEY (`productId`) REFERENCES `craft_commerce_products` (`id`) ON DELETE SET NULL ON UPDATE CASCADE;

--
-- Constraints for table `craft_content`
--
ALTER TABLE `craft_content`
	ADD CONSTRAINT `craft_content_elementId_fk` FOREIGN KEY (`elementId`) REFERENCES `craft_elements` (`id`) ON DELETE CASCADE,
	ADD CONSTRAINT `craft_content_locale_fk` FOREIGN KEY (`locale`) REFERENCES `craft_locales` (`locale`) ON DELETE CASCADE ON UPDATE CASCADE;

--
-- Constraints for table `craft_elements_i18n`
--
ALTER TABLE `craft_elements_i18n`
	ADD CONSTRAINT `craft_elements_i18n_elementId_fk` FOREIGN KEY (`elementId`) REFERENCES `craft_elements` (`id`) ON DELETE CASCADE,
	ADD CONSTRAINT `craft_elements_i18n_locale_fk` FOREIGN KEY (`locale`) REFERENCES `craft_locales` (`locale`) ON DELETE CASCADE ON UPDATE CASCADE;

--
-- Constraints for table `craft_emailmessages`
--
ALTER TABLE `craft_emailmessages`
	ADD CONSTRAINT `craft_emailmessages_locale_fk` FOREIGN KEY (`locale`) REFERENCES `craft_locales` (`locale`) ON DELETE CASCADE ON UPDATE CASCADE;

--
-- Constraints for table `craft_entries`
--
ALTER TABLE `craft_entries`
	ADD CONSTRAINT `craft_entries_authorId_fk` FOREIGN KEY (`authorId`) REFERENCES `craft_users` (`id`) ON DELETE CASCADE,
	ADD CONSTRAINT `craft_entries_id_fk` FOREIGN KEY (`id`) REFERENCES `craft_elements` (`id`) ON DELETE CASCADE,
	ADD CONSTRAINT `craft_entries_sectionId_fk` FOREIGN KEY (`sectionId`) REFERENCES `craft_sections` (`id`) ON DELETE CASCADE,
	ADD CONSTRAINT `craft_entries_typeId_fk` FOREIGN KEY (`typeId`) REFERENCES `craft_entrytypes` (`id`) ON DELETE CASCADE;

--
-- Constraints for table `craft_entrydrafts`
--
ALTER TABLE `craft_entrydrafts`
	ADD CONSTRAINT `craft_entrydrafts_creatorId_fk` FOREIGN KEY (`creatorId`) REFERENCES `craft_users` (`id`) ON DELETE CASCADE,
	ADD CONSTRAINT `craft_entrydrafts_entryId_fk` FOREIGN KEY (`entryId`) REFERENCES `craft_entries` (`id`) ON DELETE CASCADE,
	ADD CONSTRAINT `craft_entrydrafts_locale_fk` FOREIGN KEY (`locale`) REFERENCES `craft_locales` (`locale`) ON DELETE CASCADE ON UPDATE CASCADE,
	ADD CONSTRAINT `craft_entrydrafts_sectionId_fk` FOREIGN KEY (`sectionId`) REFERENCES `craft_sections` (`id`) ON DELETE CASCADE;

--
-- Constraints for table `craft_entrytypes`
--
ALTER TABLE `craft_entrytypes`
	ADD CONSTRAINT `craft_entrytypes_fieldLayoutId_fk` FOREIGN KEY (`fieldLayoutId`) REFERENCES `craft_fieldlayouts` (`id`) ON DELETE SET NULL,
	ADD CONSTRAINT `craft_entrytypes_sectionId_fk` FOREIGN KEY (`sectionId`) REFERENCES `craft_sections` (`id`) ON DELETE CASCADE;

--
-- Constraints for table `craft_entryversions`
--
ALTER TABLE `craft_entryversions`
	ADD CONSTRAINT `craft_entryversions_creatorId_fk` FOREIGN KEY (`creatorId`) REFERENCES `craft_users` (`id`) ON DELETE SET NULL,
	ADD CONSTRAINT `craft_entryversions_entryId_fk` FOREIGN KEY (`entryId`) REFERENCES `craft_entries` (`id`) ON DELETE CASCADE,
	ADD CONSTRAINT `craft_entryversions_locale_fk` FOREIGN KEY (`locale`) REFERENCES `craft_locales` (`locale`) ON DELETE CASCADE ON UPDATE CASCADE,
	ADD CONSTRAINT `craft_entryversions_sectionId_fk` FOREIGN KEY (`sectionId`) REFERENCES `craft_sections` (`id`) ON DELETE CASCADE;

--
-- Constraints for table `craft_fieldlayoutfields`
--
ALTER TABLE `craft_fieldlayoutfields`
	ADD CONSTRAINT `craft_fieldlayoutfields_fieldId_fk` FOREIGN KEY (`fieldId`) REFERENCES `craft_fields` (`id`) ON DELETE CASCADE,
	ADD CONSTRAINT `craft_fieldlayoutfields_layoutId_fk` FOREIGN KEY (`layoutId`) REFERENCES `craft_fieldlayouts` (`id`) ON DELETE CASCADE,
	ADD CONSTRAINT `craft_fieldlayoutfields_tabId_fk` FOREIGN KEY (`tabId`) REFERENCES `craft_fieldlayouttabs` (`id`) ON DELETE CASCADE;

--
-- Constraints for table `craft_fieldlayouttabs`
--
ALTER TABLE `craft_fieldlayouttabs`
	ADD CONSTRAINT `craft_fieldlayouttabs_layoutId_fk` FOREIGN KEY (`layoutId`) REFERENCES `craft_fieldlayouts` (`id`) ON DELETE CASCADE;

--
-- Constraints for table `craft_fields`
--
ALTER TABLE `craft_fields`
	ADD CONSTRAINT `craft_fields_groupId_fk` FOREIGN KEY (`groupId`) REFERENCES `craft_fieldgroups` (`id`) ON DELETE CASCADE;

--
-- Constraints for table `craft_globalsets`
--
ALTER TABLE `craft_globalsets`
	ADD CONSTRAINT `craft_globalsets_fieldLayoutId_fk` FOREIGN KEY (`fieldLayoutId`) REFERENCES `craft_fieldlayouts` (`id`) ON DELETE SET NULL,
	ADD CONSTRAINT `craft_globalsets_id_fk` FOREIGN KEY (`id`) REFERENCES `craft_elements` (`id`) ON DELETE CASCADE;

--
-- Constraints for table `craft_matrixblocks`
--
ALTER TABLE `craft_matrixblocks`
	ADD CONSTRAINT `craft_matrixblocks_fieldId_fk` FOREIGN KEY (`fieldId`) REFERENCES `craft_fields` (`id`) ON DELETE CASCADE,
	ADD CONSTRAINT `craft_matrixblocks_id_fk` FOREIGN KEY (`id`) REFERENCES `craft_elements` (`id`) ON DELETE CASCADE,
	ADD CONSTRAINT `craft_matrixblocks_ownerId_fk` FOREIGN KEY (`ownerId`) REFERENCES `craft_elements` (`id`) ON DELETE CASCADE,
	ADD CONSTRAINT `craft_matrixblocks_ownerLocale_fk` FOREIGN KEY (`ownerLocale`) REFERENCES `craft_locales` (`locale`) ON DELETE CASCADE ON UPDATE CASCADE,
	ADD CONSTRAINT `craft_matrixblocks_typeId_fk` FOREIGN KEY (`typeId`) REFERENCES `craft_matrixblocktypes` (`id`) ON DELETE CASCADE;

--
-- Constraints for table `craft_matrixblocktypes`
--
ALTER TABLE `craft_matrixblocktypes`
	ADD CONSTRAINT `craft_matrixblocktypes_fieldId_fk` FOREIGN KEY (`fieldId`) REFERENCES `craft_fields` (`id`) ON DELETE CASCADE,
	ADD CONSTRAINT `craft_matrixblocktypes_fieldLayoutId_fk` FOREIGN KEY (`fieldLayoutId`) REFERENCES `craft_fieldlayouts` (`id`) ON DELETE SET NULL;

--
-- Constraints for table `craft_matrixcontent_comments`
--
ALTER TABLE `craft_matrixcontent_comments`
	ADD CONSTRAINT `craft_matrixcontent_comments_elementId_fk` FOREIGN KEY (`elementId`) REFERENCES `craft_elements` (`id`) ON DELETE CASCADE,
	ADD CONSTRAINT `craft_matrixcontent_comments_locale_fk` FOREIGN KEY (`locale`) REFERENCES `craft_locales` (`locale`) ON DELETE CASCADE ON UPDATE CASCADE;

--
-- Constraints for table `craft_matrixcontent_menucolumnfour`
--
ALTER TABLE `craft_matrixcontent_menucolumnfour`
	ADD CONSTRAINT `craft_matrixcontent_menucolumnfour_elementId_fk` FOREIGN KEY (`elementId`) REFERENCES `craft_elements` (`id`) ON DELETE CASCADE,
	ADD CONSTRAINT `craft_matrixcontent_menucolumnfour_locale_fk` FOREIGN KEY (`locale`) REFERENCES `craft_locales` (`locale`) ON DELETE CASCADE ON UPDATE CASCADE;

--
-- Constraints for table `craft_matrixcontent_menucolumnone`
--
ALTER TABLE `craft_matrixcontent_menucolumnone`
	ADD CONSTRAINT `craft_matrixcontent_menucolumnone_elementId_fk` FOREIGN KEY (`elementId`) REFERENCES `craft_elements` (`id`) ON DELETE CASCADE,
	ADD CONSTRAINT `craft_matrixcontent_menucolumnone_locale_fk` FOREIGN KEY (`locale`) REFERENCES `craft_locales` (`locale`) ON DELETE CASCADE ON UPDATE CASCADE;

--
-- Constraints for table `craft_matrixcontent_menucolumnthree`
--
ALTER TABLE `craft_matrixcontent_menucolumnthree`
	ADD CONSTRAINT `craft_matrixcontent_menucolumnthree_elementId_fk` FOREIGN KEY (`elementId`) REFERENCES `craft_elements` (`id`) ON DELETE CASCADE,
	ADD CONSTRAINT `craft_matrixcontent_menucolumnthree_locale_fk` FOREIGN KEY (`locale`) REFERENCES `craft_locales` (`locale`) ON DELETE CASCADE ON UPDATE CASCADE;

--
-- Constraints for table `craft_matrixcontent_menucolumntwo`
--
ALTER TABLE `craft_matrixcontent_menucolumntwo`
	ADD CONSTRAINT `craft_matrixcontent_menucolumntwo_elementId_fk` FOREIGN KEY (`elementId`) REFERENCES `craft_elements` (`id`) ON DELETE CASCADE,
	ADD CONSTRAINT `craft_matrixcontent_menucolumntwo_locale_fk` FOREIGN KEY (`locale`) REFERENCES `craft_locales` (`locale`) ON DELETE CASCADE ON UPDATE CASCADE;

--
-- Constraints for table `craft_matrixcontent_press`
--
ALTER TABLE `craft_matrixcontent_press`
	ADD CONSTRAINT `craft_matrixcontent_press_elementId_fk` FOREIGN KEY (`elementId`) REFERENCES `craft_elements` (`id`) ON DELETE CASCADE,
	ADD CONSTRAINT `craft_matrixcontent_press_locale_fk` FOREIGN KEY (`locale`) REFERENCES `craft_locales` (`locale`) ON DELETE CASCADE ON UPDATE CASCADE;

--
-- Constraints for table `craft_matrixcontent_videoslideshow`
--
ALTER TABLE `craft_matrixcontent_videoslideshow`
	ADD CONSTRAINT `craft_matrixcontent_videoslideshow_elementId_fk` FOREIGN KEY (`elementId`) REFERENCES `craft_elements` (`id`) ON DELETE CASCADE,
	ADD CONSTRAINT `craft_matrixcontent_videoslideshow_locale_fk` FOREIGN KEY (`locale`) REFERENCES `craft_locales` (`locale`) ON DELETE CASCADE ON UPDATE CASCADE;

--
-- Constraints for table `craft_migrations`
--
ALTER TABLE `craft_migrations`
	ADD CONSTRAINT `craft_migrations_pluginId_fk` FOREIGN KEY (`pluginId`) REFERENCES `craft_plugins` (`id`) ON DELETE CASCADE;

--
-- Constraints for table `craft_relations`
--
ALTER TABLE `craft_relations`
	ADD CONSTRAINT `craft_relations_fieldId_fk` FOREIGN KEY (`fieldId`) REFERENCES `craft_fields` (`id`) ON DELETE CASCADE,
	ADD CONSTRAINT `craft_relations_sourceId_fk` FOREIGN KEY (`sourceId`) REFERENCES `craft_elements` (`id`) ON DELETE CASCADE,
	ADD CONSTRAINT `craft_relations_sourceLocale_fk` FOREIGN KEY (`sourceLocale`) REFERENCES `craft_locales` (`locale`) ON DELETE CASCADE ON UPDATE CASCADE,
	ADD CONSTRAINT `craft_relations_targetId_fk` FOREIGN KEY (`targetId`) REFERENCES `craft_elements` (`id`) ON DELETE CASCADE;

--
-- Constraints for table `craft_routes`
--
ALTER TABLE `craft_routes`
	ADD CONSTRAINT `craft_routes_locale_fk` FOREIGN KEY (`locale`) REFERENCES `craft_locales` (`locale`) ON DELETE CASCADE ON UPDATE CASCADE;

--
-- Constraints for table `craft_sections`
--
ALTER TABLE `craft_sections`
	ADD CONSTRAINT `craft_sections_structureId_fk` FOREIGN KEY (`structureId`) REFERENCES `craft_structures` (`id`) ON DELETE SET NULL;

--
-- Constraints for table `craft_sections_i18n`
--
ALTER TABLE `craft_sections_i18n`
	ADD CONSTRAINT `craft_sections_i18n_locale_fk` FOREIGN KEY (`locale`) REFERENCES `craft_locales` (`locale`) ON DELETE CASCADE ON UPDATE CASCADE,
	ADD CONSTRAINT `craft_sections_i18n_sectionId_fk` FOREIGN KEY (`sectionId`) REFERENCES `craft_sections` (`id`) ON DELETE CASCADE;

--
-- Constraints for table `craft_sessions`
--
ALTER TABLE `craft_sessions`
	ADD CONSTRAINT `craft_sessions_userId_fk` FOREIGN KEY (`userId`) REFERENCES `craft_users` (`id`) ON DELETE CASCADE;

--
-- Constraints for table `craft_shunnedmessages`
--
ALTER TABLE `craft_shunnedmessages`
	ADD CONSTRAINT `craft_shunnedmessages_userId_fk` FOREIGN KEY (`userId`) REFERENCES `craft_users` (`id`) ON DELETE CASCADE;

--
-- Constraints for table `craft_structureelements`
--
ALTER TABLE `craft_structureelements`
	ADD CONSTRAINT `craft_structureelements_elementId_fk` FOREIGN KEY (`elementId`) REFERENCES `craft_elements` (`id`) ON DELETE CASCADE,
	ADD CONSTRAINT `craft_structureelements_structureId_fk` FOREIGN KEY (`structureId`) REFERENCES `craft_structures` (`id`) ON DELETE CASCADE;

--
-- Constraints for table `craft_taggroups`
--
ALTER TABLE `craft_taggroups`
	ADD CONSTRAINT `craft_taggroups_fieldLayoutId_fk` FOREIGN KEY (`fieldLayoutId`) REFERENCES `craft_fieldlayouts` (`id`) ON DELETE SET NULL;

--
-- Constraints for table `craft_tags`
--
ALTER TABLE `craft_tags`
	ADD CONSTRAINT `craft_tags_groupId_fk` FOREIGN KEY (`groupId`) REFERENCES `craft_taggroups` (`id`) ON DELETE CASCADE,
	ADD CONSTRAINT `craft_tags_id_fk` FOREIGN KEY (`id`) REFERENCES `craft_elements` (`id`) ON DELETE CASCADE;

--
-- Constraints for table `craft_templatecachecriteria`
--
ALTER TABLE `craft_templatecachecriteria`
	ADD CONSTRAINT `craft_templatecachecriteria_cacheId_fk` FOREIGN KEY (`cacheId`) REFERENCES `craft_templatecaches` (`id`) ON DELETE CASCADE;

--
-- Constraints for table `craft_templatecacheelements`
--
ALTER TABLE `craft_templatecacheelements`
	ADD CONSTRAINT `craft_templatecacheelements_cacheId_fk` FOREIGN KEY (`cacheId`) REFERENCES `craft_templatecaches` (`id`) ON DELETE CASCADE,
	ADD CONSTRAINT `craft_templatecacheelements_elementId_fk` FOREIGN KEY (`elementId`) REFERENCES `craft_elements` (`id`) ON DELETE CASCADE;

--
-- Constraints for table `craft_templatecaches`
--
ALTER TABLE `craft_templatecaches`
	ADD CONSTRAINT `craft_templatecaches_locale_fk` FOREIGN KEY (`locale`) REFERENCES `craft_locales` (`locale`) ON DELETE CASCADE ON UPDATE CASCADE;

--
-- Constraints for table `craft_usergroups_users`
--
ALTER TABLE `craft_usergroups_users`
	ADD CONSTRAINT `craft_usergroups_users_groupId_fk` FOREIGN KEY (`groupId`) REFERENCES `craft_usergroups` (`id`) ON DELETE CASCADE,
	ADD CONSTRAINT `craft_usergroups_users_userId_fk` FOREIGN KEY (`userId`) REFERENCES `craft_users` (`id`) ON DELETE CASCADE;

--
-- Constraints for table `craft_userpermissions_usergroups`
--
ALTER TABLE `craft_userpermissions_usergroups`
	ADD CONSTRAINT `craft_userpermissions_usergroups_groupId_fk` FOREIGN KEY (`groupId`) REFERENCES `craft_usergroups` (`id`) ON DELETE CASCADE,
	ADD CONSTRAINT `craft_userpermissions_usergroups_permissionId_fk` FOREIGN KEY (`permissionId`) REFERENCES `craft_userpermissions` (`id`) ON DELETE CASCADE;

--
-- Constraints for table `craft_userpermissions_users`
--
ALTER TABLE `craft_userpermissions_users`
	ADD CONSTRAINT `craft_userpermissions_users_permissionId_fk` FOREIGN KEY (`permissionId`) REFERENCES `craft_userpermissions` (`id`) ON DELETE CASCADE,
	ADD CONSTRAINT `craft_userpermissions_users_userId_fk` FOREIGN KEY (`userId`) REFERENCES `craft_users` (`id`) ON DELETE CASCADE;

--
-- Constraints for table `craft_users`
--
ALTER TABLE `craft_users`
	ADD CONSTRAINT `craft_users_id_fk` FOREIGN KEY (`id`) REFERENCES `craft_elements` (`id`) ON DELETE CASCADE,
	ADD CONSTRAINT `craft_users_preferredLocale_fk` FOREIGN KEY (`preferredLocale`) REFERENCES `craft_locales` (`locale`) ON DELETE SET NULL ON UPDATE CASCADE;

--
-- Constraints for table `craft_widgets`
--
ALTER TABLE `craft_widgets`
	ADD CONSTRAINT `craft_widgets_userId_fk` FOREIGN KEY (`userId`) REFERENCES `craft_users` (`id`) ON DELETE CASCADE;

SET FOREIGN_KEY_CHECKS = 1;
